scheme,fold_id,cohort,scenario,phase,identity,N,T,F,U,FAILED,EMPTY_MODEL,defined
APP_FULL,WEBGL1-LOEO-v1-01,memory,ALL,ALL,NORMAL,48,0,48,0,0,0,48
APP_FULL,WEBGL1-LOEO-v1-01,memory,ALL,ALL,EFFECTIVE_INTERVENTION,18,18,0,0,0,0,18
APP_FULL,WEBGL1-LOEO-v1-01,memory,ALL,ALL,NO_OBSERVABLE_EFFECT,6,0,6,0,0,0,6
APP_FULL,WEBGL1-LOEO-v1-01,memory,ALL,attack,EFFECTIVE_INTERVENTION,18,18,0,0,0,0,18
APP_FULL,WEBGL1-LOEO-v1-01,memory,ALL,attack,NO_OBSERVABLE_EFFECT,6,0,6,0,0,0,6
APP_FULL,WEBGL1-LOEO-v1-01,memory,ALL,clean_pre,NORMAL,24,0,24,0,0,0,24
APP_FULL,WEBGL1-LOEO-v1-01,memory,ALL,clean_post,NORMAL,24,0,24,0,0,0,24
APP_FULL,WEBGL1-LOEO-v1-01,memory,memory_16GiB,ALL,NORMAL,12,0,12,0,0,0,12
APP_FULL,WEBGL1-LOEO-v1-01,memory,memory_16GiB,ALL,EFFECTIVE_INTERVENTION,6,6,0,0,0,0,6
APP_FULL,WEBGL1-LOEO-v1-01,memory,memory_16GiB,attack,EFFECTIVE_INTERVENTION,6,6,0,0,0,0,6
APP_FULL,WEBGL1-LOEO-v1-01,memory,memory_16GiB,clean_pre,NORMAL,6,0,6,0,0,0,6
APP_FULL,WEBGL1-LOEO-v1-01,memory,memory_16GiB,clean_post,NORMAL,6,0,6,0,0,0,6
APP_FULL,WEBGL1-LOEO-v1-01,memory,memory_2GiB,ALL,NORMAL,12,0,12,0,0,0,12
APP_FULL,WEBGL1-LOEO-v1-01,memory,memory_2GiB,ALL,NO_OBSERVABLE_EFFECT,6,0,6,0,0,0,6
APP_FULL,WEBGL1-LOEO-v1-01,memory,memory_2GiB,attack,NO_OBSERVABLE_EFFECT,6,0,6,0,0,0,6
APP_FULL,WEBGL1-LOEO-v1-01,memory,memory_2GiB,clean_pre,NORMAL,6,0,6,0,0,0,6
APP_FULL,WEBGL1-LOEO-v1-01,memory,memory_2GiB,clean_post,NORMAL,6,0,6,0,0,0,6
APP_FULL,WEBGL1-LOEO-v1-01,memory,memory_4GiB,ALL,NORMAL,12,0,12,0,0,0,12
APP_FULL,WEBGL1-LOEO-v1-01,memory,memory_4GiB,ALL,EFFECTIVE_INTERVENTION,6,6,0,0,0,0,6
APP_FULL,WEBGL1-LOEO-v1-01,memory,memory_4GiB,attack,EFFECTIVE_INTERVENTION,6,6,0,0,0,0,6
APP_FULL,WEBGL1-LOEO-v1-01,memory,memory_4GiB,clean_pre,NORMAL,6,0,6,0,0,0,6
APP_FULL,WEBGL1-LOEO-v1-01,memory,memory_4GiB,clean_post,NORMAL,6,0,6,0,0,0,6
APP_FULL,WEBGL1-LOEO-v1-01,memory,memory_8GiB,ALL,NORMAL,12,0,12,0,0,0,12
APP_FULL,WEBGL1-LOEO-v1-01,memory,memory_8GiB,ALL,EFFECTIVE_INTERVENTION,6,6,0,0,0,0,6
APP_FULL,WEBGL1-LOEO-v1-01,memory,memory_8GiB,attack,EFFECTIVE_INTERVENTION,6,6,0,0,0,0,6
APP_FULL,WEBGL1-LOEO-v1-01,memory,memory_8GiB,clean_pre,NORMAL,6,0,6,0,0,0,6
APP_FULL,WEBGL1-LOEO-v1-01,memory,memory_8GiB,clean_post,NORMAL,6,0,6,0,0,0,6
APP_FULL,WEBGL1-LOEO-v1-01,timezone,ALL,ALL,NORMAL,30,0,30,0,0,0,30
APP_FULL,WEBGL1-LOEO-v1-01,timezone,ALL,ALL,EFFECTIVE_INTERVENTION,6,6,0,0,0,0,6
APP_FULL,WEBGL1-LOEO-v1-01,timezone,ALL,change,NORMAL,6,0,6,0,0,0,6
APP_FULL,WEBGL1-LOEO-v1-01,timezone,ALL,change,EFFECTIVE_INTERVENTION,6,6,0,0,0,0,6
APP_FULL,WEBGL1-LOEO-v1-01,timezone,ALL,clean_pre,NORMAL,12,0,12,0,0,0,12
APP_FULL,WEBGL1-LOEO-v1-01,timezone,ALL,clean_post,NORMAL,12,0,12,0,0,0,12
APP_FULL,WEBGL1-LOEO-v1-01,timezone,A_America/Los_Angeles,ALL,NORMAL,6,0,6,0,0,0,6
APP_FULL,WEBGL1-LOEO-v1-01,timezone,A_America/Los_Angeles,ALL,EFFECTIVE_INTERVENTION,3,3,0,0,0,0,3
APP_FULL,WEBGL1-LOEO-v1-01,timezone,A_America/Los_Angeles,change,EFFECTIVE_INTERVENTION,3,3,0,0,0,0,3
APP_FULL,WEBGL1-LOEO-v1-01,timezone,A_America/Los_Angeles,clean_pre,NORMAL,3,0,3,0,0,0,3
APP_FULL,WEBGL1-LOEO-v1-01,timezone,A_America/Los_Angeles,clean_post,NORMAL,3,0,3,0,0,0,3
APP_FULL,WEBGL1-LOEO-v1-01,timezone,A_UTC,ALL,NORMAL,6,0,6,0,0,0,6
APP_FULL,WEBGL1-LOEO-v1-01,timezone,A_UTC,ALL,EFFECTIVE_INTERVENTION,3,3,0,0,0,0,3
APP_FULL,WEBGL1-LOEO-v1-01,timezone,A_UTC,change,EFFECTIVE_INTERVENTION,3,3,0,0,0,0,3
APP_FULL,WEBGL1-LOEO-v1-01,timezone,A_UTC,clean_pre,NORMAL,3,0,3,0,0,0,3
APP_FULL,WEBGL1-LOEO-v1-01,timezone,A_UTC,clean_post,NORMAL,3,0,3,0,0,0,3
APP_FULL,WEBGL1-LOEO-v1-01,timezone,L_America/Los_Angeles,ALL,NORMAL,9,0,9,0,0,0,9
APP_FULL,WEBGL1-LOEO-v1-01,timezone,L_America/Los_Angeles,change,NORMAL,3,0,3,0,0,0,3
APP_FULL,WEBGL1-LOEO-v1-01,timezone,L_America/Los_Angeles,clean_pre,NORMAL,3,0,3,0,0,0,3
APP_FULL,WEBGL1-LOEO-v1-01,timezone,L_America/Los_Angeles,clean_post,NORMAL,3,0,3,0,0,0,3
APP_FULL,WEBGL1-LOEO-v1-01,timezone,L_UTC,ALL,NORMAL,9,0,9,0,0,0,9
APP_FULL,WEBGL1-LOEO-v1-01,timezone,L_UTC,change,NORMAL,3,0,3,0,0,0,3
APP_FULL,WEBGL1-LOEO-v1-01,timezone,L_UTC,clean_pre,NORMAL,3,0,3,0,0,0,3
APP_FULL,WEBGL1-LOEO-v1-01,timezone,L_UTC,clean_post,NORMAL,3,0,3,0,0,0,3
APP_FULL,WEBGL1-LOEO-v1-01,screen,ALL,ALL,NORMAL,66,6,60,0,0,0,66
APP_FULL,WEBGL1-LOEO-v1-01,screen,ALL,ALL,EFFECTIVE_INTERVENTION,6,6,0,0,0,0,6
APP_FULL,WEBGL1-LOEO-v1-01,screen,ALL,change,NORMAL,18,6,12,0,0,0,18
APP_FULL,WEBGL1-LOEO-v1-01,screen,ALL,change,EFFECTIVE_INTERVENTION,6,6,0,0,0,0,6
APP_FULL,WEBGL1-LOEO-v1-01,screen,ALL,clean_pre,NORMAL,24,0,24,0,0,0,24
APP_FULL,WEBGL1-LOEO-v1-01,screen,ALL,clean_post,NORMAL,24,0,24,0,0,0,24
APP_FULL,WEBGL1-LOEO-v1-01,screen,A_screen,ALL,NORMAL,12,0,12,0,0,0,12
APP_FULL,WEBGL1-LOEO-v1-01,screen,A_screen,ALL,EFFECTIVE_INTERVENTION,6,6,0,0,0,0,6
APP_FULL,WEBGL1-LOEO-v1-01,screen,A_screen,change,EFFECTIVE_INTERVENTION,6,6,0,0,0,0,6
APP_FULL,WEBGL1-LOEO-v1-01,screen,A_screen,clean_pre,NORMAL,6,0,6,0,0,0,6
APP_FULL,WEBGL1-LOEO-v1-01,screen,A_screen,clean_post,NORMAL,6,0,6,0,0,0,6
APP_FULL,WEBGL1-LOEO-v1-01,screen,L1_screen,ALL,NORMAL,18,0,18,0,0,0,18
APP_FULL,WEBGL1-LOEO-v1-01,screen,L1_screen,change,NORMAL,6,0,6,0,0,0,6
APP_FULL,WEBGL1-LOEO-v1-01,screen,L1_screen,clean_pre,NORMAL,6,0,6,0,0,0,6
APP_FULL,WEBGL1-LOEO-v1-01,screen,L1_screen,clean_post,NORMAL,6,0,6,0,0,0,6
APP_FULL,WEBGL1-LOEO-v1-01,screen,L2_screen,ALL,NORMAL,18,6,12,0,0,0,18
APP_FULL,WEBGL1-LOEO-v1-01,screen,L2_screen,change,NORMAL,6,6,0,0,0,0,6
APP_FULL,WEBGL1-LOEO-v1-01,screen,L2_screen,clean_pre,NORMAL,6,0,6,0,0,0,6
APP_FULL,WEBGL1-LOEO-v1-01,screen,L2_screen,clean_post,NORMAL,6,0,6,0,0,0,6
APP_FULL,WEBGL1-LOEO-v1-01,screen,L3_screen,ALL,NORMAL,18,0,18,0,0,0,18
APP_FULL,WEBGL1-LOEO-v1-01,screen,L3_screen,change,NORMAL,6,0,6,0,0,0,6
APP_FULL,WEBGL1-LOEO-v1-01,screen,L3_screen,clean_pre,NORMAL,6,0,6,0,0,0,6
APP_FULL,WEBGL1-LOEO-v1-01,screen,L3_screen,clean_post,NORMAL,6,0,6,0,0,0,6
APP_FULL,WEBGL1-LOEO-v1-02,memory,ALL,ALL,NORMAL,48,0,48,0,0,0,48
APP_FULL,WEBGL1-LOEO-v1-02,memory,ALL,ALL,EFFECTIVE_INTERVENTION,18,18,0,0,0,0,18
APP_FULL,WEBGL1-LOEO-v1-02,memory,ALL,ALL,NO_OBSERVABLE_EFFECT,6,0,6,0,0,0,6
APP_FULL,WEBGL1-LOEO-v1-02,memory,ALL,attack,EFFECTIVE_INTERVENTION,18,18,0,0,0,0,18
APP_FULL,WEBGL1-LOEO-v1-02,memory,ALL,attack,NO_OBSERVABLE_EFFECT,6,0,6,0,0,0,6
APP_FULL,WEBGL1-LOEO-v1-02,memory,ALL,clean_pre,NORMAL,24,0,24,0,0,0,24
APP_FULL,WEBGL1-LOEO-v1-02,memory,ALL,clean_post,NORMAL,24,0,24,0,0,0,24
APP_FULL,WEBGL1-LOEO-v1-02,memory,memory_16GiB,ALL,NORMAL,12,0,12,0,0,0,12
APP_FULL,WEBGL1-LOEO-v1-02,memory,memory_16GiB,ALL,EFFECTIVE_INTERVENTION,6,6,0,0,0,0,6
APP_FULL,WEBGL1-LOEO-v1-02,memory,memory_16GiB,attack,EFFECTIVE_INTERVENTION,6,6,0,0,0,0,6
APP_FULL,WEBGL1-LOEO-v1-02,memory,memory_16GiB,clean_pre,NORMAL,6,0,6,0,0,0,6
APP_FULL,WEBGL1-LOEO-v1-02,memory,memory_16GiB,clean_post,NORMAL,6,0,6,0,0,0,6
APP_FULL,WEBGL1-LOEO-v1-02,memory,memory_2GiB,ALL,NORMAL,12,0,12,0,0,0,12
APP_FULL,WEBGL1-LOEO-v1-02,memory,memory_2GiB,ALL,NO_OBSERVABLE_EFFECT,6,0,6,0,0,0,6
APP_FULL,WEBGL1-LOEO-v1-02,memory,memory_2GiB,attack,NO_OBSERVABLE_EFFECT,6,0,6,0,0,0,6
APP_FULL,WEBGL1-LOEO-v1-02,memory,memory_2GiB,clean_pre,NORMAL,6,0,6,0,0,0,6
APP_FULL,WEBGL1-LOEO-v1-02,memory,memory_2GiB,clean_post,NORMAL,6,0,6,0,0,0,6
APP_FULL,WEBGL1-LOEO-v1-02,memory,memory_4GiB,ALL,NORMAL,12,0,12,0,0,0,12
APP_FULL,WEBGL1-LOEO-v1-02,memory,memory_4GiB,ALL,EFFECTIVE_INTERVENTION,6,6,0,0,0,0,6
APP_FULL,WEBGL1-LOEO-v1-02,memory,memory_4GiB,attack,EFFECTIVE_INTERVENTION,6,6,0,0,0,0,6
APP_FULL,WEBGL1-LOEO-v1-02,memory,memory_4GiB,clean_pre,NORMAL,6,0,6,0,0,0,6
APP_FULL,WEBGL1-LOEO-v1-02,memory,memory_4GiB,clean_post,NORMAL,6,0,6,0,0,0,6
APP_FULL,WEBGL1-LOEO-v1-02,memory,memory_8GiB,ALL,NORMAL,12,0,12,0,0,0,12
APP_FULL,WEBGL1-LOEO-v1-02,memory,memory_8GiB,ALL,EFFECTIVE_INTERVENTION,6,6,0,0,0,0,6
APP_FULL,WEBGL1-LOEO-v1-02,memory,memory_8GiB,attack,EFFECTIVE_INTERVENTION,6,6,0,0,0,0,6
APP_FULL,WEBGL1-LOEO-v1-02,memory,memory_8GiB,clean_pre,NORMAL,6,0,6,0,0,0,6
APP_FULL,WEBGL1-LOEO-v1-02,memory,memory_8GiB,clean_post,NORMAL,6,0,6,0,0,0,6
APP_FULL,WEBGL1-LOEO-v1-02,timezone,ALL,ALL,NORMAL,30,0,30,0,0,0,30
APP_FULL,WEBGL1-LOEO-v1-02,timezone,ALL,ALL,EFFECTIVE_INTERVENTION,6,6,0,0,0,0,6
APP_FULL,WEBGL1-LOEO-v1-02,timezone,ALL,change,NORMAL,6,0,6,0,0,0,6
APP_FULL,WEBGL1-LOEO-v1-02,timezone,ALL,change,EFFECTIVE_INTERVENTION,6,6,0,0,0,0,6
APP_FULL,WEBGL1-LOEO-v1-02,timezone,ALL,clean_pre,NORMAL,12,0,12,0,0,0,12
APP_FULL,WEBGL1-LOEO-v1-02,timezone,ALL,clean_post,NORMAL,12,0,12,0,0,0,12
APP_FULL,WEBGL1-LOEO-v1-02,timezone,A_America/Los_Angeles,ALL,NORMAL,6,0,6,0,0,0,6
APP_FULL,WEBGL1-LOEO-v1-02,timezone,A_America/Los_Angeles,ALL,EFFECTIVE_INTERVENTION,3,3,0,0,0,0,3
APP_FULL,WEBGL1-LOEO-v1-02,timezone,A_America/Los_Angeles,change,EFFECTIVE_INTERVENTION,3,3,0,0,0,0,3
APP_FULL,WEBGL1-LOEO-v1-02,timezone,A_America/Los_Angeles,clean_pre,NORMAL,3,0,3,0,0,0,3
APP_FULL,WEBGL1-LOEO-v1-02,timezone,A_America/Los_Angeles,clean_post,NORMAL,3,0,3,0,0,0,3
APP_FULL,WEBGL1-LOEO-v1-02,timezone,A_UTC,ALL,NORMAL,6,0,6,0,0,0,6
APP_FULL,WEBGL1-LOEO-v1-02,timezone,A_UTC,ALL,EFFECTIVE_INTERVENTION,3,3,0,0,0,0,3
APP_FULL,WEBGL1-LOEO-v1-02,timezone,A_UTC,change,EFFECTIVE_INTERVENTION,3,3,0,0,0,0,3
APP_FULL,WEBGL1-LOEO-v1-02,timezone,A_UTC,clean_pre,NORMAL,3,0,3,0,0,0,3
APP_FULL,WEBGL1-LOEO-v1-02,timezone,A_UTC,clean_post,NORMAL,3,0,3,0,0,0,3
APP_FULL,WEBGL1-LOEO-v1-02,timezone,L_America/Los_Angeles,ALL,NORMAL,9,0,9,0,0,0,9
APP_FULL,WEBGL1-LOEO-v1-02,timezone,L_America/Los_Angeles,change,NORMAL,3,0,3,0,0,0,3
APP_FULL,WEBGL1-LOEO-v1-02,timezone,L_America/Los_Angeles,clean_pre,NORMAL,3,0,3,0,0,0,3
APP_FULL,WEBGL1-LOEO-v1-02,timezone,L_America/Los_Angeles,clean_post,NORMAL,3,0,3,0,0,0,3
APP_FULL,WEBGL1-LOEO-v1-02,timezone,L_UTC,ALL,NORMAL,9,0,9,0,0,0,9
APP_FULL,WEBGL1-LOEO-v1-02,timezone,L_UTC,change,NORMAL,3,0,3,0,0,0,3
APP_FULL,WEBGL1-LOEO-v1-02,timezone,L_UTC,clean_pre,NORMAL,3,0,3,0,0,0,3
APP_FULL,WEBGL1-LOEO-v1-02,timezone,L_UTC,clean_post,NORMAL,3,0,3,0,0,0,3
APP_FULL,WEBGL1-LOEO-v1-02,screen,ALL,ALL,NORMAL,66,6,60,0,0,0,66
APP_FULL,WEBGL1-LOEO-v1-02,screen,ALL,ALL,EFFECTIVE_INTERVENTION,6,6,0,0,0,0,6
APP_FULL,WEBGL1-LOEO-v1-02,screen,ALL,change,NORMAL,18,6,12,0,0,0,18
APP_FULL,WEBGL1-LOEO-v1-02,screen,ALL,change,EFFECTIVE_INTERVENTION,6,6,0,0,0,0,6
APP_FULL,WEBGL1-LOEO-v1-02,screen,ALL,clean_pre,NORMAL,24,0,24,0,0,0,24
APP_FULL,WEBGL1-LOEO-v1-02,screen,ALL,clean_post,NORMAL,24,0,24,0,0,0,24
APP_FULL,WEBGL1-LOEO-v1-02,screen,A_screen,ALL,NORMAL,12,0,12,0,0,0,12
APP_FULL,WEBGL1-LOEO-v1-02,screen,A_screen,ALL,EFFECTIVE_INTERVENTION,6,6,0,0,0,0,6
APP_FULL,WEBGL1-LOEO-v1-02,screen,A_screen,change,EFFECTIVE_INTERVENTION,6,6,0,0,0,0,6
APP_FULL,WEBGL1-LOEO-v1-02,screen,A_screen,clean_pre,NORMAL,6,0,6,0,0,0,6
APP_FULL,WEBGL1-LOEO-v1-02,screen,A_screen,clean_post,NORMAL,6,0,6,0,0,0,6
APP_FULL,WEBGL1-LOEO-v1-02,screen,L1_screen,ALL,NORMAL,18,0,18,0,0,0,18
APP_FULL,WEBGL1-LOEO-v1-02,screen,L1_screen,change,NORMAL,6,0,6,0,0,0,6
APP_FULL,WEBGL1-LOEO-v1-02,screen,L1_screen,clean_pre,NORMAL,6,0,6,0,0,0,6
APP_FULL,WEBGL1-LOEO-v1-02,screen,L1_screen,clean_post,NORMAL,6,0,6,0,0,0,6
APP_FULL,WEBGL1-LOEO-v1-02,screen,L2_screen,ALL,NORMAL,18,6,12,0,0,0,18
APP_FULL,WEBGL1-LOEO-v1-02,screen,L2_screen,change,NORMAL,6,6,0,0,0,0,6
APP_FULL,WEBGL1-LOEO-v1-02,screen,L2_screen,clean_pre,NORMAL,6,0,6,0,0,0,6
APP_FULL,WEBGL1-LOEO-v1-02,screen,L2_screen,clean_post,NORMAL,6,0,6,0,0,0,6
APP_FULL,WEBGL1-LOEO-v1-02,screen,L3_screen,ALL,NORMAL,18,0,18,0,0,0,18
APP_FULL,WEBGL1-LOEO-v1-02,screen,L3_screen,change,NORMAL,6,0,6,0,0,0,6
APP_FULL,WEBGL1-LOEO-v1-02,screen,L3_screen,clean_pre,NORMAL,6,0,6,0,0,0,6
APP_FULL,WEBGL1-LOEO-v1-02,screen,L3_screen,clean_post,NORMAL,6,0,6,0,0,0,6
APP_FULL,WEBGL1-LOEO-v1-03,memory,ALL,ALL,NORMAL,48,0,48,0,0,0,48
APP_FULL,WEBGL1-LOEO-v1-03,memory,ALL,ALL,EFFECTIVE_INTERVENTION,18,18,0,0,0,0,18
APP_FULL,WEBGL1-LOEO-v1-03,memory,ALL,ALL,NO_OBSERVABLE_EFFECT,6,0,6,0,0,0,6
APP_FULL,WEBGL1-LOEO-v1-03,memory,ALL,attack,EFFECTIVE_INTERVENTION,18,18,0,0,0,0,18
APP_FULL,WEBGL1-LOEO-v1-03,memory,ALL,attack,NO_OBSERVABLE_EFFECT,6,0,6,0,0,0,6
APP_FULL,WEBGL1-LOEO-v1-03,memory,ALL,clean_pre,NORMAL,24,0,24,0,0,0,24
APP_FULL,WEBGL1-LOEO-v1-03,memory,ALL,clean_post,NORMAL,24,0,24,0,0,0,24
APP_FULL,WEBGL1-LOEO-v1-03,memory,memory_16GiB,ALL,NORMAL,12,0,12,0,0,0,12
APP_FULL,WEBGL1-LOEO-v1-03,memory,memory_16GiB,ALL,EFFECTIVE_INTERVENTION,6,6,0,0,0,0,6
APP_FULL,WEBGL1-LOEO-v1-03,memory,memory_16GiB,attack,EFFECTIVE_INTERVENTION,6,6,0,0,0,0,6
APP_FULL,WEBGL1-LOEO-v1-03,memory,memory_16GiB,clean_pre,NORMAL,6,0,6,0,0,0,6
APP_FULL,WEBGL1-LOEO-v1-03,memory,memory_16GiB,clean_post,NORMAL,6,0,6,0,0,0,6
APP_FULL,WEBGL1-LOEO-v1-03,memory,memory_2GiB,ALL,NORMAL,12,0,12,0,0,0,12
APP_FULL,WEBGL1-LOEO-v1-03,memory,memory_2GiB,ALL,NO_OBSERVABLE_EFFECT,6,0,6,0,0,0,6
APP_FULL,WEBGL1-LOEO-v1-03,memory,memory_2GiB,attack,NO_OBSERVABLE_EFFECT,6,0,6,0,0,0,6
APP_FULL,WEBGL1-LOEO-v1-03,memory,memory_2GiB,clean_pre,NORMAL,6,0,6,0,0,0,6
APP_FULL,WEBGL1-LOEO-v1-03,memory,memory_2GiB,clean_post,NORMAL,6,0,6,0,0,0,6
APP_FULL,WEBGL1-LOEO-v1-03,memory,memory_4GiB,ALL,NORMAL,12,0,12,0,0,0,12
APP_FULL,WEBGL1-LOEO-v1-03,memory,memory_4GiB,ALL,EFFECTIVE_INTERVENTION,6,6,0,0,0,0,6
APP_FULL,WEBGL1-LOEO-v1-03,memory,memory_4GiB,attack,EFFECTIVE_INTERVENTION,6,6,0,0,0,0,6
APP_FULL,WEBGL1-LOEO-v1-03,memory,memory_4GiB,clean_pre,NORMAL,6,0,6,0,0,0,6
APP_FULL,WEBGL1-LOEO-v1-03,memory,memory_4GiB,clean_post,NORMAL,6,0,6,0,0,0,6
APP_FULL,WEBGL1-LOEO-v1-03,memory,memory_8GiB,ALL,NORMAL,12,0,12,0,0,0,12
APP_FULL,WEBGL1-LOEO-v1-03,memory,memory_8GiB,ALL,EFFECTIVE_INTERVENTION,6,6,0,0,0,0,6
APP_FULL,WEBGL1-LOEO-v1-03,memory,memory_8GiB,attack,EFFECTIVE_INTERVENTION,6,6,0,0,0,0,6
APP_FULL,WEBGL1-LOEO-v1-03,memory,memory_8GiB,clean_pre,NORMAL,6,0,6,0,0,0,6
APP_FULL,WEBGL1-LOEO-v1-03,memory,memory_8GiB,clean_post,NORMAL,6,0,6,0,0,0,6
APP_FULL,WEBGL1-LOEO-v1-03,timezone,ALL,ALL,NORMAL,30,0,30,0,0,0,30
APP_FULL,WEBGL1-LOEO-v1-03,timezone,ALL,ALL,EFFECTIVE_INTERVENTION,6,6,0,0,0,0,6
APP_FULL,WEBGL1-LOEO-v1-03,timezone,ALL,change,NORMAL,6,0,6,0,0,0,6
APP_FULL,WEBGL1-LOEO-v1-03,timezone,ALL,change,EFFECTIVE_INTERVENTION,6,6,0,0,0,0,6
APP_FULL,WEBGL1-LOEO-v1-03,timezone,ALL,clean_pre,NORMAL,12,0,12,0,0,0,12
APP_FULL,WEBGL1-LOEO-v1-03,timezone,ALL,clean_post,NORMAL,12,0,12,0,0,0,12
APP_FULL,WEBGL1-LOEO-v1-03,timezone,A_America/Los_Angeles,ALL,NORMAL,6,0,6,0,0,0,6
APP_FULL,WEBGL1-LOEO-v1-03,timezone,A_America/Los_Angeles,ALL,EFFECTIVE_INTERVENTION,3,3,0,0,0,0,3
APP_FULL,WEBGL1-LOEO-v1-03,timezone,A_America/Los_Angeles,change,EFFECTIVE_INTERVENTION,3,3,0,0,0,0,3
APP_FULL,WEBGL1-LOEO-v1-03,timezone,A_America/Los_Angeles,clean_pre,NORMAL,3,0,3,0,0,0,3
APP_FULL,WEBGL1-LOEO-v1-03,timezone,A_America/Los_Angeles,clean_post,NORMAL,3,0,3,0,0,0,3
APP_FULL,WEBGL1-LOEO-v1-03,timezone,A_UTC,ALL,NORMAL,6,0,6,0,0,0,6
APP_FULL,WEBGL1-LOEO-v1-03,timezone,A_UTC,ALL,EFFECTIVE_INTERVENTION,3,3,0,0,0,0,3
APP_FULL,WEBGL1-LOEO-v1-03,timezone,A_UTC,change,EFFECTIVE_INTERVENTION,3,3,0,0,0,0,3
APP_FULL,WEBGL1-LOEO-v1-03,timezone,A_UTC,clean_pre,NORMAL,3,0,3,0,0,0,3
APP_FULL,WEBGL1-LOEO-v1-03,timezone,A_UTC,clean_post,NORMAL,3,0,3,0,0,0,3
APP_FULL,WEBGL1-LOEO-v1-03,timezone,L_America/Los_Angeles,ALL,NORMAL,9,0,9,0,0,0,9
APP_FULL,WEBGL1-LOEO-v1-03,timezone,L_America/Los_Angeles,change,NORMAL,3,0,3,0,0,0,3
APP_FULL,WEBGL1-LOEO-v1-03,timezone,L_America/Los_Angeles,clean_pre,NORMAL,3,0,3,0,0,0,3
APP_FULL,WEBGL1-LOEO-v1-03,timezone,L_America/Los_Angeles,clean_post,NORMAL,3,0,3,0,0,0,3
APP_FULL,WEBGL1-LOEO-v1-03,timezone,L_UTC,ALL,NORMAL,9,0,9,0,0,0,9
APP_FULL,WEBGL1-LOEO-v1-03,timezone,L_UTC,change,NORMAL,3,0,3,0,0,0,3
APP_FULL,WEBGL1-LOEO-v1-03,timezone,L_UTC,clean_pre,NORMAL,3,0,3,0,0,0,3
APP_FULL,WEBGL1-LOEO-v1-03,timezone,L_UTC,clean_post,NORMAL,3,0,3,0,0,0,3
APP_FULL,WEBGL1-LOEO-v1-03,screen,ALL,ALL,NORMAL,66,0,66,0,0,0,66
APP_FULL,WEBGL1-LOEO-v1-03,screen,ALL,ALL,EFFECTIVE_INTERVENTION,6,0,6,0,0,0,6
APP_FULL,WEBGL1-LOEO-v1-03,screen,ALL,change,NORMAL,18,0,18,0,0,0,18
APP_FULL,WEBGL1-LOEO-v1-03,screen,ALL,change,EFFECTIVE_INTERVENTION,6,0,6,0,0,0,6
APP_FULL,WEBGL1-LOEO-v1-03,screen,ALL,clean_pre,NORMAL,24,0,24,0,0,0,24
APP_FULL,WEBGL1-LOEO-v1-03,screen,ALL,clean_post,NORMAL,24,0,24,0,0,0,24
APP_FULL,WEBGL1-LOEO-v1-03,screen,A_screen,ALL,NORMAL,12,0,12,0,0,0,12
APP_FULL,WEBGL1-LOEO-v1-03,screen,A_screen,ALL,EFFECTIVE_INTERVENTION,6,0,6,0,0,0,6
APP_FULL,WEBGL1-LOEO-v1-03,screen,A_screen,change,EFFECTIVE_INTERVENTION,6,0,6,0,0,0,6
APP_FULL,WEBGL1-LOEO-v1-03,screen,A_screen,clean_pre,NORMAL,6,0,6,0,0,0,6
APP_FULL,WEBGL1-LOEO-v1-03,screen,A_screen,clean_post,NORMAL,6,0,6,0,0,0,6
APP_FULL,WEBGL1-LOEO-v1-03,screen,L1_screen,ALL,NORMAL,18,0,18,0,0,0,18
APP_FULL,WEBGL1-LOEO-v1-03,screen,L1_screen,change,NORMAL,6,0,6,0,0,0,6
APP_FULL,WEBGL1-LOEO-v1-03,screen,L1_screen,clean_pre,NORMAL,6,0,6,0,0,0,6
APP_FULL,WEBGL1-LOEO-v1-03,screen,L1_screen,clean_post,NORMAL,6,0,6,0,0,0,6
APP_FULL,WEBGL1-LOEO-v1-03,screen,L2_screen,ALL,NORMAL,18,0,18,0,0,0,18
APP_FULL,WEBGL1-LOEO-v1-03,screen,L2_screen,change,NORMAL,6,0,6,0,0,0,6
APP_FULL,WEBGL1-LOEO-v1-03,screen,L2_screen,clean_pre,NORMAL,6,0,6,0,0,0,6
APP_FULL,WEBGL1-LOEO-v1-03,screen,L2_screen,clean_post,NORMAL,6,0,6,0,0,0,6
APP_FULL,WEBGL1-LOEO-v1-03,screen,L3_screen,ALL,NORMAL,18,0,18,0,0,0,18
APP_FULL,WEBGL1-LOEO-v1-03,screen,L3_screen,change,NORMAL,6,0,6,0,0,0,6
APP_FULL,WEBGL1-LOEO-v1-03,screen,L3_screen,clean_pre,NORMAL,6,0,6,0,0,0,6
APP_FULL,WEBGL1-LOEO-v1-03,screen,L3_screen,clean_post,NORMAL,6,0,6,0,0,0,6
A_NO_MTC_CAP,WEBGL1-LOEO-v1-01,memory,ALL,ALL,NORMAL,48,0,48,0,0,0,48
A_NO_MTC_CAP,WEBGL1-LOEO-v1-01,memory,ALL,ALL,EFFECTIVE_INTERVENTION,18,18,0,0,0,0,18
A_NO_MTC_CAP,WEBGL1-LOEO-v1-01,memory,ALL,ALL,NO_OBSERVABLE_EFFECT,6,0,6,0,0,0,6
A_NO_MTC_CAP,WEBGL1-LOEO-v1-01,memory,ALL,attack,EFFECTIVE_INTERVENTION,18,18,0,0,0,0,18
A_NO_MTC_CAP,WEBGL1-LOEO-v1-01,memory,ALL,attack,NO_OBSERVABLE_EFFECT,6,0,6,0,0,0,6
A_NO_MTC_CAP,WEBGL1-LOEO-v1-01,memory,ALL,clean_pre,NORMAL,24,0,24,0,0,0,24
A_NO_MTC_CAP,WEBGL1-LOEO-v1-01,memory,ALL,clean_post,NORMAL,24,0,24,0,0,0,24
A_NO_MTC_CAP,WEBGL1-LOEO-v1-01,memory,memory_16GiB,ALL,NORMAL,12,0,12,0,0,0,12
A_NO_MTC_CAP,WEBGL1-LOEO-v1-01,memory,memory_16GiB,ALL,EFFECTIVE_INTERVENTION,6,6,0,0,0,0,6
A_NO_MTC_CAP,WEBGL1-LOEO-v1-01,memory,memory_16GiB,attack,EFFECTIVE_INTERVENTION,6,6,0,0,0,0,6
A_NO_MTC_CAP,WEBGL1-LOEO-v1-01,memory,memory_16GiB,clean_pre,NORMAL,6,0,6,0,0,0,6
A_NO_MTC_CAP,WEBGL1-LOEO-v1-01,memory,memory_16GiB,clean_post,NORMAL,6,0,6,0,0,0,6
A_NO_MTC_CAP,WEBGL1-LOEO-v1-01,memory,memory_2GiB,ALL,NORMAL,12,0,12,0,0,0,12
A_NO_MTC_CAP,WEBGL1-LOEO-v1-01,memory,memory_2GiB,ALL,NO_OBSERVABLE_EFFECT,6,0,6,0,0,0,6
A_NO_MTC_CAP,WEBGL1-LOEO-v1-01,memory,memory_2GiB,attack,NO_OBSERVABLE_EFFECT,6,0,6,0,0,0,6
A_NO_MTC_CAP,WEBGL1-LOEO-v1-01,memory,memory_2GiB,clean_pre,NORMAL,6,0,6,0,0,0,6
A_NO_MTC_CAP,WEBGL1-LOEO-v1-01,memory,memory_2GiB,clean_post,NORMAL,6,0,6,0,0,0,6
A_NO_MTC_CAP,WEBGL1-LOEO-v1-01,memory,memory_4GiB,ALL,NORMAL,12,0,12,0,0,0,12
A_NO_MTC_CAP,WEBGL1-LOEO-v1-01,memory,memory_4GiB,ALL,EFFECTIVE_INTERVENTION,6,6,0,0,0,0,6
A_NO_MTC_CAP,WEBGL1-LOEO-v1-01,memory,memory_4GiB,attack,EFFECTIVE_INTERVENTION,6,6,0,0,0,0,6
A_NO_MTC_CAP,WEBGL1-LOEO-v1-01,memory,memory_4GiB,clean_pre,NORMAL,6,0,6,0,0,0,6
A_NO_MTC_CAP,WEBGL1-LOEO-v1-01,memory,memory_4GiB,clean_post,NORMAL,6,0,6,0,0,0,6
A_NO_MTC_CAP,WEBGL1-LOEO-v1-01,memory,memory_8GiB,ALL,NORMAL,12,0,12,0,0,0,12
A_NO_MTC_CAP,WEBGL1-LOEO-v1-01,memory,memory_8GiB,ALL,EFFECTIVE_INTERVENTION,6,6,0,0,0,0,6
A_NO_MTC_CAP,WEBGL1-LOEO-v1-01,memory,memory_8GiB,attack,EFFECTIVE_INTERVENTION,6,6,0,0,0,0,6
A_NO_MTC_CAP,WEBGL1-LOEO-v1-01,memory,memory_8GiB,clean_pre,NORMAL,6,0,6,0,0,0,6
A_NO_MTC_CAP,WEBGL1-LOEO-v1-01,memory,memory_8GiB,clean_post,NORMAL,6,0,6,0,0,0,6
A_NO_MTC_CAP,WEBGL1-LOEO-v1-01,timezone,ALL,ALL,NORMAL,30,0,30,0,0,0,30
A_NO_MTC_CAP,WEBGL1-LOEO-v1-01,timezone,ALL,ALL,EFFECTIVE_INTERVENTION,6,6,0,0,0,0,6
A_NO_MTC_CAP,WEBGL1-LOEO-v1-01,timezone,ALL,change,NORMAL,6,0,6,0,0,0,6
A_NO_MTC_CAP,WEBGL1-LOEO-v1-01,timezone,ALL,change,EFFECTIVE_INTERVENTION,6,6,0,0,0,0,6
A_NO_MTC_CAP,WEBGL1-LOEO-v1-01,timezone,ALL,clean_pre,NORMAL,12,0,12,0,0,0,12
A_NO_MTC_CAP,WEBGL1-LOEO-v1-01,timezone,ALL,clean_post,NORMAL,12,0,12,0,0,0,12
A_NO_MTC_CAP,WEBGL1-LOEO-v1-01,timezone,A_America/Los_Angeles,ALL,NORMAL,6,0,6,0,0,0,6
A_NO_MTC_CAP,WEBGL1-LOEO-v1-01,timezone,A_America/Los_Angeles,ALL,EFFECTIVE_INTERVENTION,3,3,0,0,0,0,3
A_NO_MTC_CAP,WEBGL1-LOEO-v1-01,timezone,A_America/Los_Angeles,change,EFFECTIVE_INTERVENTION,3,3,0,0,0,0,3
A_NO_MTC_CAP,WEBGL1-LOEO-v1-01,timezone,A_America/Los_Angeles,clean_pre,NORMAL,3,0,3,0,0,0,3
A_NO_MTC_CAP,WEBGL1-LOEO-v1-01,timezone,A_America/Los_Angeles,clean_post,NORMAL,3,0,3,0,0,0,3
A_NO_MTC_CAP,WEBGL1-LOEO-v1-01,timezone,A_UTC,ALL,NORMAL,6,0,6,0,0,0,6
A_NO_MTC_CAP,WEBGL1-LOEO-v1-01,timezone,A_UTC,ALL,EFFECTIVE_INTERVENTION,3,3,0,0,0,0,3
A_NO_MTC_CAP,WEBGL1-LOEO-v1-01,timezone,A_UTC,change,EFFECTIVE_INTERVENTION,3,3,0,0,0,0,3
A_NO_MTC_CAP,WEBGL1-LOEO-v1-01,timezone,A_UTC,clean_pre,NORMAL,3,0,3,0,0,0,3
A_NO_MTC_CAP,WEBGL1-LOEO-v1-01,timezone,A_UTC,clean_post,NORMAL,3,0,3,0,0,0,3
A_NO_MTC_CAP,WEBGL1-LOEO-v1-01,timezone,L_America/Los_Angeles,ALL,NORMAL,9,0,9,0,0,0,9
A_NO_MTC_CAP,WEBGL1-LOEO-v1-01,timezone,L_America/Los_Angeles,change,NORMAL,3,0,3,0,0,0,3
A_NO_MTC_CAP,WEBGL1-LOEO-v1-01,timezone,L_America/Los_Angeles,clean_pre,NORMAL,3,0,3,0,0,0,3
A_NO_MTC_CAP,WEBGL1-LOEO-v1-01,timezone,L_America/Los_Angeles,clean_post,NORMAL,3,0,3,0,0,0,3
A_NO_MTC_CAP,WEBGL1-LOEO-v1-01,timezone,L_UTC,ALL,NORMAL,9,0,9,0,0,0,9
A_NO_MTC_CAP,WEBGL1-LOEO-v1-01,timezone,L_UTC,change,NORMAL,3,0,3,0,0,0,3
A_NO_MTC_CAP,WEBGL1-LOEO-v1-01,timezone,L_UTC,clean_pre,NORMAL,3,0,3,0,0,0,3
A_NO_MTC_CAP,WEBGL1-LOEO-v1-01,timezone,L_UTC,clean_post,NORMAL,3,0,3,0,0,0,3
A_NO_MTC_CAP,WEBGL1-LOEO-v1-01,screen,ALL,ALL,NORMAL,66,0,66,0,0,0,66
A_NO_MTC_CAP,WEBGL1-LOEO-v1-01,screen,ALL,ALL,EFFECTIVE_INTERVENTION,6,6,0,0,0,0,6
A_NO_MTC_CAP,WEBGL1-LOEO-v1-01,screen,ALL,change,NORMAL,18,0,18,0,0,0,18
A_NO_MTC_CAP,WEBGL1-LOEO-v1-01,screen,ALL,change,EFFECTIVE_INTERVENTION,6,6,0,0,0,0,6
A_NO_MTC_CAP,WEBGL1-LOEO-v1-01,screen,ALL,clean_pre,NORMAL,24,0,24,0,0,0,24
A_NO_MTC_CAP,WEBGL1-LOEO-v1-01,screen,ALL,clean_post,NORMAL,24,0,24,0,0,0,24
A_NO_MTC_CAP,WEBGL1-LOEO-v1-01,screen,A_screen,ALL,NORMAL,12,0,12,0,0,0,12
A_NO_MTC_CAP,WEBGL1-LOEO-v1-01,screen,A_screen,ALL,EFFECTIVE_INTERVENTION,6,6,0,0,0,0,6
A_NO_MTC_CAP,WEBGL1-LOEO-v1-01,screen,A_screen,change,EFFECTIVE_INTERVENTION,6,6,0,0,0,0,6
A_NO_MTC_CAP,WEBGL1-LOEO-v1-01,screen,A_screen,clean_pre,NORMAL,6,0,6,0,0,0,6
A_NO_MTC_CAP,WEBGL1-LOEO-v1-01,screen,A_screen,clean_post,NORMAL,6,0,6,0,0,0,6
A_NO_MTC_CAP,WEBGL1-LOEO-v1-01,screen,L1_screen,ALL,NORMAL,18,0,18,0,0,0,18
A_NO_MTC_CAP,WEBGL1-LOEO-v1-01,screen,L1_screen,change,NORMAL,6,0,6,0,0,0,6
A_NO_MTC_CAP,WEBGL1-LOEO-v1-01,screen,L1_screen,clean_pre,NORMAL,6,0,6,0,0,0,6
A_NO_MTC_CAP,WEBGL1-LOEO-v1-01,screen,L1_screen,clean_post,NORMAL,6,0,6,0,0,0,6
A_NO_MTC_CAP,WEBGL1-LOEO-v1-01,screen,L2_screen,ALL,NORMAL,18,0,18,0,0,0,18
A_NO_MTC_CAP,WEBGL1-LOEO-v1-01,screen,L2_screen,change,NORMAL,6,0,6,0,0,0,6
A_NO_MTC_CAP,WEBGL1-LOEO-v1-01,screen,L2_screen,clean_pre,NORMAL,6,0,6,0,0,0,6
A_NO_MTC_CAP,WEBGL1-LOEO-v1-01,screen,L2_screen,clean_post,NORMAL,6,0,6,0,0,0,6
A_NO_MTC_CAP,WEBGL1-LOEO-v1-01,screen,L3_screen,ALL,NORMAL,18,0,18,0,0,0,18
A_NO_MTC_CAP,WEBGL1-LOEO-v1-01,screen,L3_screen,change,NORMAL,6,0,6,0,0,0,6
A_NO_MTC_CAP,WEBGL1-LOEO-v1-01,screen,L3_screen,clean_pre,NORMAL,6,0,6,0,0,0,6
A_NO_MTC_CAP,WEBGL1-LOEO-v1-01,screen,L3_screen,clean_post,NORMAL,6,0,6,0,0,0,6
A_NO_MTC_CAP,WEBGL1-LOEO-v1-02,memory,ALL,ALL,NORMAL,48,0,48,0,0,0,48
A_NO_MTC_CAP,WEBGL1-LOEO-v1-02,memory,ALL,ALL,EFFECTIVE_INTERVENTION,18,18,0,0,0,0,18
A_NO_MTC_CAP,WEBGL1-LOEO-v1-02,memory,ALL,ALL,NO_OBSERVABLE_EFFECT,6,0,6,0,0,0,6
A_NO_MTC_CAP,WEBGL1-LOEO-v1-02,memory,ALL,attack,EFFECTIVE_INTERVENTION,18,18,0,0,0,0,18
A_NO_MTC_CAP,WEBGL1-LOEO-v1-02,memory,ALL,attack,NO_OBSERVABLE_EFFECT,6,0,6,0,0,0,6
A_NO_MTC_CAP,WEBGL1-LOEO-v1-02,memory,ALL,clean_pre,NORMAL,24,0,24,0,0,0,24
A_NO_MTC_CAP,WEBGL1-LOEO-v1-02,memory,ALL,clean_post,NORMAL,24,0,24,0,0,0,24
A_NO_MTC_CAP,WEBGL1-LOEO-v1-02,memory,memory_16GiB,ALL,NORMAL,12,0,12,0,0,0,12
A_NO_MTC_CAP,WEBGL1-LOEO-v1-02,memory,memory_16GiB,ALL,EFFECTIVE_INTERVENTION,6,6,0,0,0,0,6
A_NO_MTC_CAP,WEBGL1-LOEO-v1-02,memory,memory_16GiB,attack,EFFECTIVE_INTERVENTION,6,6,0,0,0,0,6
A_NO_MTC_CAP,WEBGL1-LOEO-v1-02,memory,memory_16GiB,clean_pre,NORMAL,6,0,6,0,0,0,6
A_NO_MTC_CAP,WEBGL1-LOEO-v1-02,memory,memory_16GiB,clean_post,NORMAL,6,0,6,0,0,0,6
A_NO_MTC_CAP,WEBGL1-LOEO-v1-02,memory,memory_2GiB,ALL,NORMAL,12,0,12,0,0,0,12
A_NO_MTC_CAP,WEBGL1-LOEO-v1-02,memory,memory_2GiB,ALL,NO_OBSERVABLE_EFFECT,6,0,6,0,0,0,6
A_NO_MTC_CAP,WEBGL1-LOEO-v1-02,memory,memory_2GiB,attack,NO_OBSERVABLE_EFFECT,6,0,6,0,0,0,6
A_NO_MTC_CAP,WEBGL1-LOEO-v1-02,memory,memory_2GiB,clean_pre,NORMAL,6,0,6,0,0,0,6
A_NO_MTC_CAP,WEBGL1-LOEO-v1-02,memory,memory_2GiB,clean_post,NORMAL,6,0,6,0,0,0,6
A_NO_MTC_CAP,WEBGL1-LOEO-v1-02,memory,memory_4GiB,ALL,NORMAL,12,0,12,0,0,0,12
A_NO_MTC_CAP,WEBGL1-LOEO-v1-02,memory,memory_4GiB,ALL,EFFECTIVE_INTERVENTION,6,6,0,0,0,0,6
A_NO_MTC_CAP,WEBGL1-LOEO-v1-02,memory,memory_4GiB,attack,EFFECTIVE_INTERVENTION,6,6,0,0,0,0,6
A_NO_MTC_CAP,WEBGL1-LOEO-v1-02,memory,memory_4GiB,clean_pre,NORMAL,6,0,6,0,0,0,6
A_NO_MTC_CAP,WEBGL1-LOEO-v1-02,memory,memory_4GiB,clean_post,NORMAL,6,0,6,0,0,0,6
A_NO_MTC_CAP,WEBGL1-LOEO-v1-02,memory,memory_8GiB,ALL,NORMAL,12,0,12,0,0,0,12
A_NO_MTC_CAP,WEBGL1-LOEO-v1-02,memory,memory_8GiB,ALL,EFFECTIVE_INTERVENTION,6,6,0,0,0,0,6
A_NO_MTC_CAP,WEBGL1-LOEO-v1-02,memory,memory_8GiB,attack,EFFECTIVE_INTERVENTION,6,6,0,0,0,0,6
A_NO_MTC_CAP,WEBGL1-LOEO-v1-02,memory,memory_8GiB,clean_pre,NORMAL,6,0,6,0,0,0,6
A_NO_MTC_CAP,WEBGL1-LOEO-v1-02,memory,memory_8GiB,clean_post,NORMAL,6,0,6,0,0,0,6
A_NO_MTC_CAP,WEBGL1-LOEO-v1-02,timezone,ALL,ALL,NORMAL,30,0,30,0,0,0,30
A_NO_MTC_CAP,WEBGL1-LOEO-v1-02,timezone,ALL,ALL,EFFECTIVE_INTERVENTION,6,6,0,0,0,0,6
A_NO_MTC_CAP,WEBGL1-LOEO-v1-02,timezone,ALL,change,NORMAL,6,0,6,0,0,0,6
A_NO_MTC_CAP,WEBGL1-LOEO-v1-02,timezone,ALL,change,EFFECTIVE_INTERVENTION,6,6,0,0,0,0,6
A_NO_MTC_CAP,WEBGL1-LOEO-v1-02,timezone,ALL,clean_pre,NORMAL,12,0,12,0,0,0,12
A_NO_MTC_CAP,WEBGL1-LOEO-v1-02,timezone,ALL,clean_post,NORMAL,12,0,12,0,0,0,12
A_NO_MTC_CAP,WEBGL1-LOEO-v1-02,timezone,A_America/Los_Angeles,ALL,NORMAL,6,0,6,0,0,0,6
A_NO_MTC_CAP,WEBGL1-LOEO-v1-02,timezone,A_America/Los_Angeles,ALL,EFFECTIVE_INTERVENTION,3,3,0,0,0,0,3
A_NO_MTC_CAP,WEBGL1-LOEO-v1-02,timezone,A_America/Los_Angeles,change,EFFECTIVE_INTERVENTION,3,3,0,0,0,0,3
A_NO_MTC_CAP,WEBGL1-LOEO-v1-02,timezone,A_America/Los_Angeles,clean_pre,NORMAL,3,0,3,0,0,0,3
A_NO_MTC_CAP,WEBGL1-LOEO-v1-02,timezone,A_America/Los_Angeles,clean_post,NORMAL,3,0,3,0,0,0,3
A_NO_MTC_CAP,WEBGL1-LOEO-v1-02,timezone,A_UTC,ALL,NORMAL,6,0,6,0,0,0,6
A_NO_MTC_CAP,WEBGL1-LOEO-v1-02,timezone,A_UTC,ALL,EFFECTIVE_INTERVENTION,3,3,0,0,0,0,3
A_NO_MTC_CAP,WEBGL1-LOEO-v1-02,timezone,A_UTC,change,EFFECTIVE_INTERVENTION,3,3,0,0,0,0,3
A_NO_MTC_CAP,WEBGL1-LOEO-v1-02,timezone,A_UTC,clean_pre,NORMAL,3,0,3,0,0,0,3
A_NO_MTC_CAP,WEBGL1-LOEO-v1-02,timezone,A_UTC,clean_post,NORMAL,3,0,3,0,0,0,3
A_NO_MTC_CAP,WEBGL1-LOEO-v1-02,timezone,L_America/Los_Angeles,ALL,NORMAL,9,0,9,0,0,0,9
A_NO_MTC_CAP,WEBGL1-LOEO-v1-02,timezone,L_America/Los_Angeles,change,NORMAL,3,0,3,0,0,0,3
A_NO_MTC_CAP,WEBGL1-LOEO-v1-02,timezone,L_America/Los_Angeles,clean_pre,NORMAL,3,0,3,0,0,0,3
A_NO_MTC_CAP,WEBGL1-LOEO-v1-02,timezone,L_America/Los_Angeles,clean_post,NORMAL,3,0,3,0,0,0,3
A_NO_MTC_CAP,WEBGL1-LOEO-v1-02,timezone,L_UTC,ALL,NORMAL,9,0,9,0,0,0,9
A_NO_MTC_CAP,WEBGL1-LOEO-v1-02,timezone,L_UTC,change,NORMAL,3,0,3,0,0,0,3
A_NO_MTC_CAP,WEBGL1-LOEO-v1-02,timezone,L_UTC,clean_pre,NORMAL,3,0,3,0,0,0,3
A_NO_MTC_CAP,WEBGL1-LOEO-v1-02,timezone,L_UTC,clean_post,NORMAL,3,0,3,0,0,0,3
A_NO_MTC_CAP,WEBGL1-LOEO-v1-02,screen,ALL,ALL,NORMAL,66,0,66,0,0,0,66
A_NO_MTC_CAP,WEBGL1-LOEO-v1-02,screen,ALL,ALL,EFFECTIVE_INTERVENTION,6,6,0,0,0,0,6
A_NO_MTC_CAP,WEBGL1-LOEO-v1-02,screen,ALL,change,NORMAL,18,0,18,0,0,0,18
A_NO_MTC_CAP,WEBGL1-LOEO-v1-02,screen,ALL,change,EFFECTIVE_INTERVENTION,6,6,0,0,0,0,6
A_NO_MTC_CAP,WEBGL1-LOEO-v1-02,screen,ALL,clean_pre,NORMAL,24,0,24,0,0,0,24
A_NO_MTC_CAP,WEBGL1-LOEO-v1-02,screen,ALL,clean_post,NORMAL,24,0,24,0,0,0,24
A_NO_MTC_CAP,WEBGL1-LOEO-v1-02,screen,A_screen,ALL,NORMAL,12,0,12,0,0,0,12
A_NO_MTC_CAP,WEBGL1-LOEO-v1-02,screen,A_screen,ALL,EFFECTIVE_INTERVENTION,6,6,0,0,0,0,6
A_NO_MTC_CAP,WEBGL1-LOEO-v1-02,screen,A_screen,change,EFFECTIVE_INTERVENTION,6,6,0,0,0,0,6
A_NO_MTC_CAP,WEBGL1-LOEO-v1-02,screen,A_screen,clean_pre,NORMAL,6,0,6,0,0,0,6
A_NO_MTC_CAP,WEBGL1-LOEO-v1-02,screen,A_screen,clean_post,NORMAL,6,0,6,0,0,0,6
A_NO_MTC_CAP,WEBGL1-LOEO-v1-02,screen,L1_screen,ALL,NORMAL,18,0,18,0,0,0,18
A_NO_MTC_CAP,WEBGL1-LOEO-v1-02,screen,L1_screen,change,NORMAL,6,0,6,0,0,0,6
A_NO_MTC_CAP,WEBGL1-LOEO-v1-02,screen,L1_screen,clean_pre,NORMAL,6,0,6,0,0,0,6
A_NO_MTC_CAP,WEBGL1-LOEO-v1-02,screen,L1_screen,clean_post,NORMAL,6,0,6,0,0,0,6
A_NO_MTC_CAP,WEBGL1-LOEO-v1-02,screen,L2_screen,ALL,NORMAL,18,0,18,0,0,0,18
A_NO_MTC_CAP,WEBGL1-LOEO-v1-02,screen,L2_screen,change,NORMAL,6,0,6,0,0,0,6
A_NO_MTC_CAP,WEBGL1-LOEO-v1-02,screen,L2_screen,clean_pre,NORMAL,6,0,6,0,0,0,6
A_NO_MTC_CAP,WEBGL1-LOEO-v1-02,screen,L2_screen,clean_post,NORMAL,6,0,6,0,0,0,6
A_NO_MTC_CAP,WEBGL1-LOEO-v1-02,screen,L3_screen,ALL,NORMAL,18,0,18,0,0,0,18
A_NO_MTC_CAP,WEBGL1-LOEO-v1-02,screen,L3_screen,change,NORMAL,6,0,6,0,0,0,6
A_NO_MTC_CAP,WEBGL1-LOEO-v1-02,screen,L3_screen,clean_pre,NORMAL,6,0,6,0,0,0,6
A_NO_MTC_CAP,WEBGL1-LOEO-v1-02,screen,L3_screen,clean_post,NORMAL,6,0,6,0,0,0,6
A_NO_MTC_CAP,WEBGL1-LOEO-v1-03,memory,ALL,ALL,NORMAL,48,0,48,0,0,0,48
A_NO_MTC_CAP,WEBGL1-LOEO-v1-03,memory,ALL,ALL,EFFECTIVE_INTERVENTION,18,18,0,0,0,0,18
A_NO_MTC_CAP,WEBGL1-LOEO-v1-03,memory,ALL,ALL,NO_OBSERVABLE_EFFECT,6,0,6,0,0,0,6
A_NO_MTC_CAP,WEBGL1-LOEO-v1-03,memory,ALL,attack,EFFECTIVE_INTERVENTION,18,18,0,0,0,0,18
A_NO_MTC_CAP,WEBGL1-LOEO-v1-03,memory,ALL,attack,NO_OBSERVABLE_EFFECT,6,0,6,0,0,0,6
A_NO_MTC_CAP,WEBGL1-LOEO-v1-03,memory,ALL,clean_pre,NORMAL,24,0,24,0,0,0,24
A_NO_MTC_CAP,WEBGL1-LOEO-v1-03,memory,ALL,clean_post,NORMAL,24,0,24,0,0,0,24
A_NO_MTC_CAP,WEBGL1-LOEO-v1-03,memory,memory_16GiB,ALL,NORMAL,12,0,12,0,0,0,12
A_NO_MTC_CAP,WEBGL1-LOEO-v1-03,memory,memory_16GiB,ALL,EFFECTIVE_INTERVENTION,6,6,0,0,0,0,6
A_NO_MTC_CAP,WEBGL1-LOEO-v1-03,memory,memory_16GiB,attack,EFFECTIVE_INTERVENTION,6,6,0,0,0,0,6
A_NO_MTC_CAP,WEBGL1-LOEO-v1-03,memory,memory_16GiB,clean_pre,NORMAL,6,0,6,0,0,0,6
A_NO_MTC_CAP,WEBGL1-LOEO-v1-03,memory,memory_16GiB,clean_post,NORMAL,6,0,6,0,0,0,6
A_NO_MTC_CAP,WEBGL1-LOEO-v1-03,memory,memory_2GiB,ALL,NORMAL,12,0,12,0,0,0,12
A_NO_MTC_CAP,WEBGL1-LOEO-v1-03,memory,memory_2GiB,ALL,NO_OBSERVABLE_EFFECT,6,0,6,0,0,0,6
A_NO_MTC_CAP,WEBGL1-LOEO-v1-03,memory,memory_2GiB,attack,NO_OBSERVABLE_EFFECT,6,0,6,0,0,0,6
A_NO_MTC_CAP,WEBGL1-LOEO-v1-03,memory,memory_2GiB,clean_pre,NORMAL,6,0,6,0,0,0,6
A_NO_MTC_CAP,WEBGL1-LOEO-v1-03,memory,memory_2GiB,clean_post,NORMAL,6,0,6,0,0,0,6
A_NO_MTC_CAP,WEBGL1-LOEO-v1-03,memory,memory_4GiB,ALL,NORMAL,12,0,12,0,0,0,12
A_NO_MTC_CAP,WEBGL1-LOEO-v1-03,memory,memory_4GiB,ALL,EFFECTIVE_INTERVENTION,6,6,0,0,0,0,6
A_NO_MTC_CAP,WEBGL1-LOEO-v1-03,memory,memory_4GiB,attack,EFFECTIVE_INTERVENTION,6,6,0,0,0,0,6
A_NO_MTC_CAP,WEBGL1-LOEO-v1-03,memory,memory_4GiB,clean_pre,NORMAL,6,0,6,0,0,0,6
A_NO_MTC_CAP,WEBGL1-LOEO-v1-03,memory,memory_4GiB,clean_post,NORMAL,6,0,6,0,0,0,6
A_NO_MTC_CAP,WEBGL1-LOEO-v1-03,memory,memory_8GiB,ALL,NORMAL,12,0,12,0,0,0,12
A_NO_MTC_CAP,WEBGL1-LOEO-v1-03,memory,memory_8GiB,ALL,EFFECTIVE_INTERVENTION,6,6,0,0,0,0,6
A_NO_MTC_CAP,WEBGL1-LOEO-v1-03,memory,memory_8GiB,attack,EFFECTIVE_INTERVENTION,6,6,0,0,0,0,6
A_NO_MTC_CAP,WEBGL1-LOEO-v1-03,memory,memory_8GiB,clean_pre,NORMAL,6,0,6,0,0,0,6
A_NO_MTC_CAP,WEBGL1-LOEO-v1-03,memory,memory_8GiB,clean_post,NORMAL,6,0,6,0,0,0,6
A_NO_MTC_CAP,WEBGL1-LOEO-v1-03,timezone,ALL,ALL,NORMAL,30,0,30,0,0,0,30
A_NO_MTC_CAP,WEBGL1-LOEO-v1-03,timezone,ALL,ALL,EFFECTIVE_INTERVENTION,6,6,0,0,0,0,6
A_NO_MTC_CAP,WEBGL1-LOEO-v1-03,timezone,ALL,change,NORMAL,6,0,6,0,0,0,6
A_NO_MTC_CAP,WEBGL1-LOEO-v1-03,timezone,ALL,change,EFFECTIVE_INTERVENTION,6,6,0,0,0,0,6
A_NO_MTC_CAP,WEBGL1-LOEO-v1-03,timezone,ALL,clean_pre,NORMAL,12,0,12,0,0,0,12
A_NO_MTC_CAP,WEBGL1-LOEO-v1-03,timezone,ALL,clean_post,NORMAL,12,0,12,0,0,0,12
A_NO_MTC_CAP,WEBGL1-LOEO-v1-03,timezone,A_America/Los_Angeles,ALL,NORMAL,6,0,6,0,0,0,6
A_NO_MTC_CAP,WEBGL1-LOEO-v1-03,timezone,A_America/Los_Angeles,ALL,EFFECTIVE_INTERVENTION,3,3,0,0,0,0,3
A_NO_MTC_CAP,WEBGL1-LOEO-v1-03,timezone,A_America/Los_Angeles,change,EFFECTIVE_INTERVENTION,3,3,0,0,0,0,3
A_NO_MTC_CAP,WEBGL1-LOEO-v1-03,timezone,A_America/Los_Angeles,clean_pre,NORMAL,3,0,3,0,0,0,3
A_NO_MTC_CAP,WEBGL1-LOEO-v1-03,timezone,A_America/Los_Angeles,clean_post,NORMAL,3,0,3,0,0,0,3
A_NO_MTC_CAP,WEBGL1-LOEO-v1-03,timezone,A_UTC,ALL,NORMAL,6,0,6,0,0,0,6
A_NO_MTC_CAP,WEBGL1-LOEO-v1-03,timezone,A_UTC,ALL,EFFECTIVE_INTERVENTION,3,3,0,0,0,0,3
A_NO_MTC_CAP,WEBGL1-LOEO-v1-03,timezone,A_UTC,change,EFFECTIVE_INTERVENTION,3,3,0,0,0,0,3
A_NO_MTC_CAP,WEBGL1-LOEO-v1-03,timezone,A_UTC,clean_pre,NORMAL,3,0,3,0,0,0,3
A_NO_MTC_CAP,WEBGL1-LOEO-v1-03,timezone,A_UTC,clean_post,NORMAL,3,0,3,0,0,0,3
A_NO_MTC_CAP,WEBGL1-LOEO-v1-03,timezone,L_America/Los_Angeles,ALL,NORMAL,9,0,9,0,0,0,9
A_NO_MTC_CAP,WEBGL1-LOEO-v1-03,timezone,L_America/Los_Angeles,change,NORMAL,3,0,3,0,0,0,3
A_NO_MTC_CAP,WEBGL1-LOEO-v1-03,timezone,L_America/Los_Angeles,clean_pre,NORMAL,3,0,3,0,0,0,3
A_NO_MTC_CAP,WEBGL1-LOEO-v1-03,timezone,L_America/Los_Angeles,clean_post,NORMAL,3,0,3,0,0,0,3
A_NO_MTC_CAP,WEBGL1-LOEO-v1-03,timezone,L_UTC,ALL,NORMAL,9,0,9,0,0,0,9
A_NO_MTC_CAP,WEBGL1-LOEO-v1-03,timezone,L_UTC,change,NORMAL,3,0,3,0,0,0,3
A_NO_MTC_CAP,WEBGL1-LOEO-v1-03,timezone,L_UTC,clean_pre,NORMAL,3,0,3,0,0,0,3
A_NO_MTC_CAP,WEBGL1-LOEO-v1-03,timezone,L_UTC,clean_post,NORMAL,3,0,3,0,0,0,3
A_NO_MTC_CAP,WEBGL1-LOEO-v1-03,screen,ALL,ALL,NORMAL,66,0,66,0,0,0,66
A_NO_MTC_CAP,WEBGL1-LOEO-v1-03,screen,ALL,ALL,EFFECTIVE_INTERVENTION,6,6,0,0,0,0,6
A_NO_MTC_CAP,WEBGL1-LOEO-v1-03,screen,ALL,change,NORMAL,18,0,18,0,0,0,18
A_NO_MTC_CAP,WEBGL1-LOEO-v1-03,screen,ALL,change,EFFECTIVE_INTERVENTION,6,6,0,0,0,0,6
A_NO_MTC_CAP,WEBGL1-LOEO-v1-03,screen,ALL,clean_pre,NORMAL,24,0,24,0,0,0,24
A_NO_MTC_CAP,WEBGL1-LOEO-v1-03,screen,ALL,clean_post,NORMAL,24,0,24,0,0,0,24
A_NO_MTC_CAP,WEBGL1-LOEO-v1-03,screen,A_screen,ALL,NORMAL,12,0,12,0,0,0,12
A_NO_MTC_CAP,WEBGL1-LOEO-v1-03,screen,A_screen,ALL,EFFECTIVE_INTERVENTION,6,6,0,0,0,0,6
A_NO_MTC_CAP,WEBGL1-LOEO-v1-03,screen,A_screen,change,EFFECTIVE_INTERVENTION,6,6,0,0,0,0,6
A_NO_MTC_CAP,WEBGL1-LOEO-v1-03,screen,A_screen,clean_pre,NORMAL,6,0,6,0,0,0,6
A_NO_MTC_CAP,WEBGL1-LOEO-v1-03,screen,A_screen,clean_post,NORMAL,6,0,6,0,0,0,6
A_NO_MTC_CAP,WEBGL1-LOEO-v1-03,screen,L1_screen,ALL,NORMAL,18,0,18,0,0,0,18
A_NO_MTC_CAP,WEBGL1-LOEO-v1-03,screen,L1_screen,change,NORMAL,6,0,6,0,0,0,6
A_NO_MTC_CAP,WEBGL1-LOEO-v1-03,screen,L1_screen,clean_pre,NORMAL,6,0,6,0,0,0,6
A_NO_MTC_CAP,WEBGL1-LOEO-v1-03,screen,L1_screen,clean_post,NORMAL,6,0,6,0,0,0,6
A_NO_MTC_CAP,WEBGL1-LOEO-v1-03,screen,L2_screen,ALL,NORMAL,18,0,18,0,0,0,18
A_NO_MTC_CAP,WEBGL1-LOEO-v1-03,screen,L2_screen,change,NORMAL,6,0,6,0,0,0,6
A_NO_MTC_CAP,WEBGL1-LOEO-v1-03,screen,L2_screen,clean_pre,NORMAL,6,0,6,0,0,0,6
A_NO_MTC_CAP,WEBGL1-LOEO-v1-03,screen,L2_screen,clean_post,NORMAL,6,0,6,0,0,0,6
A_NO_MTC_CAP,WEBGL1-LOEO-v1-03,screen,L3_screen,ALL,NORMAL,18,0,18,0,0,0,18
A_NO_MTC_CAP,WEBGL1-LOEO-v1-03,screen,L3_screen,change,NORMAL,6,0,6,0,0,0,6
A_NO_MTC_CAP,WEBGL1-LOEO-v1-03,screen,L3_screen,clean_pre,NORMAL,6,0,6,0,0,0,6
A_NO_MTC_CAP,WEBGL1-LOEO-v1-03,screen,L3_screen,clean_post,NORMAL,6,0,6,0,0,0,6
A_APP_WEB_ONLY,WEBGL1-LOEO-v1-01,memory,ALL,ALL,NORMAL,48,0,48,0,0,0,48
A_APP_WEB_ONLY,WEBGL1-LOEO-v1-01,memory,ALL,ALL,EFFECTIVE_INTERVENTION,18,0,18,0,0,0,18
A_APP_WEB_ONLY,WEBGL1-LOEO-v1-01,memory,ALL,ALL,NO_OBSERVABLE_EFFECT,6,0,6,0,0,0,6
A_APP_WEB_ONLY,WEBGL1-LOEO-v1-01,memory,ALL,attack,EFFECTIVE_INTERVENTION,18,0,18,0,0,0,18
A_APP_WEB_ONLY,WEBGL1-LOEO-v1-01,memory,ALL,attack,NO_OBSERVABLE_EFFECT,6,0,6,0,0,0,6
A_APP_WEB_ONLY,WEBGL1-LOEO-v1-01,memory,ALL,clean_pre,NORMAL,24,0,24,0,0,0,24
A_APP_WEB_ONLY,WEBGL1-LOEO-v1-01,memory,ALL,clean_post,NORMAL,24,0,24,0,0,0,24
A_APP_WEB_ONLY,WEBGL1-LOEO-v1-01,memory,memory_16GiB,ALL,NORMAL,12,0,12,0,0,0,12
A_APP_WEB_ONLY,WEBGL1-LOEO-v1-01,memory,memory_16GiB,ALL,EFFECTIVE_INTERVENTION,6,0,6,0,0,0,6
A_APP_WEB_ONLY,WEBGL1-LOEO-v1-01,memory,memory_16GiB,attack,EFFECTIVE_INTERVENTION,6,0,6,0,0,0,6
A_APP_WEB_ONLY,WEBGL1-LOEO-v1-01,memory,memory_16GiB,clean_pre,NORMAL,6,0,6,0,0,0,6
A_APP_WEB_ONLY,WEBGL1-LOEO-v1-01,memory,memory_16GiB,clean_post,NORMAL,6,0,6,0,0,0,6
A_APP_WEB_ONLY,WEBGL1-LOEO-v1-01,memory,memory_2GiB,ALL,NORMAL,12,0,12,0,0,0,12
A_APP_WEB_ONLY,WEBGL1-LOEO-v1-01,memory,memory_2GiB,ALL,NO_OBSERVABLE_EFFECT,6,0,6,0,0,0,6
A_APP_WEB_ONLY,WEBGL1-LOEO-v1-01,memory,memory_2GiB,attack,NO_OBSERVABLE_EFFECT,6,0,6,0,0,0,6
A_APP_WEB_ONLY,WEBGL1-LOEO-v1-01,memory,memory_2GiB,clean_pre,NORMAL,6,0,6,0,0,0,6
A_APP_WEB_ONLY,WEBGL1-LOEO-v1-01,memory,memory_2GiB,clean_post,NORMAL,6,0,6,0,0,0,6
A_APP_WEB_ONLY,WEBGL1-LOEO-v1-01,memory,memory_4GiB,ALL,NORMAL,12,0,12,0,0,0,12
A_APP_WEB_ONLY,WEBGL1-LOEO-v1-01,memory,memory_4GiB,ALL,EFFECTIVE_INTERVENTION,6,0,6,0,0,0,6
A_APP_WEB_ONLY,WEBGL1-LOEO-v1-01,memory,memory_4GiB,attack,EFFECTIVE_INTERVENTION,6,0,6,0,0,0,6
A_APP_WEB_ONLY,WEBGL1-LOEO-v1-01,memory,memory_4GiB,clean_pre,NORMAL,6,0,6,0,0,0,6
A_APP_WEB_ONLY,WEBGL1-LOEO-v1-01,memory,memory_4GiB,clean_post,NORMAL,6,0,6,0,0,0,6
A_APP_WEB_ONLY,WEBGL1-LOEO-v1-01,memory,memory_8GiB,ALL,NORMAL,12,0,12,0,0,0,12
A_APP_WEB_ONLY,WEBGL1-LOEO-v1-01,memory,memory_8GiB,ALL,EFFECTIVE_INTERVENTION,6,0,6,0,0,0,6
A_APP_WEB_ONLY,WEBGL1-LOEO-v1-01,memory,memory_8GiB,attack,EFFECTIVE_INTERVENTION,6,0,6,0,0,0,6
A_APP_WEB_ONLY,WEBGL1-LOEO-v1-01,memory,memory_8GiB,clean_pre,NORMAL,6,0,6,0,0,0,6
A_APP_WEB_ONLY,WEBGL1-LOEO-v1-01,memory,memory_8GiB,clean_post,NORMAL,6,0,6,0,0,0,6
A_APP_WEB_ONLY,WEBGL1-LOEO-v1-01,timezone,ALL,ALL,NORMAL,30,6,24,0,0,0,30
A_APP_WEB_ONLY,WEBGL1-LOEO-v1-01,timezone,ALL,ALL,EFFECTIVE_INTERVENTION,6,6,0,0,0,0,6
A_APP_WEB_ONLY,WEBGL1-LOEO-v1-01,timezone,ALL,change,NORMAL,6,6,0,0,0,0,6
A_APP_WEB_ONLY,WEBGL1-LOEO-v1-01,timezone,ALL,change,EFFECTIVE_INTERVENTION,6,6,0,0,0,0,6
A_APP_WEB_ONLY,WEBGL1-LOEO-v1-01,timezone,ALL,clean_pre,NORMAL,12,0,12,0,0,0,12
A_APP_WEB_ONLY,WEBGL1-LOEO-v1-01,timezone,ALL,clean_post,NORMAL,12,0,12,0,0,0,12
A_APP_WEB_ONLY,WEBGL1-LOEO-v1-01,timezone,A_America/Los_Angeles,ALL,NORMAL,6,0,6,0,0,0,6
A_APP_WEB_ONLY,WEBGL1-LOEO-v1-01,timezone,A_America/Los_Angeles,ALL,EFFECTIVE_INTERVENTION,3,3,0,0,0,0,3
A_APP_WEB_ONLY,WEBGL1-LOEO-v1-01,timezone,A_America/Los_Angeles,change,EFFECTIVE_INTERVENTION,3,3,0,0,0,0,3
A_APP_WEB_ONLY,WEBGL1-LOEO-v1-01,timezone,A_America/Los_Angeles,clean_pre,NORMAL,3,0,3,0,0,0,3
A_APP_WEB_ONLY,WEBGL1-LOEO-v1-01,timezone,A_America/Los_Angeles,clean_post,NORMAL,3,0,3,0,0,0,3
A_APP_WEB_ONLY,WEBGL1-LOEO-v1-01,timezone,A_UTC,ALL,NORMAL,6,0,6,0,0,0,6
A_APP_WEB_ONLY,WEBGL1-LOEO-v1-01,timezone,A_UTC,ALL,EFFECTIVE_INTERVENTION,3,3,0,0,0,0,3
A_APP_WEB_ONLY,WEBGL1-LOEO-v1-01,timezone,A_UTC,change,EFFECTIVE_INTERVENTION,3,3,0,0,0,0,3
A_APP_WEB_ONLY,WEBGL1-LOEO-v1-01,timezone,A_UTC,clean_pre,NORMAL,3,0,3,0,0,0,3
A_APP_WEB_ONLY,WEBGL1-LOEO-v1-01,timezone,A_UTC,clean_post,NORMAL,3,0,3,0,0,0,3
A_APP_WEB_ONLY,WEBGL1-LOEO-v1-01,timezone,L_America/Los_Angeles,ALL,NORMAL,9,3,6,0,0,0,9
A_APP_WEB_ONLY,WEBGL1-LOEO-v1-01,timezone,L_America/Los_Angeles,change,NORMAL,3,3,0,0,0,0,3
A_APP_WEB_ONLY,WEBGL1-LOEO-v1-01,timezone,L_America/Los_Angeles,clean_pre,NORMAL,3,0,3,0,0,0,3
A_APP_WEB_ONLY,WEBGL1-LOEO-v1-01,timezone,L_America/Los_Angeles,clean_post,NORMAL,3,0,3,0,0,0,3
A_APP_WEB_ONLY,WEBGL1-LOEO-v1-01,timezone,L_UTC,ALL,NORMAL,9,3,6,0,0,0,9
A_APP_WEB_ONLY,WEBGL1-LOEO-v1-01,timezone,L_UTC,change,NORMAL,3,3,0,0,0,0,3
A_APP_WEB_ONLY,WEBGL1-LOEO-v1-01,timezone,L_UTC,clean_pre,NORMAL,3,0,3,0,0,0,3
A_APP_WEB_ONLY,WEBGL1-LOEO-v1-01,timezone,L_UTC,clean_post,NORMAL,3,0,3,0,0,0,3
A_APP_WEB_ONLY,WEBGL1-LOEO-v1-01,screen,ALL,ALL,NORMAL,66,6,60,0,0,0,66
A_APP_WEB_ONLY,WEBGL1-LOEO-v1-01,screen,ALL,ALL,EFFECTIVE_INTERVENTION,6,6,0,0,0,0,6
A_APP_WEB_ONLY,WEBGL1-LOEO-v1-01,screen,ALL,change,NORMAL,18,6,12,0,0,0,18
A_APP_WEB_ONLY,WEBGL1-LOEO-v1-01,screen,ALL,change,EFFECTIVE_INTERVENTION,6,6,0,0,0,0,6
A_APP_WEB_ONLY,WEBGL1-LOEO-v1-01,screen,ALL,clean_pre,NORMAL,24,0,24,0,0,0,24
A_APP_WEB_ONLY,WEBGL1-LOEO-v1-01,screen,ALL,clean_post,NORMAL,24,0,24,0,0,0,24
A_APP_WEB_ONLY,WEBGL1-LOEO-v1-01,screen,A_screen,ALL,NORMAL,12,0,12,0,0,0,12
A_APP_WEB_ONLY,WEBGL1-LOEO-v1-01,screen,A_screen,ALL,EFFECTIVE_INTERVENTION,6,6,0,0,0,0,6
A_APP_WEB_ONLY,WEBGL1-LOEO-v1-01,screen,A_screen,change,EFFECTIVE_INTERVENTION,6,6,0,0,0,0,6
A_APP_WEB_ONLY,WEBGL1-LOEO-v1-01,screen,A_screen,clean_pre,NORMAL,6,0,6,0,0,0,6
A_APP_WEB_ONLY,WEBGL1-LOEO-v1-01,screen,A_screen,clean_post,NORMAL,6,0,6,0,0,0,6
A_APP_WEB_ONLY,WEBGL1-LOEO-v1-01,screen,L1_screen,ALL,NORMAL,18,0,18,0,0,0,18
A_APP_WEB_ONLY,WEBGL1-LOEO-v1-01,screen,L1_screen,change,NORMAL,6,0,6,0,0,0,6
A_APP_WEB_ONLY,WEBGL1-LOEO-v1-01,screen,L1_screen,clean_pre,NORMAL,6,0,6,0,0,0,6
A_APP_WEB_ONLY,WEBGL1-LOEO-v1-01,screen,L1_screen,clean_post,NORMAL,6,0,6,0,0,0,6
A_APP_WEB_ONLY,WEBGL1-LOEO-v1-01,screen,L2_screen,ALL,NORMAL,18,6,12,0,0,0,18
A_APP_WEB_ONLY,WEBGL1-LOEO-v1-01,screen,L2_screen,change,NORMAL,6,6,0,0,0,0,6
A_APP_WEB_ONLY,WEBGL1-LOEO-v1-01,screen,L2_screen,clean_pre,NORMAL,6,0,6,0,0,0,6
A_APP_WEB_ONLY,WEBGL1-LOEO-v1-01,screen,L2_screen,clean_post,NORMAL,6,0,6,0,0,0,6
A_APP_WEB_ONLY,WEBGL1-LOEO-v1-01,screen,L3_screen,ALL,NORMAL,18,0,18,0,0,0,18
A_APP_WEB_ONLY,WEBGL1-LOEO-v1-01,screen,L3_screen,change,NORMAL,6,0,6,0,0,0,6
A_APP_WEB_ONLY,WEBGL1-LOEO-v1-01,screen,L3_screen,clean_pre,NORMAL,6,0,6,0,0,0,6
A_APP_WEB_ONLY,WEBGL1-LOEO-v1-01,screen,L3_screen,clean_post,NORMAL,6,0,6,0,0,0,6
A_APP_WEB_ONLY,WEBGL1-LOEO-v1-02,memory,ALL,ALL,NORMAL,48,0,48,0,0,0,48
A_APP_WEB_ONLY,WEBGL1-LOEO-v1-02,memory,ALL,ALL,EFFECTIVE_INTERVENTION,18,0,18,0,0,0,18
A_APP_WEB_ONLY,WEBGL1-LOEO-v1-02,memory,ALL,ALL,NO_OBSERVABLE_EFFECT,6,0,6,0,0,0,6
A_APP_WEB_ONLY,WEBGL1-LOEO-v1-02,memory,ALL,attack,EFFECTIVE_INTERVENTION,18,0,18,0,0,0,18
A_APP_WEB_ONLY,WEBGL1-LOEO-v1-02,memory,ALL,attack,NO_OBSERVABLE_EFFECT,6,0,6,0,0,0,6
A_APP_WEB_ONLY,WEBGL1-LOEO-v1-02,memory,ALL,clean_pre,NORMAL,24,0,24,0,0,0,24
A_APP_WEB_ONLY,WEBGL1-LOEO-v1-02,memory,ALL,clean_post,NORMAL,24,0,24,0,0,0,24
A_APP_WEB_ONLY,WEBGL1-LOEO-v1-02,memory,memory_16GiB,ALL,NORMAL,12,0,12,0,0,0,12
A_APP_WEB_ONLY,WEBGL1-LOEO-v1-02,memory,memory_16GiB,ALL,EFFECTIVE_INTERVENTION,6,0,6,0,0,0,6
A_APP_WEB_ONLY,WEBGL1-LOEO-v1-02,memory,memory_16GiB,attack,EFFECTIVE_INTERVENTION,6,0,6,0,0,0,6
A_APP_WEB_ONLY,WEBGL1-LOEO-v1-02,memory,memory_16GiB,clean_pre,NORMAL,6,0,6,0,0,0,6
A_APP_WEB_ONLY,WEBGL1-LOEO-v1-02,memory,memory_16GiB,clean_post,NORMAL,6,0,6,0,0,0,6
A_APP_WEB_ONLY,WEBGL1-LOEO-v1-02,memory,memory_2GiB,ALL,NORMAL,12,0,12,0,0,0,12
A_APP_WEB_ONLY,WEBGL1-LOEO-v1-02,memory,memory_2GiB,ALL,NO_OBSERVABLE_EFFECT,6,0,6,0,0,0,6
A_APP_WEB_ONLY,WEBGL1-LOEO-v1-02,memory,memory_2GiB,attack,NO_OBSERVABLE_EFFECT,6,0,6,0,0,0,6
A_APP_WEB_ONLY,WEBGL1-LOEO-v1-02,memory,memory_2GiB,clean_pre,NORMAL,6,0,6,0,0,0,6
A_APP_WEB_ONLY,WEBGL1-LOEO-v1-02,memory,memory_2GiB,clean_post,NORMAL,6,0,6,0,0,0,6
A_APP_WEB_ONLY,WEBGL1-LOEO-v1-02,memory,memory_4GiB,ALL,NORMAL,12,0,12,0,0,0,12
A_APP_WEB_ONLY,WEBGL1-LOEO-v1-02,memory,memory_4GiB,ALL,EFFECTIVE_INTERVENTION,6,0,6,0,0,0,6
A_APP_WEB_ONLY,WEBGL1-LOEO-v1-02,memory,memory_4GiB,attack,EFFECTIVE_INTERVENTION,6,0,6,0,0,0,6
A_APP_WEB_ONLY,WEBGL1-LOEO-v1-02,memory,memory_4GiB,clean_pre,NORMAL,6,0,6,0,0,0,6
A_APP_WEB_ONLY,WEBGL1-LOEO-v1-02,memory,memory_4GiB,clean_post,NORMAL,6,0,6,0,0,0,6
A_APP_WEB_ONLY,WEBGL1-LOEO-v1-02,memory,memory_8GiB,ALL,NORMAL,12,0,12,0,0,0,12
A_APP_WEB_ONLY,WEBGL1-LOEO-v1-02,memory,memory_8GiB,ALL,EFFECTIVE_INTERVENTION,6,0,6,0,0,0,6
A_APP_WEB_ONLY,WEBGL1-LOEO-v1-02,memory,memory_8GiB,attack,EFFECTIVE_INTERVENTION,6,0,6,0,0,0,6
A_APP_WEB_ONLY,WEBGL1-LOEO-v1-02,memory,memory_8GiB,clean_pre,NORMAL,6,0,6,0,0,0,6
A_APP_WEB_ONLY,WEBGL1-LOEO-v1-02,memory,memory_8GiB,clean_post,NORMAL,6,0,6,0,0,0,6
A_APP_WEB_ONLY,WEBGL1-LOEO-v1-02,timezone,ALL,ALL,NORMAL,30,6,24,0,0,0,30
A_APP_WEB_ONLY,WEBGL1-LOEO-v1-02,timezone,ALL,ALL,EFFECTIVE_INTERVENTION,6,6,0,0,0,0,6
A_APP_WEB_ONLY,WEBGL1-LOEO-v1-02,timezone,ALL,change,NORMAL,6,6,0,0,0,0,6
A_APP_WEB_ONLY,WEBGL1-LOEO-v1-02,timezone,ALL,change,EFFECTIVE_INTERVENTION,6,6,0,0,0,0,6
A_APP_WEB_ONLY,WEBGL1-LOEO-v1-02,timezone,ALL,clean_pre,NORMAL,12,0,12,0,0,0,12
A_APP_WEB_ONLY,WEBGL1-LOEO-v1-02,timezone,ALL,clean_post,NORMAL,12,0,12,0,0,0,12
A_APP_WEB_ONLY,WEBGL1-LOEO-v1-02,timezone,A_America/Los_Angeles,ALL,NORMAL,6,0,6,0,0,0,6
A_APP_WEB_ONLY,WEBGL1-LOEO-v1-02,timezone,A_America/Los_Angeles,ALL,EFFECTIVE_INTERVENTION,3,3,0,0,0,0,3
A_APP_WEB_ONLY,WEBGL1-LOEO-v1-02,timezone,A_America/Los_Angeles,change,EFFECTIVE_INTERVENTION,3,3,0,0,0,0,3
A_APP_WEB_ONLY,WEBGL1-LOEO-v1-02,timezone,A_America/Los_Angeles,clean_pre,NORMAL,3,0,3,0,0,0,3
A_APP_WEB_ONLY,WEBGL1-LOEO-v1-02,timezone,A_America/Los_Angeles,clean_post,NORMAL,3,0,3,0,0,0,3
A_APP_WEB_ONLY,WEBGL1-LOEO-v1-02,timezone,A_UTC,ALL,NORMAL,6,0,6,0,0,0,6
A_APP_WEB_ONLY,WEBGL1-LOEO-v1-02,timezone,A_UTC,ALL,EFFECTIVE_INTERVENTION,3,3,0,0,0,0,3
A_APP_WEB_ONLY,WEBGL1-LOEO-v1-02,timezone,A_UTC,change,EFFECTIVE_INTERVENTION,3,3,0,0,0,0,3
A_APP_WEB_ONLY,WEBGL1-LOEO-v1-02,timezone,A_UTC,clean_pre,NORMAL,3,0,3,0,0,0,3
A_APP_WEB_ONLY,WEBGL1-LOEO-v1-02,timezone,A_UTC,clean_post,NORMAL,3,0,3,0,0,0,3
A_APP_WEB_ONLY,WEBGL1-LOEO-v1-02,timezone,L_America/Los_Angeles,ALL,NORMAL,9,3,6,0,0,0,9
A_APP_WEB_ONLY,WEBGL1-LOEO-v1-02,timezone,L_America/Los_Angeles,change,NORMAL,3,3,0,0,0,0,3
A_APP_WEB_ONLY,WEBGL1-LOEO-v1-02,timezone,L_America/Los_Angeles,clean_pre,NORMAL,3,0,3,0,0,0,3
A_APP_WEB_ONLY,WEBGL1-LOEO-v1-02,timezone,L_America/Los_Angeles,clean_post,NORMAL,3,0,3,0,0,0,3
A_APP_WEB_ONLY,WEBGL1-LOEO-v1-02,timezone,L_UTC,ALL,NORMAL,9,3,6,0,0,0,9
A_APP_WEB_ONLY,WEBGL1-LOEO-v1-02,timezone,L_UTC,change,NORMAL,3,3,0,0,0,0,3
A_APP_WEB_ONLY,WEBGL1-LOEO-v1-02,timezone,L_UTC,clean_pre,NORMAL,3,0,3,0,0,0,3
A_APP_WEB_ONLY,WEBGL1-LOEO-v1-02,timezone,L_UTC,clean_post,NORMAL,3,0,3,0,0,0,3
A_APP_WEB_ONLY,WEBGL1-LOEO-v1-02,screen,ALL,ALL,NORMAL,66,6,60,0,0,0,66
A_APP_WEB_ONLY,WEBGL1-LOEO-v1-02,screen,ALL,ALL,EFFECTIVE_INTERVENTION,6,6,0,0,0,0,6
A_APP_WEB_ONLY,WEBGL1-LOEO-v1-02,screen,ALL,change,NORMAL,18,6,12,0,0,0,18
A_APP_WEB_ONLY,WEBGL1-LOEO-v1-02,screen,ALL,change,EFFECTIVE_INTERVENTION,6,6,0,0,0,0,6
A_APP_WEB_ONLY,WEBGL1-LOEO-v1-02,screen,ALL,clean_pre,NORMAL,24,0,24,0,0,0,24
A_APP_WEB_ONLY,WEBGL1-LOEO-v1-02,screen,ALL,clean_post,NORMAL,24,0,24,0,0,0,24
A_APP_WEB_ONLY,WEBGL1-LOEO-v1-02,screen,A_screen,ALL,NORMAL,12,0,12,0,0,0,12
A_APP_WEB_ONLY,WEBGL1-LOEO-v1-02,screen,A_screen,ALL,EFFECTIVE_INTERVENTION,6,6,0,0,0,0,6
A_APP_WEB_ONLY,WEBGL1-LOEO-v1-02,screen,A_screen,change,EFFECTIVE_INTERVENTION,6,6,0,0,0,0,6
A_APP_WEB_ONLY,WEBGL1-LOEO-v1-02,screen,A_screen,clean_pre,NORMAL,6,0,6,0,0,0,6
A_APP_WEB_ONLY,WEBGL1-LOEO-v1-02,screen,A_screen,clean_post,NORMAL,6,0,6,0,0,0,6
A_APP_WEB_ONLY,WEBGL1-LOEO-v1-02,screen,L1_screen,ALL,NORMAL,18,0,18,0,0,0,18
A_APP_WEB_ONLY,WEBGL1-LOEO-v1-02,screen,L1_screen,change,NORMAL,6,0,6,0,0,0,6
A_APP_WEB_ONLY,WEBGL1-LOEO-v1-02,screen,L1_screen,clean_pre,NORMAL,6,0,6,0,0,0,6
A_APP_WEB_ONLY,WEBGL1-LOEO-v1-02,screen,L1_screen,clean_post,NORMAL,6,0,6,0,0,0,6
A_APP_WEB_ONLY,WEBGL1-LOEO-v1-02,screen,L2_screen,ALL,NORMAL,18,6,12,0,0,0,18
A_APP_WEB_ONLY,WEBGL1-LOEO-v1-02,screen,L2_screen,change,NORMAL,6,6,0,0,0,0,6
A_APP_WEB_ONLY,WEBGL1-LOEO-v1-02,screen,L2_screen,clean_pre,NORMAL,6,0,6,0,0,0,6
A_APP_WEB_ONLY,WEBGL1-LOEO-v1-02,screen,L2_screen,clean_post,NORMAL,6,0,6,0,0,0,6
A_APP_WEB_ONLY,WEBGL1-LOEO-v1-02,screen,L3_screen,ALL,NORMAL,18,0,18,0,0,0,18
A_APP_WEB_ONLY,WEBGL1-LOEO-v1-02,screen,L3_screen,change,NORMAL,6,0,6,0,0,0,6
A_APP_WEB_ONLY,WEBGL1-LOEO-v1-02,screen,L3_screen,clean_pre,NORMAL,6,0,6,0,0,0,6
A_APP_WEB_ONLY,WEBGL1-LOEO-v1-02,screen,L3_screen,clean_post,NORMAL,6,0,6,0,0,0,6
A_APP_WEB_ONLY,WEBGL1-LOEO-v1-03,memory,ALL,ALL,NORMAL,48,0,48,0,0,0,48
A_APP_WEB_ONLY,WEBGL1-LOEO-v1-03,memory,ALL,ALL,EFFECTIVE_INTERVENTION,18,0,18,0,0,0,18
A_APP_WEB_ONLY,WEBGL1-LOEO-v1-03,memory,ALL,ALL,NO_OBSERVABLE_EFFECT,6,0,6,0,0,0,6
A_APP_WEB_ONLY,WEBGL1-LOEO-v1-03,memory,ALL,attack,EFFECTIVE_INTERVENTION,18,0,18,0,0,0,18
A_APP_WEB_ONLY,WEBGL1-LOEO-v1-03,memory,ALL,attack,NO_OBSERVABLE_EFFECT,6,0,6,0,0,0,6
A_APP_WEB_ONLY,WEBGL1-LOEO-v1-03,memory,ALL,clean_pre,NORMAL,24,0,24,0,0,0,24
A_APP_WEB_ONLY,WEBGL1-LOEO-v1-03,memory,ALL,clean_post,NORMAL,24,0,24,0,0,0,24
A_APP_WEB_ONLY,WEBGL1-LOEO-v1-03,memory,memory_16GiB,ALL,NORMAL,12,0,12,0,0,0,12
A_APP_WEB_ONLY,WEBGL1-LOEO-v1-03,memory,memory_16GiB,ALL,EFFECTIVE_INTERVENTION,6,0,6,0,0,0,6
A_APP_WEB_ONLY,WEBGL1-LOEO-v1-03,memory,memory_16GiB,attack,EFFECTIVE_INTERVENTION,6,0,6,0,0,0,6
A_APP_WEB_ONLY,WEBGL1-LOEO-v1-03,memory,memory_16GiB,clean_pre,NORMAL,6,0,6,0,0,0,6
A_APP_WEB_ONLY,WEBGL1-LOEO-v1-03,memory,memory_16GiB,clean_post,NORMAL,6,0,6,0,0,0,6
A_APP_WEB_ONLY,WEBGL1-LOEO-v1-03,memory,memory_2GiB,ALL,NORMAL,12,0,12,0,0,0,12
A_APP_WEB_ONLY,WEBGL1-LOEO-v1-03,memory,memory_2GiB,ALL,NO_OBSERVABLE_EFFECT,6,0,6,0,0,0,6
A_APP_WEB_ONLY,WEBGL1-LOEO-v1-03,memory,memory_2GiB,attack,NO_OBSERVABLE_EFFECT,6,0,6,0,0,0,6
A_APP_WEB_ONLY,WEBGL1-LOEO-v1-03,memory,memory_2GiB,clean_pre,NORMAL,6,0,6,0,0,0,6
A_APP_WEB_ONLY,WEBGL1-LOEO-v1-03,memory,memory_2GiB,clean_post,NORMAL,6,0,6,0,0,0,6
A_APP_WEB_ONLY,WEBGL1-LOEO-v1-03,memory,memory_4GiB,ALL,NORMAL,12,0,12,0,0,0,12
A_APP_WEB_ONLY,WEBGL1-LOEO-v1-03,memory,memory_4GiB,ALL,EFFECTIVE_INTERVENTION,6,0,6,0,0,0,6
A_APP_WEB_ONLY,WEBGL1-LOEO-v1-03,memory,memory_4GiB,attack,EFFECTIVE_INTERVENTION,6,0,6,0,0,0,6
A_APP_WEB_ONLY,WEBGL1-LOEO-v1-03,memory,memory_4GiB,clean_pre,NORMAL,6,0,6,0,0,0,6
A_APP_WEB_ONLY,WEBGL1-LOEO-v1-03,memory,memory_4GiB,clean_post,NORMAL,6,0,6,0,0,0,6
A_APP_WEB_ONLY,WEBGL1-LOEO-v1-03,memory,memory_8GiB,ALL,NORMAL,12,0,12,0,0,0,12
A_APP_WEB_ONLY,WEBGL1-LOEO-v1-03,memory,memory_8GiB,ALL,EFFECTIVE_INTERVENTION,6,0,6,0,0,0,6
A_APP_WEB_ONLY,WEBGL1-LOEO-v1-03,memory,memory_8GiB,attack,EFFECTIVE_INTERVENTION,6,0,6,0,0,0,6
A_APP_WEB_ONLY,WEBGL1-LOEO-v1-03,memory,memory_8GiB,clean_pre,NORMAL,6,0,6,0,0,0,6
A_APP_WEB_ONLY,WEBGL1-LOEO-v1-03,memory,memory_8GiB,clean_post,NORMAL,6,0,6,0,0,0,6
A_APP_WEB_ONLY,WEBGL1-LOEO-v1-03,timezone,ALL,ALL,NORMAL,30,6,24,0,0,0,30
A_APP_WEB_ONLY,WEBGL1-LOEO-v1-03,timezone,ALL,ALL,EFFECTIVE_INTERVENTION,6,6,0,0,0,0,6
A_APP_WEB_ONLY,WEBGL1-LOEO-v1-03,timezone,ALL,change,NORMAL,6,6,0,0,0,0,6
A_APP_WEB_ONLY,WEBGL1-LOEO-v1-03,timezone,ALL,change,EFFECTIVE_INTERVENTION,6,6,0,0,0,0,6
A_APP_WEB_ONLY,WEBGL1-LOEO-v1-03,timezone,ALL,clean_pre,NORMAL,12,0,12,0,0,0,12
A_APP_WEB_ONLY,WEBGL1-LOEO-v1-03,timezone,ALL,clean_post,NORMAL,12,0,12,0,0,0,12
A_APP_WEB_ONLY,WEBGL1-LOEO-v1-03,timezone,A_America/Los_Angeles,ALL,NORMAL,6,0,6,0,0,0,6
A_APP_WEB_ONLY,WEBGL1-LOEO-v1-03,timezone,A_America/Los_Angeles,ALL,EFFECTIVE_INTERVENTION,3,3,0,0,0,0,3
A_APP_WEB_ONLY,WEBGL1-LOEO-v1-03,timezone,A_America/Los_Angeles,change,EFFECTIVE_INTERVENTION,3,3,0,0,0,0,3
A_APP_WEB_ONLY,WEBGL1-LOEO-v1-03,timezone,A_America/Los_Angeles,clean_pre,NORMAL,3,0,3,0,0,0,3
A_APP_WEB_ONLY,WEBGL1-LOEO-v1-03,timezone,A_America/Los_Angeles,clean_post,NORMAL,3,0,3,0,0,0,3
A_APP_WEB_ONLY,WEBGL1-LOEO-v1-03,timezone,A_UTC,ALL,NORMAL,6,0,6,0,0,0,6
A_APP_WEB_ONLY,WEBGL1-LOEO-v1-03,timezone,A_UTC,ALL,EFFECTIVE_INTERVENTION,3,3,0,0,0,0,3
A_APP_WEB_ONLY,WEBGL1-LOEO-v1-03,timezone,A_UTC,change,EFFECTIVE_INTERVENTION,3,3,0,0,0,0,3
A_APP_WEB_ONLY,WEBGL1-LOEO-v1-03,timezone,A_UTC,clean_pre,NORMAL,3,0,3,0,0,0,3
A_APP_WEB_ONLY,WEBGL1-LOEO-v1-03,timezone,A_UTC,clean_post,NORMAL,3,0,3,0,0,0,3
A_APP_WEB_ONLY,WEBGL1-LOEO-v1-03,timezone,L_America/Los_Angeles,ALL,NORMAL,9,3,6,0,0,0,9
A_APP_WEB_ONLY,WEBGL1-LOEO-v1-03,timezone,L_America/Los_Angeles,change,NORMAL,3,3,0,0,0,0,3
A_APP_WEB_ONLY,WEBGL1-LOEO-v1-03,timezone,L_America/Los_Angeles,clean_pre,NORMAL,3,0,3,0,0,0,3
A_APP_WEB_ONLY,WEBGL1-LOEO-v1-03,timezone,L_America/Los_Angeles,clean_post,NORMAL,3,0,3,0,0,0,3
A_APP_WEB_ONLY,WEBGL1-LOEO-v1-03,timezone,L_UTC,ALL,NORMAL,9,3,6,0,0,0,9
A_APP_WEB_ONLY,WEBGL1-LOEO-v1-03,timezone,L_UTC,change,NORMAL,3,3,0,0,0,0,3
A_APP_WEB_ONLY,WEBGL1-LOEO-v1-03,timezone,L_UTC,clean_pre,NORMAL,3,0,3,0,0,0,3
A_APP_WEB_ONLY,WEBGL1-LOEO-v1-03,timezone,L_UTC,clean_post,NORMAL,3,0,3,0,0,0,3
A_APP_WEB_ONLY,WEBGL1-LOEO-v1-03,screen,ALL,ALL,NORMAL,66,0,66,0,0,0,66
A_APP_WEB_ONLY,WEBGL1-LOEO-v1-03,screen,ALL,ALL,EFFECTIVE_INTERVENTION,6,0,6,0,0,0,6
A_APP_WEB_ONLY,WEBGL1-LOEO-v1-03,screen,ALL,change,NORMAL,18,0,18,0,0,0,18
A_APP_WEB_ONLY,WEBGL1-LOEO-v1-03,screen,ALL,change,EFFECTIVE_INTERVENTION,6,0,6,0,0,0,6
A_APP_WEB_ONLY,WEBGL1-LOEO-v1-03,screen,ALL,clean_pre,NORMAL,24,0,24,0,0,0,24
A_APP_WEB_ONLY,WEBGL1-LOEO-v1-03,screen,ALL,clean_post,NORMAL,24,0,24,0,0,0,24
A_APP_WEB_ONLY,WEBGL1-LOEO-v1-03,screen,A_screen,ALL,NORMAL,12,0,12,0,0,0,12
A_APP_WEB_ONLY,WEBGL1-LOEO-v1-03,screen,A_screen,ALL,EFFECTIVE_INTERVENTION,6,0,6,0,0,0,6
A_APP_WEB_ONLY,WEBGL1-LOEO-v1-03,screen,A_screen,change,EFFECTIVE_INTERVENTION,6,0,6,0,0,0,6
A_APP_WEB_ONLY,WEBGL1-LOEO-v1-03,screen,A_screen,clean_pre,NORMAL,6,0,6,0,0,0,6
A_APP_WEB_ONLY,WEBGL1-LOEO-v1-03,screen,A_screen,clean_post,NORMAL,6,0,6,0,0,0,6
A_APP_WEB_ONLY,WEBGL1-LOEO-v1-03,screen,L1_screen,ALL,NORMAL,18,0,18,0,0,0,18
A_APP_WEB_ONLY,WEBGL1-LOEO-v1-03,screen,L1_screen,change,NORMAL,6,0,6,0,0,0,6
A_APP_WEB_ONLY,WEBGL1-LOEO-v1-03,screen,L1_screen,clean_pre,NORMAL,6,0,6,0,0,0,6
A_APP_WEB_ONLY,WEBGL1-LOEO-v1-03,screen,L1_screen,clean_post,NORMAL,6,0,6,0,0,0,6
A_APP_WEB_ONLY,WEBGL1-LOEO-v1-03,screen,L2_screen,ALL,NORMAL,18,0,18,0,0,0,18
A_APP_WEB_ONLY,WEBGL1-LOEO-v1-03,screen,L2_screen,change,NORMAL,6,0,6,0,0,0,6
A_APP_WEB_ONLY,WEBGL1-LOEO-v1-03,screen,L2_screen,clean_pre,NORMAL,6,0,6,0,0,0,6
A_APP_WEB_ONLY,WEBGL1-LOEO-v1-03,screen,L2_screen,clean_post,NORMAL,6,0,6,0,0,0,6
A_APP_WEB_ONLY,WEBGL1-LOEO-v1-03,screen,L3_screen,ALL,NORMAL,18,0,18,0,0,0,18
A_APP_WEB_ONLY,WEBGL1-LOEO-v1-03,screen,L3_screen,change,NORMAL,6,0,6,0,0,0,6
A_APP_WEB_ONLY,WEBGL1-LOEO-v1-03,screen,L3_screen,clean_pre,NORMAL,6,0,6,0,0,0,6
A_APP_WEB_ONLY,WEBGL1-LOEO-v1-03,screen,L3_screen,clean_post,NORMAL,6,0,6,0,0,0,6
A_NO_MEMORY_REL,WEBGL1-LOEO-v1-01,memory,ALL,ALL,NORMAL,48,0,48,0,0,0,48
A_NO_MEMORY_REL,WEBGL1-LOEO-v1-01,memory,ALL,ALL,EFFECTIVE_INTERVENTION,18,0,18,0,0,0,18
A_NO_MEMORY_REL,WEBGL1-LOEO-v1-01,memory,ALL,ALL,NO_OBSERVABLE_EFFECT,6,0,6,0,0,0,6
A_NO_MEMORY_REL,WEBGL1-LOEO-v1-01,memory,ALL,attack,EFFECTIVE_INTERVENTION,18,0,18,0,0,0,18
A_NO_MEMORY_REL,WEBGL1-LOEO-v1-01,memory,ALL,attack,NO_OBSERVABLE_EFFECT,6,0,6,0,0,0,6
A_NO_MEMORY_REL,WEBGL1-LOEO-v1-01,memory,ALL,clean_pre,NORMAL,24,0,24,0,0,0,24
A_NO_MEMORY_REL,WEBGL1-LOEO-v1-01,memory,ALL,clean_post,NORMAL,24,0,24,0,0,0,24
A_NO_MEMORY_REL,WEBGL1-LOEO-v1-01,memory,memory_16GiB,ALL,NORMAL,12,0,12,0,0,0,12
A_NO_MEMORY_REL,WEBGL1-LOEO-v1-01,memory,memory_16GiB,ALL,EFFECTIVE_INTERVENTION,6,0,6,0,0,0,6
A_NO_MEMORY_REL,WEBGL1-LOEO-v1-01,memory,memory_16GiB,attack,EFFECTIVE_INTERVENTION,6,0,6,0,0,0,6
A_NO_MEMORY_REL,WEBGL1-LOEO-v1-01,memory,memory_16GiB,clean_pre,NORMAL,6,0,6,0,0,0,6
A_NO_MEMORY_REL,WEBGL1-LOEO-v1-01,memory,memory_16GiB,clean_post,NORMAL,6,0,6,0,0,0,6
A_NO_MEMORY_REL,WEBGL1-LOEO-v1-01,memory,memory_2GiB,ALL,NORMAL,12,0,12,0,0,0,12
A_NO_MEMORY_REL,WEBGL1-LOEO-v1-01,memory,memory_2GiB,ALL,NO_OBSERVABLE_EFFECT,6,0,6,0,0,0,6
A_NO_MEMORY_REL,WEBGL1-LOEO-v1-01,memory,memory_2GiB,attack,NO_OBSERVABLE_EFFECT,6,0,6,0,0,0,6
A_NO_MEMORY_REL,WEBGL1-LOEO-v1-01,memory,memory_2GiB,clean_pre,NORMAL,6,0,6,0,0,0,6
A_NO_MEMORY_REL,WEBGL1-LOEO-v1-01,memory,memory_2GiB,clean_post,NORMAL,6,0,6,0,0,0,6
A_NO_MEMORY_REL,WEBGL1-LOEO-v1-01,memory,memory_4GiB,ALL,NORMAL,12,0,12,0,0,0,12
A_NO_MEMORY_REL,WEBGL1-LOEO-v1-01,memory,memory_4GiB,ALL,EFFECTIVE_INTERVENTION,6,0,6,0,0,0,6
A_NO_MEMORY_REL,WEBGL1-LOEO-v1-01,memory,memory_4GiB,attack,EFFECTIVE_INTERVENTION,6,0,6,0,0,0,6
A_NO_MEMORY_REL,WEBGL1-LOEO-v1-01,memory,memory_4GiB,clean_pre,NORMAL,6,0,6,0,0,0,6
A_NO_MEMORY_REL,WEBGL1-LOEO-v1-01,memory,memory_4GiB,clean_post,NORMAL,6,0,6,0,0,0,6
A_NO_MEMORY_REL,WEBGL1-LOEO-v1-01,memory,memory_8GiB,ALL,NORMAL,12,0,12,0,0,0,12
A_NO_MEMORY_REL,WEBGL1-LOEO-v1-01,memory,memory_8GiB,ALL,EFFECTIVE_INTERVENTION,6,0,6,0,0,0,6
A_NO_MEMORY_REL,WEBGL1-LOEO-v1-01,memory,memory_8GiB,attack,EFFECTIVE_INTERVENTION,6,0,6,0,0,0,6
A_NO_MEMORY_REL,WEBGL1-LOEO-v1-01,memory,memory_8GiB,clean_pre,NORMAL,6,0,6,0,0,0,6
A_NO_MEMORY_REL,WEBGL1-LOEO-v1-01,memory,memory_8GiB,clean_post,NORMAL,6,0,6,0,0,0,6
A_NO_MEMORY_REL,WEBGL1-LOEO-v1-01,timezone,ALL,ALL,NORMAL,30,0,30,0,0,0,30
A_NO_MEMORY_REL,WEBGL1-LOEO-v1-01,timezone,ALL,ALL,EFFECTIVE_INTERVENTION,6,6,0,0,0,0,6
A_NO_MEMORY_REL,WEBGL1-LOEO-v1-01,timezone,ALL,change,NORMAL,6,0,6,0,0,0,6
A_NO_MEMORY_REL,WEBGL1-LOEO-v1-01,timezone,ALL,change,EFFECTIVE_INTERVENTION,6,6,0,0,0,0,6
A_NO_MEMORY_REL,WEBGL1-LOEO-v1-01,timezone,ALL,clean_pre,NORMAL,12,0,12,0,0,0,12
A_NO_MEMORY_REL,WEBGL1-LOEO-v1-01,timezone,ALL,clean_post,NORMAL,12,0,12,0,0,0,12
A_NO_MEMORY_REL,WEBGL1-LOEO-v1-01,timezone,A_America/Los_Angeles,ALL,NORMAL,6,0,6,0,0,0,6
A_NO_MEMORY_REL,WEBGL1-LOEO-v1-01,timezone,A_America/Los_Angeles,ALL,EFFECTIVE_INTERVENTION,3,3,0,0,0,0,3
A_NO_MEMORY_REL,WEBGL1-LOEO-v1-01,timezone,A_America/Los_Angeles,change,EFFECTIVE_INTERVENTION,3,3,0,0,0,0,3
A_NO_MEMORY_REL,WEBGL1-LOEO-v1-01,timezone,A_America/Los_Angeles,clean_pre,NORMAL,3,0,3,0,0,0,3
A_NO_MEMORY_REL,WEBGL1-LOEO-v1-01,timezone,A_America/Los_Angeles,clean_post,NORMAL,3,0,3,0,0,0,3
A_NO_MEMORY_REL,WEBGL1-LOEO-v1-01,timezone,A_UTC,ALL,NORMAL,6,0,6,0,0,0,6
A_NO_MEMORY_REL,WEBGL1-LOEO-v1-01,timezone,A_UTC,ALL,EFFECTIVE_INTERVENTION,3,3,0,0,0,0,3
A_NO_MEMORY_REL,WEBGL1-LOEO-v1-01,timezone,A_UTC,change,EFFECTIVE_INTERVENTION,3,3,0,0,0,0,3
A_NO_MEMORY_REL,WEBGL1-LOEO-v1-01,timezone,A_UTC,clean_pre,NORMAL,3,0,3,0,0,0,3
A_NO_MEMORY_REL,WEBGL1-LOEO-v1-01,timezone,A_UTC,clean_post,NORMAL,3,0,3,0,0,0,3
A_NO_MEMORY_REL,WEBGL1-LOEO-v1-01,timezone,L_America/Los_Angeles,ALL,NORMAL,9,0,9,0,0,0,9
A_NO_MEMORY_REL,WEBGL1-LOEO-v1-01,timezone,L_America/Los_Angeles,change,NORMAL,3,0,3,0,0,0,3
A_NO_MEMORY_REL,WEBGL1-LOEO-v1-01,timezone,L_America/Los_Angeles,clean_pre,NORMAL,3,0,3,0,0,0,3
A_NO_MEMORY_REL,WEBGL1-LOEO-v1-01,timezone,L_America/Los_Angeles,clean_post,NORMAL,3,0,3,0,0,0,3
A_NO_MEMORY_REL,WEBGL1-LOEO-v1-01,timezone,L_UTC,ALL,NORMAL,9,0,9,0,0,0,9
A_NO_MEMORY_REL,WEBGL1-LOEO-v1-01,timezone,L_UTC,change,NORMAL,3,0,3,0,0,0,3
A_NO_MEMORY_REL,WEBGL1-LOEO-v1-01,timezone,L_UTC,clean_pre,NORMAL,3,0,3,0,0,0,3
A_NO_MEMORY_REL,WEBGL1-LOEO-v1-01,timezone,L_UTC,clean_post,NORMAL,3,0,3,0,0,0,3
A_NO_MEMORY_REL,WEBGL1-LOEO-v1-01,screen,ALL,ALL,NORMAL,66,6,60,0,0,0,66
A_NO_MEMORY_REL,WEBGL1-LOEO-v1-01,screen,ALL,ALL,EFFECTIVE_INTERVENTION,6,6,0,0,0,0,6
A_NO_MEMORY_REL,WEBGL1-LOEO-v1-01,screen,ALL,change,NORMAL,18,6,12,0,0,0,18
A_NO_MEMORY_REL,WEBGL1-LOEO-v1-01,screen,ALL,change,EFFECTIVE_INTERVENTION,6,6,0,0,0,0,6
A_NO_MEMORY_REL,WEBGL1-LOEO-v1-01,screen,ALL,clean_pre,NORMAL,24,0,24,0,0,0,24
A_NO_MEMORY_REL,WEBGL1-LOEO-v1-01,screen,ALL,clean_post,NORMAL,24,0,24,0,0,0,24
A_NO_MEMORY_REL,WEBGL1-LOEO-v1-01,screen,A_screen,ALL,NORMAL,12,0,12,0,0,0,12
A_NO_MEMORY_REL,WEBGL1-LOEO-v1-01,screen,A_screen,ALL,EFFECTIVE_INTERVENTION,6,6,0,0,0,0,6
A_NO_MEMORY_REL,WEBGL1-LOEO-v1-01,screen,A_screen,change,EFFECTIVE_INTERVENTION,6,6,0,0,0,0,6
A_NO_MEMORY_REL,WEBGL1-LOEO-v1-01,screen,A_screen,clean_pre,NORMAL,6,0,6,0,0,0,6
A_NO_MEMORY_REL,WEBGL1-LOEO-v1-01,screen,A_screen,clean_post,NORMAL,6,0,6,0,0,0,6
A_NO_MEMORY_REL,WEBGL1-LOEO-v1-01,screen,L1_screen,ALL,NORMAL,18,0,18,0,0,0,18
A_NO_MEMORY_REL,WEBGL1-LOEO-v1-01,screen,L1_screen,change,NORMAL,6,0,6,0,0,0,6
A_NO_MEMORY_REL,WEBGL1-LOEO-v1-01,screen,L1_screen,clean_pre,NORMAL,6,0,6,0,0,0,6
A_NO_MEMORY_REL,WEBGL1-LOEO-v1-01,screen,L1_screen,clean_post,NORMAL,6,0,6,0,0,0,6
A_NO_MEMORY_REL,WEBGL1-LOEO-v1-01,screen,L2_screen,ALL,NORMAL,18,6,12,0,0,0,18
A_NO_MEMORY_REL,WEBGL1-LOEO-v1-01,screen,L2_screen,change,NORMAL,6,6,0,0,0,0,6
A_NO_MEMORY_REL,WEBGL1-LOEO-v1-01,screen,L2_screen,clean_pre,NORMAL,6,0,6,0,0,0,6
A_NO_MEMORY_REL,WEBGL1-LOEO-v1-01,screen,L2_screen,clean_post,NORMAL,6,0,6,0,0,0,6
A_NO_MEMORY_REL,WEBGL1-LOEO-v1-01,screen,L3_screen,ALL,NORMAL,18,0,18,0,0,0,18
A_NO_MEMORY_REL,WEBGL1-LOEO-v1-01,screen,L3_screen,change,NORMAL,6,0,6,0,0,0,6
A_NO_MEMORY_REL,WEBGL1-LOEO-v1-01,screen,L3_screen,clean_pre,NORMAL,6,0,6,0,0,0,6
A_NO_MEMORY_REL,WEBGL1-LOEO-v1-01,screen,L3_screen,clean_post,NORMAL,6,0,6,0,0,0,6
A_NO_MEMORY_REL,WEBGL1-LOEO-v1-02,memory,ALL,ALL,NORMAL,48,0,48,0,0,0,48
A_NO_MEMORY_REL,WEBGL1-LOEO-v1-02,memory,ALL,ALL,EFFECTIVE_INTERVENTION,18,0,18,0,0,0,18
A_NO_MEMORY_REL,WEBGL1-LOEO-v1-02,memory,ALL,ALL,NO_OBSERVABLE_EFFECT,6,0,6,0,0,0,6
A_NO_MEMORY_REL,WEBGL1-LOEO-v1-02,memory,ALL,attack,EFFECTIVE_INTERVENTION,18,0,18,0,0,0,18
A_NO_MEMORY_REL,WEBGL1-LOEO-v1-02,memory,ALL,attack,NO_OBSERVABLE_EFFECT,6,0,6,0,0,0,6
A_NO_MEMORY_REL,WEBGL1-LOEO-v1-02,memory,ALL,clean_pre,NORMAL,24,0,24,0,0,0,24
A_NO_MEMORY_REL,WEBGL1-LOEO-v1-02,memory,ALL,clean_post,NORMAL,24,0,24,0,0,0,24
A_NO_MEMORY_REL,WEBGL1-LOEO-v1-02,memory,memory_16GiB,ALL,NORMAL,12,0,12,0,0,0,12
A_NO_MEMORY_REL,WEBGL1-LOEO-v1-02,memory,memory_16GiB,ALL,EFFECTIVE_INTERVENTION,6,0,6,0,0,0,6
A_NO_MEMORY_REL,WEBGL1-LOEO-v1-02,memory,memory_16GiB,attack,EFFECTIVE_INTERVENTION,6,0,6,0,0,0,6
A_NO_MEMORY_REL,WEBGL1-LOEO-v1-02,memory,memory_16GiB,clean_pre,NORMAL,6,0,6,0,0,0,6
A_NO_MEMORY_REL,WEBGL1-LOEO-v1-02,memory,memory_16GiB,clean_post,NORMAL,6,0,6,0,0,0,6
A_NO_MEMORY_REL,WEBGL1-LOEO-v1-02,memory,memory_2GiB,ALL,NORMAL,12,0,12,0,0,0,12
A_NO_MEMORY_REL,WEBGL1-LOEO-v1-02,memory,memory_2GiB,ALL,NO_OBSERVABLE_EFFECT,6,0,6,0,0,0,6
A_NO_MEMORY_REL,WEBGL1-LOEO-v1-02,memory,memory_2GiB,attack,NO_OBSERVABLE_EFFECT,6,0,6,0,0,0,6
A_NO_MEMORY_REL,WEBGL1-LOEO-v1-02,memory,memory_2GiB,clean_pre,NORMAL,6,0,6,0,0,0,6
A_NO_MEMORY_REL,WEBGL1-LOEO-v1-02,memory,memory_2GiB,clean_post,NORMAL,6,0,6,0,0,0,6
A_NO_MEMORY_REL,WEBGL1-LOEO-v1-02,memory,memory_4GiB,ALL,NORMAL,12,0,12,0,0,0,12
A_NO_MEMORY_REL,WEBGL1-LOEO-v1-02,memory,memory_4GiB,ALL,EFFECTIVE_INTERVENTION,6,0,6,0,0,0,6
A_NO_MEMORY_REL,WEBGL1-LOEO-v1-02,memory,memory_4GiB,attack,EFFECTIVE_INTERVENTION,6,0,6,0,0,0,6
A_NO_MEMORY_REL,WEBGL1-LOEO-v1-02,memory,memory_4GiB,clean_pre,NORMAL,6,0,6,0,0,0,6
A_NO_MEMORY_REL,WEBGL1-LOEO-v1-02,memory,memory_4GiB,clean_post,NORMAL,6,0,6,0,0,0,6
A_NO_MEMORY_REL,WEBGL1-LOEO-v1-02,memory,memory_8GiB,ALL,NORMAL,12,0,12,0,0,0,12
A_NO_MEMORY_REL,WEBGL1-LOEO-v1-02,memory,memory_8GiB,ALL,EFFECTIVE_INTERVENTION,6,0,6,0,0,0,6
A_NO_MEMORY_REL,WEBGL1-LOEO-v1-02,memory,memory_8GiB,attack,EFFECTIVE_INTERVENTION,6,0,6,0,0,0,6
A_NO_MEMORY_REL,WEBGL1-LOEO-v1-02,memory,memory_8GiB,clean_pre,NORMAL,6,0,6,0,0,0,6
A_NO_MEMORY_REL,WEBGL1-LOEO-v1-02,memory,memory_8GiB,clean_post,NORMAL,6,0,6,0,0,0,6
A_NO_MEMORY_REL,WEBGL1-LOEO-v1-02,timezone,ALL,ALL,NORMAL,30,0,30,0,0,0,30
A_NO_MEMORY_REL,WEBGL1-LOEO-v1-02,timezone,ALL,ALL,EFFECTIVE_INTERVENTION,6,6,0,0,0,0,6
A_NO_MEMORY_REL,WEBGL1-LOEO-v1-02,timezone,ALL,change,NORMAL,6,0,6,0,0,0,6
A_NO_MEMORY_REL,WEBGL1-LOEO-v1-02,timezone,ALL,change,EFFECTIVE_INTERVENTION,6,6,0,0,0,0,6
A_NO_MEMORY_REL,WEBGL1-LOEO-v1-02,timezone,ALL,clean_pre,NORMAL,12,0,12,0,0,0,12
A_NO_MEMORY_REL,WEBGL1-LOEO-v1-02,timezone,ALL,clean_post,NORMAL,12,0,12,0,0,0,12
A_NO_MEMORY_REL,WEBGL1-LOEO-v1-02,timezone,A_America/Los_Angeles,ALL,NORMAL,6,0,6,0,0,0,6
A_NO_MEMORY_REL,WEBGL1-LOEO-v1-02,timezone,A_America/Los_Angeles,ALL,EFFECTIVE_INTERVENTION,3,3,0,0,0,0,3
A_NO_MEMORY_REL,WEBGL1-LOEO-v1-02,timezone,A_America/Los_Angeles,change,EFFECTIVE_INTERVENTION,3,3,0,0,0,0,3
A_NO_MEMORY_REL,WEBGL1-LOEO-v1-02,timezone,A_America/Los_Angeles,clean_pre,NORMAL,3,0,3,0,0,0,3
A_NO_MEMORY_REL,WEBGL1-LOEO-v1-02,timezone,A_America/Los_Angeles,clean_post,NORMAL,3,0,3,0,0,0,3
A_NO_MEMORY_REL,WEBGL1-LOEO-v1-02,timezone,A_UTC,ALL,NORMAL,6,0,6,0,0,0,6
A_NO_MEMORY_REL,WEBGL1-LOEO-v1-02,timezone,A_UTC,ALL,EFFECTIVE_INTERVENTION,3,3,0,0,0,0,3
A_NO_MEMORY_REL,WEBGL1-LOEO-v1-02,timezone,A_UTC,change,EFFECTIVE_INTERVENTION,3,3,0,0,0,0,3
A_NO_MEMORY_REL,WEBGL1-LOEO-v1-02,timezone,A_UTC,clean_pre,NORMAL,3,0,3,0,0,0,3
A_NO_MEMORY_REL,WEBGL1-LOEO-v1-02,timezone,A_UTC,clean_post,NORMAL,3,0,3,0,0,0,3
A_NO_MEMORY_REL,WEBGL1-LOEO-v1-02,timezone,L_America/Los_Angeles,ALL,NORMAL,9,0,9,0,0,0,9
A_NO_MEMORY_REL,WEBGL1-LOEO-v1-02,timezone,L_America/Los_Angeles,change,NORMAL,3,0,3,0,0,0,3
A_NO_MEMORY_REL,WEBGL1-LOEO-v1-02,timezone,L_America/Los_Angeles,clean_pre,NORMAL,3,0,3,0,0,0,3
A_NO_MEMORY_REL,WEBGL1-LOEO-v1-02,timezone,L_America/Los_Angeles,clean_post,NORMAL,3,0,3,0,0,0,3
A_NO_MEMORY_REL,WEBGL1-LOEO-v1-02,timezone,L_UTC,ALL,NORMAL,9,0,9,0,0,0,9
A_NO_MEMORY_REL,WEBGL1-LOEO-v1-02,timezone,L_UTC,change,NORMAL,3,0,3,0,0,0,3
A_NO_MEMORY_REL,WEBGL1-LOEO-v1-02,timezone,L_UTC,clean_pre,NORMAL,3,0,3,0,0,0,3
A_NO_MEMORY_REL,WEBGL1-LOEO-v1-02,timezone,L_UTC,clean_post,NORMAL,3,0,3,0,0,0,3
A_NO_MEMORY_REL,WEBGL1-LOEO-v1-02,screen,ALL,ALL,NORMAL,66,6,60,0,0,0,66
A_NO_MEMORY_REL,WEBGL1-LOEO-v1-02,screen,ALL,ALL,EFFECTIVE_INTERVENTION,6,6,0,0,0,0,6
A_NO_MEMORY_REL,WEBGL1-LOEO-v1-02,screen,ALL,change,NORMAL,18,6,12,0,0,0,18
A_NO_MEMORY_REL,WEBGL1-LOEO-v1-02,screen,ALL,change,EFFECTIVE_INTERVENTION,6,6,0,0,0,0,6
A_NO_MEMORY_REL,WEBGL1-LOEO-v1-02,screen,ALL,clean_pre,NORMAL,24,0,24,0,0,0,24
A_NO_MEMORY_REL,WEBGL1-LOEO-v1-02,screen,ALL,clean_post,NORMAL,24,0,24,0,0,0,24
A_NO_MEMORY_REL,WEBGL1-LOEO-v1-02,screen,A_screen,ALL,NORMAL,12,0,12,0,0,0,12
A_NO_MEMORY_REL,WEBGL1-LOEO-v1-02,screen,A_screen,ALL,EFFECTIVE_INTERVENTION,6,6,0,0,0,0,6
A_NO_MEMORY_REL,WEBGL1-LOEO-v1-02,screen,A_screen,change,EFFECTIVE_INTERVENTION,6,6,0,0,0,0,6
A_NO_MEMORY_REL,WEBGL1-LOEO-v1-02,screen,A_screen,clean_pre,NORMAL,6,0,6,0,0,0,6
A_NO_MEMORY_REL,WEBGL1-LOEO-v1-02,screen,A_screen,clean_post,NORMAL,6,0,6,0,0,0,6
A_NO_MEMORY_REL,WEBGL1-LOEO-v1-02,screen,L1_screen,ALL,NORMAL,18,0,18,0,0,0,18
A_NO_MEMORY_REL,WEBGL1-LOEO-v1-02,screen,L1_screen,change,NORMAL,6,0,6,0,0,0,6
A_NO_MEMORY_REL,WEBGL1-LOEO-v1-02,screen,L1_screen,clean_pre,NORMAL,6,0,6,0,0,0,6
A_NO_MEMORY_REL,WEBGL1-LOEO-v1-02,screen,L1_screen,clean_post,NORMAL,6,0,6,0,0,0,6
A_NO_MEMORY_REL,WEBGL1-LOEO-v1-02,screen,L2_screen,ALL,NORMAL,18,6,12,0,0,0,18
A_NO_MEMORY_REL,WEBGL1-LOEO-v1-02,screen,L2_screen,change,NORMAL,6,6,0,0,0,0,6
A_NO_MEMORY_REL,WEBGL1-LOEO-v1-02,screen,L2_screen,clean_pre,NORMAL,6,0,6,0,0,0,6
A_NO_MEMORY_REL,WEBGL1-LOEO-v1-02,screen,L2_screen,clean_post,NORMAL,6,0,6,0,0,0,6
A_NO_MEMORY_REL,WEBGL1-LOEO-v1-02,screen,L3_screen,ALL,NORMAL,18,0,18,0,0,0,18
A_NO_MEMORY_REL,WEBGL1-LOEO-v1-02,screen,L3_screen,change,NORMAL,6,0,6,0,0,0,6
A_NO_MEMORY_REL,WEBGL1-LOEO-v1-02,screen,L3_screen,clean_pre,NORMAL,6,0,6,0,0,0,6
A_NO_MEMORY_REL,WEBGL1-LOEO-v1-02,screen,L3_screen,clean_post,NORMAL,6,0,6,0,0,0,6
A_NO_MEMORY_REL,WEBGL1-LOEO-v1-03,memory,ALL,ALL,NORMAL,48,0,48,0,0,0,48
A_NO_MEMORY_REL,WEBGL1-LOEO-v1-03,memory,ALL,ALL,EFFECTIVE_INTERVENTION,18,0,18,0,0,0,18
A_NO_MEMORY_REL,WEBGL1-LOEO-v1-03,memory,ALL,ALL,NO_OBSERVABLE_EFFECT,6,0,6,0,0,0,6
A_NO_MEMORY_REL,WEBGL1-LOEO-v1-03,memory,ALL,attack,EFFECTIVE_INTERVENTION,18,0,18,0,0,0,18
A_NO_MEMORY_REL,WEBGL1-LOEO-v1-03,memory,ALL,attack,NO_OBSERVABLE_EFFECT,6,0,6,0,0,0,6
A_NO_MEMORY_REL,WEBGL1-LOEO-v1-03,memory,ALL,clean_pre,NORMAL,24,0,24,0,0,0,24
A_NO_MEMORY_REL,WEBGL1-LOEO-v1-03,memory,ALL,clean_post,NORMAL,24,0,24,0,0,0,24
A_NO_MEMORY_REL,WEBGL1-LOEO-v1-03,memory,memory_16GiB,ALL,NORMAL,12,0,12,0,0,0,12
A_NO_MEMORY_REL,WEBGL1-LOEO-v1-03,memory,memory_16GiB,ALL,EFFECTIVE_INTERVENTION,6,0,6,0,0,0,6
A_NO_MEMORY_REL,WEBGL1-LOEO-v1-03,memory,memory_16GiB,attack,EFFECTIVE_INTERVENTION,6,0,6,0,0,0,6
A_NO_MEMORY_REL,WEBGL1-LOEO-v1-03,memory,memory_16GiB,clean_pre,NORMAL,6,0,6,0,0,0,6
A_NO_MEMORY_REL,WEBGL1-LOEO-v1-03,memory,memory_16GiB,clean_post,NORMAL,6,0,6,0,0,0,6
A_NO_MEMORY_REL,WEBGL1-LOEO-v1-03,memory,memory_2GiB,ALL,NORMAL,12,0,12,0,0,0,12
A_NO_MEMORY_REL,WEBGL1-LOEO-v1-03,memory,memory_2GiB,ALL,NO_OBSERVABLE_EFFECT,6,0,6,0,0,0,6
A_NO_MEMORY_REL,WEBGL1-LOEO-v1-03,memory,memory_2GiB,attack,NO_OBSERVABLE_EFFECT,6,0,6,0,0,0,6
A_NO_MEMORY_REL,WEBGL1-LOEO-v1-03,memory,memory_2GiB,clean_pre,NORMAL,6,0,6,0,0,0,6
A_NO_MEMORY_REL,WEBGL1-LOEO-v1-03,memory,memory_2GiB,clean_post,NORMAL,6,0,6,0,0,0,6
A_NO_MEMORY_REL,WEBGL1-LOEO-v1-03,memory,memory_4GiB,ALL,NORMAL,12,0,12,0,0,0,12
A_NO_MEMORY_REL,WEBGL1-LOEO-v1-03,memory,memory_4GiB,ALL,EFFECTIVE_INTERVENTION,6,0,6,0,0,0,6
A_NO_MEMORY_REL,WEBGL1-LOEO-v1-03,memory,memory_4GiB,attack,EFFECTIVE_INTERVENTION,6,0,6,0,0,0,6
A_NO_MEMORY_REL,WEBGL1-LOEO-v1-03,memory,memory_4GiB,clean_pre,NORMAL,6,0,6,0,0,0,6
A_NO_MEMORY_REL,WEBGL1-LOEO-v1-03,memory,memory_4GiB,clean_post,NORMAL,6,0,6,0,0,0,6
A_NO_MEMORY_REL,WEBGL1-LOEO-v1-03,memory,memory_8GiB,ALL,NORMAL,12,0,12,0,0,0,12
A_NO_MEMORY_REL,WEBGL1-LOEO-v1-03,memory,memory_8GiB,ALL,EFFECTIVE_INTERVENTION,6,0,6,0,0,0,6
A_NO_MEMORY_REL,WEBGL1-LOEO-v1-03,memory,memory_8GiB,attack,EFFECTIVE_INTERVENTION,6,0,6,0,0,0,6
A_NO_MEMORY_REL,WEBGL1-LOEO-v1-03,memory,memory_8GiB,clean_pre,NORMAL,6,0,6,0,0,0,6
A_NO_MEMORY_REL,WEBGL1-LOEO-v1-03,memory,memory_8GiB,clean_post,NORMAL,6,0,6,0,0,0,6
A_NO_MEMORY_REL,WEBGL1-LOEO-v1-03,timezone,ALL,ALL,NORMAL,30,0,30,0,0,0,30
A_NO_MEMORY_REL,WEBGL1-LOEO-v1-03,timezone,ALL,ALL,EFFECTIVE_INTERVENTION,6,6,0,0,0,0,6
A_NO_MEMORY_REL,WEBGL1-LOEO-v1-03,timezone,ALL,change,NORMAL,6,0,6,0,0,0,6
A_NO_MEMORY_REL,WEBGL1-LOEO-v1-03,timezone,ALL,change,EFFECTIVE_INTERVENTION,6,6,0,0,0,0,6
A_NO_MEMORY_REL,WEBGL1-LOEO-v1-03,timezone,ALL,clean_pre,NORMAL,12,0,12,0,0,0,12
A_NO_MEMORY_REL,WEBGL1-LOEO-v1-03,timezone,ALL,clean_post,NORMAL,12,0,12,0,0,0,12
A_NO_MEMORY_REL,WEBGL1-LOEO-v1-03,timezone,A_America/Los_Angeles,ALL,NORMAL,6,0,6,0,0,0,6
A_NO_MEMORY_REL,WEBGL1-LOEO-v1-03,timezone,A_America/Los_Angeles,ALL,EFFECTIVE_INTERVENTION,3,3,0,0,0,0,3
A_NO_MEMORY_REL,WEBGL1-LOEO-v1-03,timezone,A_America/Los_Angeles,change,EFFECTIVE_INTERVENTION,3,3,0,0,0,0,3
A_NO_MEMORY_REL,WEBGL1-LOEO-v1-03,timezone,A_America/Los_Angeles,clean_pre,NORMAL,3,0,3,0,0,0,3
A_NO_MEMORY_REL,WEBGL1-LOEO-v1-03,timezone,A_America/Los_Angeles,clean_post,NORMAL,3,0,3,0,0,0,3
A_NO_MEMORY_REL,WEBGL1-LOEO-v1-03,timezone,A_UTC,ALL,NORMAL,6,0,6,0,0,0,6
A_NO_MEMORY_REL,WEBGL1-LOEO-v1-03,timezone,A_UTC,ALL,EFFECTIVE_INTERVENTION,3,3,0,0,0,0,3
A_NO_MEMORY_REL,WEBGL1-LOEO-v1-03,timezone,A_UTC,change,EFFECTIVE_INTERVENTION,3,3,0,0,0,0,3
A_NO_MEMORY_REL,WEBGL1-LOEO-v1-03,timezone,A_UTC,clean_pre,NORMAL,3,0,3,0,0,0,3
A_NO_MEMORY_REL,WEBGL1-LOEO-v1-03,timezone,A_UTC,clean_post,NORMAL,3,0,3,0,0,0,3
A_NO_MEMORY_REL,WEBGL1-LOEO-v1-03,timezone,L_America/Los_Angeles,ALL,NORMAL,9,0,9,0,0,0,9
A_NO_MEMORY_REL,WEBGL1-LOEO-v1-03,timezone,L_America/Los_Angeles,change,NORMAL,3,0,3,0,0,0,3
A_NO_MEMORY_REL,WEBGL1-LOEO-v1-03,timezone,L_America/Los_Angeles,clean_pre,NORMAL,3,0,3,0,0,0,3
A_NO_MEMORY_REL,WEBGL1-LOEO-v1-03,timezone,L_America/Los_Angeles,clean_post,NORMAL,3,0,3,0,0,0,3
A_NO_MEMORY_REL,WEBGL1-LOEO-v1-03,timezone,L_UTC,ALL,NORMAL,9,0,9,0,0,0,9
A_NO_MEMORY_REL,WEBGL1-LOEO-v1-03,timezone,L_UTC,change,NORMAL,3,0,3,0,0,0,3
A_NO_MEMORY_REL,WEBGL1-LOEO-v1-03,timezone,L_UTC,clean_pre,NORMAL,3,0,3,0,0,0,3
A_NO_MEMORY_REL,WEBGL1-LOEO-v1-03,timezone,L_UTC,clean_post,NORMAL,3,0,3,0,0,0,3
A_NO_MEMORY_REL,WEBGL1-LOEO-v1-03,screen,ALL,ALL,NORMAL,66,0,66,0,0,0,66
A_NO_MEMORY_REL,WEBGL1-LOEO-v1-03,screen,ALL,ALL,EFFECTIVE_INTERVENTION,6,0,6,0,0,0,6
A_NO_MEMORY_REL,WEBGL1-LOEO-v1-03,screen,ALL,change,NORMAL,18,0,18,0,0,0,18
A_NO_MEMORY_REL,WEBGL1-LOEO-v1-03,screen,ALL,change,EFFECTIVE_INTERVENTION,6,0,6,0,0,0,6
A_NO_MEMORY_REL,WEBGL1-LOEO-v1-03,screen,ALL,clean_pre,NORMAL,24,0,24,0,0,0,24
A_NO_MEMORY_REL,WEBGL1-LOEO-v1-03,screen,ALL,clean_post,NORMAL,24,0,24,0,0,0,24
A_NO_MEMORY_REL,WEBGL1-LOEO-v1-03,screen,A_screen,ALL,NORMAL,12,0,12,0,0,0,12
A_NO_MEMORY_REL,WEBGL1-LOEO-v1-03,screen,A_screen,ALL,EFFECTIVE_INTERVENTION,6,0,6,0,0,0,6
A_NO_MEMORY_REL,WEBGL1-LOEO-v1-03,screen,A_screen,change,EFFECTIVE_INTERVENTION,6,0,6,0,0,0,6
A_NO_MEMORY_REL,WEBGL1-LOEO-v1-03,screen,A_screen,clean_pre,NORMAL,6,0,6,0,0,0,6
A_NO_MEMORY_REL,WEBGL1-LOEO-v1-03,screen,A_screen,clean_post,NORMAL,6,0,6,0,0,0,6
A_NO_MEMORY_REL,WEBGL1-LOEO-v1-03,screen,L1_screen,ALL,NORMAL,18,0,18,0,0,0,18
A_NO_MEMORY_REL,WEBGL1-LOEO-v1-03,screen,L1_screen,change,NORMAL,6,0,6,0,0,0,6
A_NO_MEMORY_REL,WEBGL1-LOEO-v1-03,screen,L1_screen,clean_pre,NORMAL,6,0,6,0,0,0,6
A_NO_MEMORY_REL,WEBGL1-LOEO-v1-03,screen,L1_screen,clean_post,NORMAL,6,0,6,0,0,0,6
A_NO_MEMORY_REL,WEBGL1-LOEO-v1-03,screen,L2_screen,ALL,NORMAL,18,0,18,0,0,0,18
A_NO_MEMORY_REL,WEBGL1-LOEO-v1-03,screen,L2_screen,change,NORMAL,6,0,6,0,0,0,6
A_NO_MEMORY_REL,WEBGL1-LOEO-v1-03,screen,L2_screen,clean_pre,NORMAL,6,0,6,0,0,0,6
A_NO_MEMORY_REL,WEBGL1-LOEO-v1-03,screen,L2_screen,clean_post,NORMAL,6,0,6,0,0,0,6
A_NO_MEMORY_REL,WEBGL1-LOEO-v1-03,screen,L3_screen,ALL,NORMAL,18,0,18,0,0,0,18
A_NO_MEMORY_REL,WEBGL1-LOEO-v1-03,screen,L3_screen,change,NORMAL,6,0,6,0,0,0,6
A_NO_MEMORY_REL,WEBGL1-LOEO-v1-03,screen,L3_screen,clean_pre,NORMAL,6,0,6,0,0,0,6
A_NO_MEMORY_REL,WEBGL1-LOEO-v1-03,screen,L3_screen,clean_post,NORMAL,6,0,6,0,0,0,6
A_NO_TIMEZONE_REL,WEBGL1-LOEO-v1-01,memory,ALL,ALL,NORMAL,48,0,48,0,0,0,48
A_NO_TIMEZONE_REL,WEBGL1-LOEO-v1-01,memory,ALL,ALL,EFFECTIVE_INTERVENTION,18,18,0,0,0,0,18
A_NO_TIMEZONE_REL,WEBGL1-LOEO-v1-01,memory,ALL,ALL,NO_OBSERVABLE_EFFECT,6,0,6,0,0,0,6
A_NO_TIMEZONE_REL,WEBGL1-LOEO-v1-01,memory,ALL,attack,EFFECTIVE_INTERVENTION,18,18,0,0,0,0,18
A_NO_TIMEZONE_REL,WEBGL1-LOEO-v1-01,memory,ALL,attack,NO_OBSERVABLE_EFFECT,6,0,6,0,0,0,6
A_NO_TIMEZONE_REL,WEBGL1-LOEO-v1-01,memory,ALL,clean_pre,NORMAL,24,0,24,0,0,0,24
A_NO_TIMEZONE_REL,WEBGL1-LOEO-v1-01,memory,ALL,clean_post,NORMAL,24,0,24,0,0,0,24
A_NO_TIMEZONE_REL,WEBGL1-LOEO-v1-01,memory,memory_16GiB,ALL,NORMAL,12,0,12,0,0,0,12
A_NO_TIMEZONE_REL,WEBGL1-LOEO-v1-01,memory,memory_16GiB,ALL,EFFECTIVE_INTERVENTION,6,6,0,0,0,0,6
A_NO_TIMEZONE_REL,WEBGL1-LOEO-v1-01,memory,memory_16GiB,attack,EFFECTIVE_INTERVENTION,6,6,0,0,0,0,6
A_NO_TIMEZONE_REL,WEBGL1-LOEO-v1-01,memory,memory_16GiB,clean_pre,NORMAL,6,0,6,0,0,0,6
A_NO_TIMEZONE_REL,WEBGL1-LOEO-v1-01,memory,memory_16GiB,clean_post,NORMAL,6,0,6,0,0,0,6
A_NO_TIMEZONE_REL,WEBGL1-LOEO-v1-01,memory,memory_2GiB,ALL,NORMAL,12,0,12,0,0,0,12
A_NO_TIMEZONE_REL,WEBGL1-LOEO-v1-01,memory,memory_2GiB,ALL,NO_OBSERVABLE_EFFECT,6,0,6,0,0,0,6
A_NO_TIMEZONE_REL,WEBGL1-LOEO-v1-01,memory,memory_2GiB,attack,NO_OBSERVABLE_EFFECT,6,0,6,0,0,0,6
A_NO_TIMEZONE_REL,WEBGL1-LOEO-v1-01,memory,memory_2GiB,clean_pre,NORMAL,6,0,6,0,0,0,6
A_NO_TIMEZONE_REL,WEBGL1-LOEO-v1-01,memory,memory_2GiB,clean_post,NORMAL,6,0,6,0,0,0,6
A_NO_TIMEZONE_REL,WEBGL1-LOEO-v1-01,memory,memory_4GiB,ALL,NORMAL,12,0,12,0,0,0,12
A_NO_TIMEZONE_REL,WEBGL1-LOEO-v1-01,memory,memory_4GiB,ALL,EFFECTIVE_INTERVENTION,6,6,0,0,0,0,6
A_NO_TIMEZONE_REL,WEBGL1-LOEO-v1-01,memory,memory_4GiB,attack,EFFECTIVE_INTERVENTION,6,6,0,0,0,0,6
A_NO_TIMEZONE_REL,WEBGL1-LOEO-v1-01,memory,memory_4GiB,clean_pre,NORMAL,6,0,6,0,0,0,6
A_NO_TIMEZONE_REL,WEBGL1-LOEO-v1-01,memory,memory_4GiB,clean_post,NORMAL,6,0,6,0,0,0,6
A_NO_TIMEZONE_REL,WEBGL1-LOEO-v1-01,memory,memory_8GiB,ALL,NORMAL,12,0,12,0,0,0,12
A_NO_TIMEZONE_REL,WEBGL1-LOEO-v1-01,memory,memory_8GiB,ALL,EFFECTIVE_INTERVENTION,6,6,0,0,0,0,6
A_NO_TIMEZONE_REL,WEBGL1-LOEO-v1-01,memory,memory_8GiB,attack,EFFECTIVE_INTERVENTION,6,6,0,0,0,0,6
A_NO_TIMEZONE_REL,WEBGL1-LOEO-v1-01,memory,memory_8GiB,clean_pre,NORMAL,6,0,6,0,0,0,6
A_NO_TIMEZONE_REL,WEBGL1-LOEO-v1-01,memory,memory_8GiB,clean_post,NORMAL,6,0,6,0,0,0,6
A_NO_TIMEZONE_REL,WEBGL1-LOEO-v1-01,timezone,ALL,ALL,NORMAL,30,6,24,0,0,0,30
A_NO_TIMEZONE_REL,WEBGL1-LOEO-v1-01,timezone,ALL,ALL,EFFECTIVE_INTERVENTION,6,6,0,0,0,0,6
A_NO_TIMEZONE_REL,WEBGL1-LOEO-v1-01,timezone,ALL,change,NORMAL,6,6,0,0,0,0,6
A_NO_TIMEZONE_REL,WEBGL1-LOEO-v1-01,timezone,ALL,change,EFFECTIVE_INTERVENTION,6,6,0,0,0,0,6
A_NO_TIMEZONE_REL,WEBGL1-LOEO-v1-01,timezone,ALL,clean_pre,NORMAL,12,0,12,0,0,0,12
A_NO_TIMEZONE_REL,WEBGL1-LOEO-v1-01,timezone,ALL,clean_post,NORMAL,12,0,12,0,0,0,12
A_NO_TIMEZONE_REL,WEBGL1-LOEO-v1-01,timezone,A_America/Los_Angeles,ALL,NORMAL,6,0,6,0,0,0,6
A_NO_TIMEZONE_REL,WEBGL1-LOEO-v1-01,timezone,A_America/Los_Angeles,ALL,EFFECTIVE_INTERVENTION,3,3,0,0,0,0,3
A_NO_TIMEZONE_REL,WEBGL1-LOEO-v1-01,timezone,A_America/Los_Angeles,change,EFFECTIVE_INTERVENTION,3,3,0,0,0,0,3
A_NO_TIMEZONE_REL,WEBGL1-LOEO-v1-01,timezone,A_America/Los_Angeles,clean_pre,NORMAL,3,0,3,0,0,0,3
A_NO_TIMEZONE_REL,WEBGL1-LOEO-v1-01,timezone,A_America/Los_Angeles,clean_post,NORMAL,3,0,3,0,0,0,3
A_NO_TIMEZONE_REL,WEBGL1-LOEO-v1-01,timezone,A_UTC,ALL,NORMAL,6,0,6,0,0,0,6
A_NO_TIMEZONE_REL,WEBGL1-LOEO-v1-01,timezone,A_UTC,ALL,EFFECTIVE_INTERVENTION,3,3,0,0,0,0,3
A_NO_TIMEZONE_REL,WEBGL1-LOEO-v1-01,timezone,A_UTC,change,EFFECTIVE_INTERVENTION,3,3,0,0,0,0,3
A_NO_TIMEZONE_REL,WEBGL1-LOEO-v1-01,timezone,A_UTC,clean_pre,NORMAL,3,0,3,0,0,0,3
A_NO_TIMEZONE_REL,WEBGL1-LOEO-v1-01,timezone,A_UTC,clean_post,NORMAL,3,0,3,0,0,0,3
A_NO_TIMEZONE_REL,WEBGL1-LOEO-v1-01,timezone,L_America/Los_Angeles,ALL,NORMAL,9,3,6,0,0,0,9
A_NO_TIMEZONE_REL,WEBGL1-LOEO-v1-01,timezone,L_America/Los_Angeles,change,NORMAL,3,3,0,0,0,0,3
A_NO_TIMEZONE_REL,WEBGL1-LOEO-v1-01,timezone,L_America/Los_Angeles,clean_pre,NORMAL,3,0,3,0,0,0,3
A_NO_TIMEZONE_REL,WEBGL1-LOEO-v1-01,timezone,L_America/Los_Angeles,clean_post,NORMAL,3,0,3,0,0,0,3
A_NO_TIMEZONE_REL,WEBGL1-LOEO-v1-01,timezone,L_UTC,ALL,NORMAL,9,3,6,0,0,0,9
A_NO_TIMEZONE_REL,WEBGL1-LOEO-v1-01,timezone,L_UTC,change,NORMAL,3,3,0,0,0,0,3
A_NO_TIMEZONE_REL,WEBGL1-LOEO-v1-01,timezone,L_UTC,clean_pre,NORMAL,3,0,3,0,0,0,3
A_NO_TIMEZONE_REL,WEBGL1-LOEO-v1-01,timezone,L_UTC,clean_post,NORMAL,3,0,3,0,0,0,3
A_NO_TIMEZONE_REL,WEBGL1-LOEO-v1-01,screen,ALL,ALL,NORMAL,66,6,60,0,0,0,66
A_NO_TIMEZONE_REL,WEBGL1-LOEO-v1-01,screen,ALL,ALL,EFFECTIVE_INTERVENTION,6,6,0,0,0,0,6
A_NO_TIMEZONE_REL,WEBGL1-LOEO-v1-01,screen,ALL,change,NORMAL,18,6,12,0,0,0,18
A_NO_TIMEZONE_REL,WEBGL1-LOEO-v1-01,screen,ALL,change,EFFECTIVE_INTERVENTION,6,6,0,0,0,0,6
A_NO_TIMEZONE_REL,WEBGL1-LOEO-v1-01,screen,ALL,clean_pre,NORMAL,24,0,24,0,0,0,24
A_NO_TIMEZONE_REL,WEBGL1-LOEO-v1-01,screen,ALL,clean_post,NORMAL,24,0,24,0,0,0,24
A_NO_TIMEZONE_REL,WEBGL1-LOEO-v1-01,screen,A_screen,ALL,NORMAL,12,0,12,0,0,0,12
A_NO_TIMEZONE_REL,WEBGL1-LOEO-v1-01,screen,A_screen,ALL,EFFECTIVE_INTERVENTION,6,6,0,0,0,0,6
A_NO_TIMEZONE_REL,WEBGL1-LOEO-v1-01,screen,A_screen,change,EFFECTIVE_INTERVENTION,6,6,0,0,0,0,6
A_NO_TIMEZONE_REL,WEBGL1-LOEO-v1-01,screen,A_screen,clean_pre,NORMAL,6,0,6,0,0,0,6
A_NO_TIMEZONE_REL,WEBGL1-LOEO-v1-01,screen,A_screen,clean_post,NORMAL,6,0,6,0,0,0,6
A_NO_TIMEZONE_REL,WEBGL1-LOEO-v1-01,screen,L1_screen,ALL,NORMAL,18,0,18,0,0,0,18
A_NO_TIMEZONE_REL,WEBGL1-LOEO-v1-01,screen,L1_screen,change,NORMAL,6,0,6,0,0,0,6
A_NO_TIMEZONE_REL,WEBGL1-LOEO-v1-01,screen,L1_screen,clean_pre,NORMAL,6,0,6,0,0,0,6
A_NO_TIMEZONE_REL,WEBGL1-LOEO-v1-01,screen,L1_screen,clean_post,NORMAL,6,0,6,0,0,0,6
A_NO_TIMEZONE_REL,WEBGL1-LOEO-v1-01,screen,L2_screen,ALL,NORMAL,18,6,12,0,0,0,18
A_NO_TIMEZONE_REL,WEBGL1-LOEO-v1-01,screen,L2_screen,change,NORMAL,6,6,0,0,0,0,6
A_NO_TIMEZONE_REL,WEBGL1-LOEO-v1-01,screen,L2_screen,clean_pre,NORMAL,6,0,6,0,0,0,6
A_NO_TIMEZONE_REL,WEBGL1-LOEO-v1-01,screen,L2_screen,clean_post,NORMAL,6,0,6,0,0,0,6
A_NO_TIMEZONE_REL,WEBGL1-LOEO-v1-01,screen,L3_screen,ALL,NORMAL,18,0,18,0,0,0,18
A_NO_TIMEZONE_REL,WEBGL1-LOEO-v1-01,screen,L3_screen,change,NORMAL,6,0,6,0,0,0,6
A_NO_TIMEZONE_REL,WEBGL1-LOEO-v1-01,screen,L3_screen,clean_pre,NORMAL,6,0,6,0,0,0,6
A_NO_TIMEZONE_REL,WEBGL1-LOEO-v1-01,screen,L3_screen,clean_post,NORMAL,6,0,6,0,0,0,6
A_NO_TIMEZONE_REL,WEBGL1-LOEO-v1-02,memory,ALL,ALL,NORMAL,48,0,48,0,0,0,48
A_NO_TIMEZONE_REL,WEBGL1-LOEO-v1-02,memory,ALL,ALL,EFFECTIVE_INTERVENTION,18,18,0,0,0,0,18
A_NO_TIMEZONE_REL,WEBGL1-LOEO-v1-02,memory,ALL,ALL,NO_OBSERVABLE_EFFECT,6,0,6,0,0,0,6
A_NO_TIMEZONE_REL,WEBGL1-LOEO-v1-02,memory,ALL,attack,EFFECTIVE_INTERVENTION,18,18,0,0,0,0,18
A_NO_TIMEZONE_REL,WEBGL1-LOEO-v1-02,memory,ALL,attack,NO_OBSERVABLE_EFFECT,6,0,6,0,0,0,6
A_NO_TIMEZONE_REL,WEBGL1-LOEO-v1-02,memory,ALL,clean_pre,NORMAL,24,0,24,0,0,0,24
A_NO_TIMEZONE_REL,WEBGL1-LOEO-v1-02,memory,ALL,clean_post,NORMAL,24,0,24,0,0,0,24
A_NO_TIMEZONE_REL,WEBGL1-LOEO-v1-02,memory,memory_16GiB,ALL,NORMAL,12,0,12,0,0,0,12
A_NO_TIMEZONE_REL,WEBGL1-LOEO-v1-02,memory,memory_16GiB,ALL,EFFECTIVE_INTERVENTION,6,6,0,0,0,0,6
A_NO_TIMEZONE_REL,WEBGL1-LOEO-v1-02,memory,memory_16GiB,attack,EFFECTIVE_INTERVENTION,6,6,0,0,0,0,6
A_NO_TIMEZONE_REL,WEBGL1-LOEO-v1-02,memory,memory_16GiB,clean_pre,NORMAL,6,0,6,0,0,0,6
A_NO_TIMEZONE_REL,WEBGL1-LOEO-v1-02,memory,memory_16GiB,clean_post,NORMAL,6,0,6,0,0,0,6
A_NO_TIMEZONE_REL,WEBGL1-LOEO-v1-02,memory,memory_2GiB,ALL,NORMAL,12,0,12,0,0,0,12
A_NO_TIMEZONE_REL,WEBGL1-LOEO-v1-02,memory,memory_2GiB,ALL,NO_OBSERVABLE_EFFECT,6,0,6,0,0,0,6
A_NO_TIMEZONE_REL,WEBGL1-LOEO-v1-02,memory,memory_2GiB,attack,NO_OBSERVABLE_EFFECT,6,0,6,0,0,0,6
A_NO_TIMEZONE_REL,WEBGL1-LOEO-v1-02,memory,memory_2GiB,clean_pre,NORMAL,6,0,6,0,0,0,6
A_NO_TIMEZONE_REL,WEBGL1-LOEO-v1-02,memory,memory_2GiB,clean_post,NORMAL,6,0,6,0,0,0,6
A_NO_TIMEZONE_REL,WEBGL1-LOEO-v1-02,memory,memory_4GiB,ALL,NORMAL,12,0,12,0,0,0,12
A_NO_TIMEZONE_REL,WEBGL1-LOEO-v1-02,memory,memory_4GiB,ALL,EFFECTIVE_INTERVENTION,6,6,0,0,0,0,6
A_NO_TIMEZONE_REL,WEBGL1-LOEO-v1-02,memory,memory_4GiB,attack,EFFECTIVE_INTERVENTION,6,6,0,0,0,0,6
A_NO_TIMEZONE_REL,WEBGL1-LOEO-v1-02,memory,memory_4GiB,clean_pre,NORMAL,6,0,6,0,0,0,6
A_NO_TIMEZONE_REL,WEBGL1-LOEO-v1-02,memory,memory_4GiB,clean_post,NORMAL,6,0,6,0,0,0,6
A_NO_TIMEZONE_REL,WEBGL1-LOEO-v1-02,memory,memory_8GiB,ALL,NORMAL,12,0,12,0,0,0,12
A_NO_TIMEZONE_REL,WEBGL1-LOEO-v1-02,memory,memory_8GiB,ALL,EFFECTIVE_INTERVENTION,6,6,0,0,0,0,6
A_NO_TIMEZONE_REL,WEBGL1-LOEO-v1-02,memory,memory_8GiB,attack,EFFECTIVE_INTERVENTION,6,6,0,0,0,0,6
A_NO_TIMEZONE_REL,WEBGL1-LOEO-v1-02,memory,memory_8GiB,clean_pre,NORMAL,6,0,6,0,0,0,6
A_NO_TIMEZONE_REL,WEBGL1-LOEO-v1-02,memory,memory_8GiB,clean_post,NORMAL,6,0,6,0,0,0,6
A_NO_TIMEZONE_REL,WEBGL1-LOEO-v1-02,timezone,ALL,ALL,NORMAL,30,6,24,0,0,0,30
A_NO_TIMEZONE_REL,WEBGL1-LOEO-v1-02,timezone,ALL,ALL,EFFECTIVE_INTERVENTION,6,6,0,0,0,0,6
A_NO_TIMEZONE_REL,WEBGL1-LOEO-v1-02,timezone,ALL,change,NORMAL,6,6,0,0,0,0,6
A_NO_TIMEZONE_REL,WEBGL1-LOEO-v1-02,timezone,ALL,change,EFFECTIVE_INTERVENTION,6,6,0,0,0,0,6
A_NO_TIMEZONE_REL,WEBGL1-LOEO-v1-02,timezone,ALL,clean_pre,NORMAL,12,0,12,0,0,0,12
A_NO_TIMEZONE_REL,WEBGL1-LOEO-v1-02,timezone,ALL,clean_post,NORMAL,12,0,12,0,0,0,12
A_NO_TIMEZONE_REL,WEBGL1-LOEO-v1-02,timezone,A_America/Los_Angeles,ALL,NORMAL,6,0,6,0,0,0,6
A_NO_TIMEZONE_REL,WEBGL1-LOEO-v1-02,timezone,A_America/Los_Angeles,ALL,EFFECTIVE_INTERVENTION,3,3,0,0,0,0,3
A_NO_TIMEZONE_REL,WEBGL1-LOEO-v1-02,timezone,A_America/Los_Angeles,change,EFFECTIVE_INTERVENTION,3,3,0,0,0,0,3
A_NO_TIMEZONE_REL,WEBGL1-LOEO-v1-02,timezone,A_America/Los_Angeles,clean_pre,NORMAL,3,0,3,0,0,0,3
A_NO_TIMEZONE_REL,WEBGL1-LOEO-v1-02,timezone,A_America/Los_Angeles,clean_post,NORMAL,3,0,3,0,0,0,3
A_NO_TIMEZONE_REL,WEBGL1-LOEO-v1-02,timezone,A_UTC,ALL,NORMAL,6,0,6,0,0,0,6
A_NO_TIMEZONE_REL,WEBGL1-LOEO-v1-02,timezone,A_UTC,ALL,EFFECTIVE_INTERVENTION,3,3,0,0,0,0,3
A_NO_TIMEZONE_REL,WEBGL1-LOEO-v1-02,timezone,A_UTC,change,EFFECTIVE_INTERVENTION,3,3,0,0,0,0,3
A_NO_TIMEZONE_REL,WEBGL1-LOEO-v1-02,timezone,A_UTC,clean_pre,NORMAL,3,0,3,0,0,0,3
A_NO_TIMEZONE_REL,WEBGL1-LOEO-v1-02,timezone,A_UTC,clean_post,NORMAL,3,0,3,0,0,0,3
A_NO_TIMEZONE_REL,WEBGL1-LOEO-v1-02,timezone,L_America/Los_Angeles,ALL,NORMAL,9,3,6,0,0,0,9
A_NO_TIMEZONE_REL,WEBGL1-LOEO-v1-02,timezone,L_America/Los_Angeles,change,NORMAL,3,3,0,0,0,0,3
A_NO_TIMEZONE_REL,WEBGL1-LOEO-v1-02,timezone,L_America/Los_Angeles,clean_pre,NORMAL,3,0,3,0,0,0,3
A_NO_TIMEZONE_REL,WEBGL1-LOEO-v1-02,timezone,L_America/Los_Angeles,clean_post,NORMAL,3,0,3,0,0,0,3
A_NO_TIMEZONE_REL,WEBGL1-LOEO-v1-02,timezone,L_UTC,ALL,NORMAL,9,3,6,0,0,0,9
A_NO_TIMEZONE_REL,WEBGL1-LOEO-v1-02,timezone,L_UTC,change,NORMAL,3,3,0,0,0,0,3
A_NO_TIMEZONE_REL,WEBGL1-LOEO-v1-02,timezone,L_UTC,clean_pre,NORMAL,3,0,3,0,0,0,3
A_NO_TIMEZONE_REL,WEBGL1-LOEO-v1-02,timezone,L_UTC,clean_post,NORMAL,3,0,3,0,0,0,3
A_NO_TIMEZONE_REL,WEBGL1-LOEO-v1-02,screen,ALL,ALL,NORMAL,66,6,60,0,0,0,66
A_NO_TIMEZONE_REL,WEBGL1-LOEO-v1-02,screen,ALL,ALL,EFFECTIVE_INTERVENTION,6,6,0,0,0,0,6
A_NO_TIMEZONE_REL,WEBGL1-LOEO-v1-02,screen,ALL,change,NORMAL,18,6,12,0,0,0,18
A_NO_TIMEZONE_REL,WEBGL1-LOEO-v1-02,screen,ALL,change,EFFECTIVE_INTERVENTION,6,6,0,0,0,0,6
A_NO_TIMEZONE_REL,WEBGL1-LOEO-v1-02,screen,ALL,clean_pre,NORMAL,24,0,24,0,0,0,24
A_NO_TIMEZONE_REL,WEBGL1-LOEO-v1-02,screen,ALL,clean_post,NORMAL,24,0,24,0,0,0,24
A_NO_TIMEZONE_REL,WEBGL1-LOEO-v1-02,screen,A_screen,ALL,NORMAL,12,0,12,0,0,0,12
A_NO_TIMEZONE_REL,WEBGL1-LOEO-v1-02,screen,A_screen,ALL,EFFECTIVE_INTERVENTION,6,6,0,0,0,0,6
A_NO_TIMEZONE_REL,WEBGL1-LOEO-v1-02,screen,A_screen,change,EFFECTIVE_INTERVENTION,6,6,0,0,0,0,6
A_NO_TIMEZONE_REL,WEBGL1-LOEO-v1-02,screen,A_screen,clean_pre,NORMAL,6,0,6,0,0,0,6
A_NO_TIMEZONE_REL,WEBGL1-LOEO-v1-02,screen,A_screen,clean_post,NORMAL,6,0,6,0,0,0,6
A_NO_TIMEZONE_REL,WEBGL1-LOEO-v1-02,screen,L1_screen,ALL,NORMAL,18,0,18,0,0,0,18
A_NO_TIMEZONE_REL,WEBGL1-LOEO-v1-02,screen,L1_screen,change,NORMAL,6,0,6,0,0,0,6
A_NO_TIMEZONE_REL,WEBGL1-LOEO-v1-02,screen,L1_screen,clean_pre,NORMAL,6,0,6,0,0,0,6
A_NO_TIMEZONE_REL,WEBGL1-LOEO-v1-02,screen,L1_screen,clean_post,NORMAL,6,0,6,0,0,0,6
A_NO_TIMEZONE_REL,WEBGL1-LOEO-v1-02,screen,L2_screen,ALL,NORMAL,18,6,12,0,0,0,18
A_NO_TIMEZONE_REL,WEBGL1-LOEO-v1-02,screen,L2_screen,change,NORMAL,6,6,0,0,0,0,6
A_NO_TIMEZONE_REL,WEBGL1-LOEO-v1-02,screen,L2_screen,clean_pre,NORMAL,6,0,6,0,0,0,6
A_NO_TIMEZONE_REL,WEBGL1-LOEO-v1-02,screen,L2_screen,clean_post,NORMAL,6,0,6,0,0,0,6
A_NO_TIMEZONE_REL,WEBGL1-LOEO-v1-02,screen,L3_screen,ALL,NORMAL,18,0,18,0,0,0,18
A_NO_TIMEZONE_REL,WEBGL1-LOEO-v1-02,screen,L3_screen,change,NORMAL,6,0,6,0,0,0,6
A_NO_TIMEZONE_REL,WEBGL1-LOEO-v1-02,screen,L3_screen,clean_pre,NORMAL,6,0,6,0,0,0,6
A_NO_TIMEZONE_REL,WEBGL1-LOEO-v1-02,screen,L3_screen,clean_post,NORMAL,6,0,6,0,0,0,6
A_NO_TIMEZONE_REL,WEBGL1-LOEO-v1-03,memory,ALL,ALL,NORMAL,48,0,48,0,0,0,48
A_NO_TIMEZONE_REL,WEBGL1-LOEO-v1-03,memory,ALL,ALL,EFFECTIVE_INTERVENTION,18,18,0,0,0,0,18
A_NO_TIMEZONE_REL,WEBGL1-LOEO-v1-03,memory,ALL,ALL,NO_OBSERVABLE_EFFECT,6,0,6,0,0,0,6
A_NO_TIMEZONE_REL,WEBGL1-LOEO-v1-03,memory,ALL,attack,EFFECTIVE_INTERVENTION,18,18,0,0,0,0,18
A_NO_TIMEZONE_REL,WEBGL1-LOEO-v1-03,memory,ALL,attack,NO_OBSERVABLE_EFFECT,6,0,6,0,0,0,6
A_NO_TIMEZONE_REL,WEBGL1-LOEO-v1-03,memory,ALL,clean_pre,NORMAL,24,0,24,0,0,0,24
A_NO_TIMEZONE_REL,WEBGL1-LOEO-v1-03,memory,ALL,clean_post,NORMAL,24,0,24,0,0,0,24
A_NO_TIMEZONE_REL,WEBGL1-LOEO-v1-03,memory,memory_16GiB,ALL,NORMAL,12,0,12,0,0,0,12
A_NO_TIMEZONE_REL,WEBGL1-LOEO-v1-03,memory,memory_16GiB,ALL,EFFECTIVE_INTERVENTION,6,6,0,0,0,0,6
A_NO_TIMEZONE_REL,WEBGL1-LOEO-v1-03,memory,memory_16GiB,attack,EFFECTIVE_INTERVENTION,6,6,0,0,0,0,6
A_NO_TIMEZONE_REL,WEBGL1-LOEO-v1-03,memory,memory_16GiB,clean_pre,NORMAL,6,0,6,0,0,0,6
A_NO_TIMEZONE_REL,WEBGL1-LOEO-v1-03,memory,memory_16GiB,clean_post,NORMAL,6,0,6,0,0,0,6
A_NO_TIMEZONE_REL,WEBGL1-LOEO-v1-03,memory,memory_2GiB,ALL,NORMAL,12,0,12,0,0,0,12
A_NO_TIMEZONE_REL,WEBGL1-LOEO-v1-03,memory,memory_2GiB,ALL,NO_OBSERVABLE_EFFECT,6,0,6,0,0,0,6
A_NO_TIMEZONE_REL,WEBGL1-LOEO-v1-03,memory,memory_2GiB,attack,NO_OBSERVABLE_EFFECT,6,0,6,0,0,0,6
A_NO_TIMEZONE_REL,WEBGL1-LOEO-v1-03,memory,memory_2GiB,clean_pre,NORMAL,6,0,6,0,0,0,6
A_NO_TIMEZONE_REL,WEBGL1-LOEO-v1-03,memory,memory_2GiB,clean_post,NORMAL,6,0,6,0,0,0,6
A_NO_TIMEZONE_REL,WEBGL1-LOEO-v1-03,memory,memory_4GiB,ALL,NORMAL,12,0,12,0,0,0,12
A_NO_TIMEZONE_REL,WEBGL1-LOEO-v1-03,memory,memory_4GiB,ALL,EFFECTIVE_INTERVENTION,6,6,0,0,0,0,6
A_NO_TIMEZONE_REL,WEBGL1-LOEO-v1-03,memory,memory_4GiB,attack,EFFECTIVE_INTERVENTION,6,6,0,0,0,0,6
A_NO_TIMEZONE_REL,WEBGL1-LOEO-v1-03,memory,memory_4GiB,clean_pre,NORMAL,6,0,6,0,0,0,6
A_NO_TIMEZONE_REL,WEBGL1-LOEO-v1-03,memory,memory_4GiB,clean_post,NORMAL,6,0,6,0,0,0,6
A_NO_TIMEZONE_REL,WEBGL1-LOEO-v1-03,memory,memory_8GiB,ALL,NORMAL,12,0,12,0,0,0,12
A_NO_TIMEZONE_REL,WEBGL1-LOEO-v1-03,memory,memory_8GiB,ALL,EFFECTIVE_INTERVENTION,6,6,0,0,0,0,6
A_NO_TIMEZONE_REL,WEBGL1-LOEO-v1-03,memory,memory_8GiB,attack,EFFECTIVE_INTERVENTION,6,6,0,0,0,0,6
A_NO_TIMEZONE_REL,WEBGL1-LOEO-v1-03,memory,memory_8GiB,clean_pre,NORMAL,6,0,6,0,0,0,6
A_NO_TIMEZONE_REL,WEBGL1-LOEO-v1-03,memory,memory_8GiB,clean_post,NORMAL,6,0,6,0,0,0,6
A_NO_TIMEZONE_REL,WEBGL1-LOEO-v1-03,timezone,ALL,ALL,NORMAL,30,6,24,0,0,0,30
A_NO_TIMEZONE_REL,WEBGL1-LOEO-v1-03,timezone,ALL,ALL,EFFECTIVE_INTERVENTION,6,6,0,0,0,0,6
A_NO_TIMEZONE_REL,WEBGL1-LOEO-v1-03,timezone,ALL,change,NORMAL,6,6,0,0,0,0,6
A_NO_TIMEZONE_REL,WEBGL1-LOEO-v1-03,timezone,ALL,change,EFFECTIVE_INTERVENTION,6,6,0,0,0,0,6
A_NO_TIMEZONE_REL,WEBGL1-LOEO-v1-03,timezone,ALL,clean_pre,NORMAL,12,0,12,0,0,0,12
A_NO_TIMEZONE_REL,WEBGL1-LOEO-v1-03,timezone,ALL,clean_post,NORMAL,12,0,12,0,0,0,12
A_NO_TIMEZONE_REL,WEBGL1-LOEO-v1-03,timezone,A_America/Los_Angeles,ALL,NORMAL,6,0,6,0,0,0,6
A_NO_TIMEZONE_REL,WEBGL1-LOEO-v1-03,timezone,A_America/Los_Angeles,ALL,EFFECTIVE_INTERVENTION,3,3,0,0,0,0,3
A_NO_TIMEZONE_REL,WEBGL1-LOEO-v1-03,timezone,A_America/Los_Angeles,change,EFFECTIVE_INTERVENTION,3,3,0,0,0,0,3
A_NO_TIMEZONE_REL,WEBGL1-LOEO-v1-03,timezone,A_America/Los_Angeles,clean_pre,NORMAL,3,0,3,0,0,0,3
A_NO_TIMEZONE_REL,WEBGL1-LOEO-v1-03,timezone,A_America/Los_Angeles,clean_post,NORMAL,3,0,3,0,0,0,3
A_NO_TIMEZONE_REL,WEBGL1-LOEO-v1-03,timezone,A_UTC,ALL,NORMAL,6,0,6,0,0,0,6
A_NO_TIMEZONE_REL,WEBGL1-LOEO-v1-03,timezone,A_UTC,ALL,EFFECTIVE_INTERVENTION,3,3,0,0,0,0,3
A_NO_TIMEZONE_REL,WEBGL1-LOEO-v1-03,timezone,A_UTC,change,EFFECTIVE_INTERVENTION,3,3,0,0,0,0,3
A_NO_TIMEZONE_REL,WEBGL1-LOEO-v1-03,timezone,A_UTC,clean_pre,NORMAL,3,0,3,0,0,0,3
A_NO_TIMEZONE_REL,WEBGL1-LOEO-v1-03,timezone,A_UTC,clean_post,NORMAL,3,0,3,0,0,0,3
A_NO_TIMEZONE_REL,WEBGL1-LOEO-v1-03,timezone,L_America/Los_Angeles,ALL,NORMAL,9,3,6,0,0,0,9
A_NO_TIMEZONE_REL,WEBGL1-LOEO-v1-03,timezone,L_America/Los_Angeles,change,NORMAL,3,3,0,0,0,0,3
A_NO_TIMEZONE_REL,WEBGL1-LOEO-v1-03,timezone,L_America/Los_Angeles,clean_pre,NORMAL,3,0,3,0,0,0,3
A_NO_TIMEZONE_REL,WEBGL1-LOEO-v1-03,timezone,L_America/Los_Angeles,clean_post,NORMAL,3,0,3,0,0,0,3
A_NO_TIMEZONE_REL,WEBGL1-LOEO-v1-03,timezone,L_UTC,ALL,NORMAL,9,3,6,0,0,0,9
A_NO_TIMEZONE_REL,WEBGL1-LOEO-v1-03,timezone,L_UTC,change,NORMAL,3,3,0,0,0,0,3
A_NO_TIMEZONE_REL,WEBGL1-LOEO-v1-03,timezone,L_UTC,clean_pre,NORMAL,3,0,3,0,0,0,3
A_NO_TIMEZONE_REL,WEBGL1-LOEO-v1-03,timezone,L_UTC,clean_post,NORMAL,3,0,3,0,0,0,3
A_NO_TIMEZONE_REL,WEBGL1-LOEO-v1-03,screen,ALL,ALL,NORMAL,66,0,66,0,0,0,66
A_NO_TIMEZONE_REL,WEBGL1-LOEO-v1-03,screen,ALL,ALL,EFFECTIVE_INTERVENTION,6,0,6,0,0,0,6
A_NO_TIMEZONE_REL,WEBGL1-LOEO-v1-03,screen,ALL,change,NORMAL,18,0,18,0,0,0,18
A_NO_TIMEZONE_REL,WEBGL1-LOEO-v1-03,screen,ALL,change,EFFECTIVE_INTERVENTION,6,0,6,0,0,0,6
A_NO_TIMEZONE_REL,WEBGL1-LOEO-v1-03,screen,ALL,clean_pre,NORMAL,24,0,24,0,0,0,24
A_NO_TIMEZONE_REL,WEBGL1-LOEO-v1-03,screen,ALL,clean_post,NORMAL,24,0,24,0,0,0,24
A_NO_TIMEZONE_REL,WEBGL1-LOEO-v1-03,screen,A_screen,ALL,NORMAL,12,0,12,0,0,0,12
A_NO_TIMEZONE_REL,WEBGL1-LOEO-v1-03,screen,A_screen,ALL,EFFECTIVE_INTERVENTION,6,0,6,0,0,0,6
A_NO_TIMEZONE_REL,WEBGL1-LOEO-v1-03,screen,A_screen,change,EFFECTIVE_INTERVENTION,6,0,6,0,0,0,6
A_NO_TIMEZONE_REL,WEBGL1-LOEO-v1-03,screen,A_screen,clean_pre,NORMAL,6,0,6,0,0,0,6
A_NO_TIMEZONE_REL,WEBGL1-LOEO-v1-03,screen,A_screen,clean_post,NORMAL,6,0,6,0,0,0,6
A_NO_TIMEZONE_REL,WEBGL1-LOEO-v1-03,screen,L1_screen,ALL,NORMAL,18,0,18,0,0,0,18
A_NO_TIMEZONE_REL,WEBGL1-LOEO-v1-03,screen,L1_screen,change,NORMAL,6,0,6,0,0,0,6
A_NO_TIMEZONE_REL,WEBGL1-LOEO-v1-03,screen,L1_screen,clean_pre,NORMAL,6,0,6,0,0,0,6
A_NO_TIMEZONE_REL,WEBGL1-LOEO-v1-03,screen,L1_screen,clean_post,NORMAL,6,0,6,0,0,0,6
A_NO_TIMEZONE_REL,WEBGL1-LOEO-v1-03,screen,L2_screen,ALL,NORMAL,18,0,18,0,0,0,18
A_NO_TIMEZONE_REL,WEBGL1-LOEO-v1-03,screen,L2_screen,change,NORMAL,6,0,6,0,0,0,6
A_NO_TIMEZONE_REL,WEBGL1-LOEO-v1-03,screen,L2_screen,clean_pre,NORMAL,6,0,6,0,0,0,6
A_NO_TIMEZONE_REL,WEBGL1-LOEO-v1-03,screen,L2_screen,clean_post,NORMAL,6,0,6,0,0,0,6
A_NO_TIMEZONE_REL,WEBGL1-LOEO-v1-03,screen,L3_screen,ALL,NORMAL,18,0,18,0,0,0,18
A_NO_TIMEZONE_REL,WEBGL1-LOEO-v1-03,screen,L3_screen,change,NORMAL,6,0,6,0,0,0,6
A_NO_TIMEZONE_REL,WEBGL1-LOEO-v1-03,screen,L3_screen,clean_pre,NORMAL,6,0,6,0,0,0,6
A_NO_TIMEZONE_REL,WEBGL1-LOEO-v1-03,screen,L3_screen,clean_post,NORMAL,6,0,6,0,0,0,6
APP_TREE,WEBGL1-LOEO-v1-01,memory,ALL,ALL,NORMAL,48,0,48,0,0,0,48
APP_TREE,WEBGL1-LOEO-v1-01,memory,ALL,ALL,EFFECTIVE_INTERVENTION,18,0,18,0,0,0,18
APP_TREE,WEBGL1-LOEO-v1-01,memory,ALL,ALL,NO_OBSERVABLE_EFFECT,6,0,6,0,0,0,6
APP_TREE,WEBGL1-LOEO-v1-01,memory,ALL,attack,EFFECTIVE_INTERVENTION,18,0,18,0,0,0,18
APP_TREE,WEBGL1-LOEO-v1-01,memory,ALL,attack,NO_OBSERVABLE_EFFECT,6,0,6,0,0,0,6
APP_TREE,WEBGL1-LOEO-v1-01,memory,ALL,clean_pre,NORMAL,24,0,24,0,0,0,24
APP_TREE,WEBGL1-LOEO-v1-01,memory,ALL,clean_post,NORMAL,24,0,24,0,0,0,24
APP_TREE,WEBGL1-LOEO-v1-01,memory,memory_16GiB,ALL,NORMAL,12,0,12,0,0,0,12
APP_TREE,WEBGL1-LOEO-v1-01,memory,memory_16GiB,ALL,EFFECTIVE_INTERVENTION,6,0,6,0,0,0,6
APP_TREE,WEBGL1-LOEO-v1-01,memory,memory_16GiB,attack,EFFECTIVE_INTERVENTION,6,0,6,0,0,0,6
APP_TREE,WEBGL1-LOEO-v1-01,memory,memory_16GiB,clean_pre,NORMAL,6,0,6,0,0,0,6
APP_TREE,WEBGL1-LOEO-v1-01,memory,memory_16GiB,clean_post,NORMAL,6,0,6,0,0,0,6
APP_TREE,WEBGL1-LOEO-v1-01,memory,memory_2GiB,ALL,NORMAL,12,0,12,0,0,0,12
APP_TREE,WEBGL1-LOEO-v1-01,memory,memory_2GiB,ALL,NO_OBSERVABLE_EFFECT,6,0,6,0,0,0,6
APP_TREE,WEBGL1-LOEO-v1-01,memory,memory_2GiB,attack,NO_OBSERVABLE_EFFECT,6,0,6,0,0,0,6
APP_TREE,WEBGL1-LOEO-v1-01,memory,memory_2GiB,clean_pre,NORMAL,6,0,6,0,0,0,6
APP_TREE,WEBGL1-LOEO-v1-01,memory,memory_2GiB,clean_post,NORMAL,6,0,6,0,0,0,6
APP_TREE,WEBGL1-LOEO-v1-01,memory,memory_4GiB,ALL,NORMAL,12,0,12,0,0,0,12
APP_TREE,WEBGL1-LOEO-v1-01,memory,memory_4GiB,ALL,EFFECTIVE_INTERVENTION,6,0,6,0,0,0,6
APP_TREE,WEBGL1-LOEO-v1-01,memory,memory_4GiB,attack,EFFECTIVE_INTERVENTION,6,0,6,0,0,0,6
APP_TREE,WEBGL1-LOEO-v1-01,memory,memory_4GiB,clean_pre,NORMAL,6,0,6,0,0,0,6
APP_TREE,WEBGL1-LOEO-v1-01,memory,memory_4GiB,clean_post,NORMAL,6,0,6,0,0,0,6
APP_TREE,WEBGL1-LOEO-v1-01,memory,memory_8GiB,ALL,NORMAL,12,0,12,0,0,0,12
APP_TREE,WEBGL1-LOEO-v1-01,memory,memory_8GiB,ALL,EFFECTIVE_INTERVENTION,6,0,6,0,0,0,6
APP_TREE,WEBGL1-LOEO-v1-01,memory,memory_8GiB,attack,EFFECTIVE_INTERVENTION,6,0,6,0,0,0,6
APP_TREE,WEBGL1-LOEO-v1-01,memory,memory_8GiB,clean_pre,NORMAL,6,0,6,0,0,0,6
APP_TREE,WEBGL1-LOEO-v1-01,memory,memory_8GiB,clean_post,NORMAL,6,0,6,0,0,0,6
APP_TREE,WEBGL1-LOEO-v1-01,timezone,ALL,ALL,NORMAL,30,0,30,0,0,0,30
APP_TREE,WEBGL1-LOEO-v1-01,timezone,ALL,ALL,EFFECTIVE_INTERVENTION,6,0,6,0,0,0,6
APP_TREE,WEBGL1-LOEO-v1-01,timezone,ALL,change,NORMAL,6,0,6,0,0,0,6
APP_TREE,WEBGL1-LOEO-v1-01,timezone,ALL,change,EFFECTIVE_INTERVENTION,6,0,6,0,0,0,6
APP_TREE,WEBGL1-LOEO-v1-01,timezone,ALL,clean_pre,NORMAL,12,0,12,0,0,0,12
APP_TREE,WEBGL1-LOEO-v1-01,timezone,ALL,clean_post,NORMAL,12,0,12,0,0,0,12
APP_TREE,WEBGL1-LOEO-v1-01,timezone,A_America/Los_Angeles,ALL,NORMAL,6,0,6,0,0,0,6
APP_TREE,WEBGL1-LOEO-v1-01,timezone,A_America/Los_Angeles,ALL,EFFECTIVE_INTERVENTION,3,0,3,0,0,0,3
APP_TREE,WEBGL1-LOEO-v1-01,timezone,A_America/Los_Angeles,change,EFFECTIVE_INTERVENTION,3,0,3,0,0,0,3
APP_TREE,WEBGL1-LOEO-v1-01,timezone,A_America/Los_Angeles,clean_pre,NORMAL,3,0,3,0,0,0,3
APP_TREE,WEBGL1-LOEO-v1-01,timezone,A_America/Los_Angeles,clean_post,NORMAL,3,0,3,0,0,0,3
APP_TREE,WEBGL1-LOEO-v1-01,timezone,A_UTC,ALL,NORMAL,6,0,6,0,0,0,6
APP_TREE,WEBGL1-LOEO-v1-01,timezone,A_UTC,ALL,EFFECTIVE_INTERVENTION,3,0,3,0,0,0,3
APP_TREE,WEBGL1-LOEO-v1-01,timezone,A_UTC,change,EFFECTIVE_INTERVENTION,3,0,3,0,0,0,3
APP_TREE,WEBGL1-LOEO-v1-01,timezone,A_UTC,clean_pre,NORMAL,3,0,3,0,0,0,3
APP_TREE,WEBGL1-LOEO-v1-01,timezone,A_UTC,clean_post,NORMAL,3,0,3,0,0,0,3
APP_TREE,WEBGL1-LOEO-v1-01,timezone,L_America/Los_Angeles,ALL,NORMAL,9,0,9,0,0,0,9
APP_TREE,WEBGL1-LOEO-v1-01,timezone,L_America/Los_Angeles,change,NORMAL,3,0,3,0,0,0,3
APP_TREE,WEBGL1-LOEO-v1-01,timezone,L_America/Los_Angeles,clean_pre,NORMAL,3,0,3,0,0,0,3
APP_TREE,WEBGL1-LOEO-v1-01,timezone,L_America/Los_Angeles,clean_post,NORMAL,3,0,3,0,0,0,3
APP_TREE,WEBGL1-LOEO-v1-01,timezone,L_UTC,ALL,NORMAL,9,0,9,0,0,0,9
APP_TREE,WEBGL1-LOEO-v1-01,timezone,L_UTC,change,NORMAL,3,0,3,0,0,0,3
APP_TREE,WEBGL1-LOEO-v1-01,timezone,L_UTC,clean_pre,NORMAL,3,0,3,0,0,0,3
APP_TREE,WEBGL1-LOEO-v1-01,timezone,L_UTC,clean_post,NORMAL,3,0,3,0,0,0,3
APP_TREE,WEBGL1-LOEO-v1-01,screen,ALL,ALL,NORMAL,66,0,66,0,0,0,66
APP_TREE,WEBGL1-LOEO-v1-01,screen,ALL,ALL,EFFECTIVE_INTERVENTION,6,0,6,0,0,0,6
APP_TREE,WEBGL1-LOEO-v1-01,screen,ALL,change,NORMAL,18,0,18,0,0,0,18
APP_TREE,WEBGL1-LOEO-v1-01,screen,ALL,change,EFFECTIVE_INTERVENTION,6,0,6,0,0,0,6
APP_TREE,WEBGL1-LOEO-v1-01,screen,ALL,clean_pre,NORMAL,24,0,24,0,0,0,24
APP_TREE,WEBGL1-LOEO-v1-01,screen,ALL,clean_post,NORMAL,24,0,24,0,0,0,24
APP_TREE,WEBGL1-LOEO-v1-01,screen,A_screen,ALL,NORMAL,12,0,12,0,0,0,12
APP_TREE,WEBGL1-LOEO-v1-01,screen,A_screen,ALL,EFFECTIVE_INTERVENTION,6,0,6,0,0,0,6
APP_TREE,WEBGL1-LOEO-v1-01,screen,A_screen,change,EFFECTIVE_INTERVENTION,6,0,6,0,0,0,6
APP_TREE,WEBGL1-LOEO-v1-01,screen,A_screen,clean_pre,NORMAL,6,0,6,0,0,0,6
APP_TREE,WEBGL1-LOEO-v1-01,screen,A_screen,clean_post,NORMAL,6,0,6,0,0,0,6
APP_TREE,WEBGL1-LOEO-v1-01,screen,L1_screen,ALL,NORMAL,18,0,18,0,0,0,18
APP_TREE,WEBGL1-LOEO-v1-01,screen,L1_screen,change,NORMAL,6,0,6,0,0,0,6
APP_TREE,WEBGL1-LOEO-v1-01,screen,L1_screen,clean_pre,NORMAL,6,0,6,0,0,0,6
APP_TREE,WEBGL1-LOEO-v1-01,screen,L1_screen,clean_post,NORMAL,6,0,6,0,0,0,6
APP_TREE,WEBGL1-LOEO-v1-01,screen,L2_screen,ALL,NORMAL,18,0,18,0,0,0,18
APP_TREE,WEBGL1-LOEO-v1-01,screen,L2_screen,change,NORMAL,6,0,6,0,0,0,6
APP_TREE,WEBGL1-LOEO-v1-01,screen,L2_screen,clean_pre,NORMAL,6,0,6,0,0,0,6
APP_TREE,WEBGL1-LOEO-v1-01,screen,L2_screen,clean_post,NORMAL,6,0,6,0,0,0,6
APP_TREE,WEBGL1-LOEO-v1-01,screen,L3_screen,ALL,NORMAL,18,0,18,0,0,0,18
APP_TREE,WEBGL1-LOEO-v1-01,screen,L3_screen,change,NORMAL,6,0,6,0,0,0,6
APP_TREE,WEBGL1-LOEO-v1-01,screen,L3_screen,clean_pre,NORMAL,6,0,6,0,0,0,6
APP_TREE,WEBGL1-LOEO-v1-01,screen,L3_screen,clean_post,NORMAL,6,0,6,0,0,0,6
APP_TREE,WEBGL1-LOEO-v1-02,memory,ALL,ALL,NORMAL,48,0,48,0,0,0,48
APP_TREE,WEBGL1-LOEO-v1-02,memory,ALL,ALL,EFFECTIVE_INTERVENTION,18,0,18,0,0,0,18
APP_TREE,WEBGL1-LOEO-v1-02,memory,ALL,ALL,NO_OBSERVABLE_EFFECT,6,0,6,0,0,0,6
APP_TREE,WEBGL1-LOEO-v1-02,memory,ALL,attack,EFFECTIVE_INTERVENTION,18,0,18,0,0,0,18
APP_TREE,WEBGL1-LOEO-v1-02,memory,ALL,attack,NO_OBSERVABLE_EFFECT,6,0,6,0,0,0,6
APP_TREE,WEBGL1-LOEO-v1-02,memory,ALL,clean_pre,NORMAL,24,0,24,0,0,0,24
APP_TREE,WEBGL1-LOEO-v1-02,memory,ALL,clean_post,NORMAL,24,0,24,0,0,0,24
APP_TREE,WEBGL1-LOEO-v1-02,memory,memory_16GiB,ALL,NORMAL,12,0,12,0,0,0,12
APP_TREE,WEBGL1-LOEO-v1-02,memory,memory_16GiB,ALL,EFFECTIVE_INTERVENTION,6,0,6,0,0,0,6
APP_TREE,WEBGL1-LOEO-v1-02,memory,memory_16GiB,attack,EFFECTIVE_INTERVENTION,6,0,6,0,0,0,6
APP_TREE,WEBGL1-LOEO-v1-02,memory,memory_16GiB,clean_pre,NORMAL,6,0,6,0,0,0,6
APP_TREE,WEBGL1-LOEO-v1-02,memory,memory_16GiB,clean_post,NORMAL,6,0,6,0,0,0,6
APP_TREE,WEBGL1-LOEO-v1-02,memory,memory_2GiB,ALL,NORMAL,12,0,12,0,0,0,12
APP_TREE,WEBGL1-LOEO-v1-02,memory,memory_2GiB,ALL,NO_OBSERVABLE_EFFECT,6,0,6,0,0,0,6
APP_TREE,WEBGL1-LOEO-v1-02,memory,memory_2GiB,attack,NO_OBSERVABLE_EFFECT,6,0,6,0,0,0,6
APP_TREE,WEBGL1-LOEO-v1-02,memory,memory_2GiB,clean_pre,NORMAL,6,0,6,0,0,0,6
APP_TREE,WEBGL1-LOEO-v1-02,memory,memory_2GiB,clean_post,NORMAL,6,0,6,0,0,0,6
APP_TREE,WEBGL1-LOEO-v1-02,memory,memory_4GiB,ALL,NORMAL,12,0,12,0,0,0,12
APP_TREE,WEBGL1-LOEO-v1-02,memory,memory_4GiB,ALL,EFFECTIVE_INTERVENTION,6,0,6,0,0,0,6
APP_TREE,WEBGL1-LOEO-v1-02,memory,memory_4GiB,attack,EFFECTIVE_INTERVENTION,6,0,6,0,0,0,6
APP_TREE,WEBGL1-LOEO-v1-02,memory,memory_4GiB,clean_pre,NORMAL,6,0,6,0,0,0,6
APP_TREE,WEBGL1-LOEO-v1-02,memory,memory_4GiB,clean_post,NORMAL,6,0,6,0,0,0,6
APP_TREE,WEBGL1-LOEO-v1-02,memory,memory_8GiB,ALL,NORMAL,12,0,12,0,0,0,12
APP_TREE,WEBGL1-LOEO-v1-02,memory,memory_8GiB,ALL,EFFECTIVE_INTERVENTION,6,0,6,0,0,0,6
APP_TREE,WEBGL1-LOEO-v1-02,memory,memory_8GiB,attack,EFFECTIVE_INTERVENTION,6,0,6,0,0,0,6
APP_TREE,WEBGL1-LOEO-v1-02,memory,memory_8GiB,clean_pre,NORMAL,6,0,6,0,0,0,6
APP_TREE,WEBGL1-LOEO-v1-02,memory,memory_8GiB,clean_post,NORMAL,6,0,6,0,0,0,6
APP_TREE,WEBGL1-LOEO-v1-02,timezone,ALL,ALL,NORMAL,30,0,30,0,0,0,30
APP_TREE,WEBGL1-LOEO-v1-02,timezone,ALL,ALL,EFFECTIVE_INTERVENTION,6,0,6,0,0,0,6
APP_TREE,WEBGL1-LOEO-v1-02,timezone,ALL,change,NORMAL,6,0,6,0,0,0,6
APP_TREE,WEBGL1-LOEO-v1-02,timezone,ALL,change,EFFECTIVE_INTERVENTION,6,0,6,0,0,0,6
APP_TREE,WEBGL1-LOEO-v1-02,timezone,ALL,clean_pre,NORMAL,12,0,12,0,0,0,12
APP_TREE,WEBGL1-LOEO-v1-02,timezone,ALL,clean_post,NORMAL,12,0,12,0,0,0,12
APP_TREE,WEBGL1-LOEO-v1-02,timezone,A_America/Los_Angeles,ALL,NORMAL,6,0,6,0,0,0,6
APP_TREE,WEBGL1-LOEO-v1-02,timezone,A_America/Los_Angeles,ALL,EFFECTIVE_INTERVENTION,3,0,3,0,0,0,3
APP_TREE,WEBGL1-LOEO-v1-02,timezone,A_America/Los_Angeles,change,EFFECTIVE_INTERVENTION,3,0,3,0,0,0,3
APP_TREE,WEBGL1-LOEO-v1-02,timezone,A_America/Los_Angeles,clean_pre,NORMAL,3,0,3,0,0,0,3
APP_TREE,WEBGL1-LOEO-v1-02,timezone,A_America/Los_Angeles,clean_post,NORMAL,3,0,3,0,0,0,3
APP_TREE,WEBGL1-LOEO-v1-02,timezone,A_UTC,ALL,NORMAL,6,0,6,0,0,0,6
APP_TREE,WEBGL1-LOEO-v1-02,timezone,A_UTC,ALL,EFFECTIVE_INTERVENTION,3,0,3,0,0,0,3
APP_TREE,WEBGL1-LOEO-v1-02,timezone,A_UTC,change,EFFECTIVE_INTERVENTION,3,0,3,0,0,0,3
APP_TREE,WEBGL1-LOEO-v1-02,timezone,A_UTC,clean_pre,NORMAL,3,0,3,0,0,0,3
APP_TREE,WEBGL1-LOEO-v1-02,timezone,A_UTC,clean_post,NORMAL,3,0,3,0,0,0,3
APP_TREE,WEBGL1-LOEO-v1-02,timezone,L_America/Los_Angeles,ALL,NORMAL,9,0,9,0,0,0,9
APP_TREE,WEBGL1-LOEO-v1-02,timezone,L_America/Los_Angeles,change,NORMAL,3,0,3,0,0,0,3
APP_TREE,WEBGL1-LOEO-v1-02,timezone,L_America/Los_Angeles,clean_pre,NORMAL,3,0,3,0,0,0,3
APP_TREE,WEBGL1-LOEO-v1-02,timezone,L_America/Los_Angeles,clean_post,NORMAL,3,0,3,0,0,0,3
APP_TREE,WEBGL1-LOEO-v1-02,timezone,L_UTC,ALL,NORMAL,9,0,9,0,0,0,9
APP_TREE,WEBGL1-LOEO-v1-02,timezone,L_UTC,change,NORMAL,3,0,3,0,0,0,3
APP_TREE,WEBGL1-LOEO-v1-02,timezone,L_UTC,clean_pre,NORMAL,3,0,3,0,0,0,3
APP_TREE,WEBGL1-LOEO-v1-02,timezone,L_UTC,clean_post,NORMAL,3,0,3,0,0,0,3
APP_TREE,WEBGL1-LOEO-v1-02,screen,ALL,ALL,NORMAL,66,0,66,0,0,0,66
APP_TREE,WEBGL1-LOEO-v1-02,screen,ALL,ALL,EFFECTIVE_INTERVENTION,6,0,6,0,0,0,6
APP_TREE,WEBGL1-LOEO-v1-02,screen,ALL,change,NORMAL,18,0,18,0,0,0,18
APP_TREE,WEBGL1-LOEO-v1-02,screen,ALL,change,EFFECTIVE_INTERVENTION,6,0,6,0,0,0,6
APP_TREE,WEBGL1-LOEO-v1-02,screen,ALL,clean_pre,NORMAL,24,0,24,0,0,0,24
APP_TREE,WEBGL1-LOEO-v1-02,screen,ALL,clean_post,NORMAL,24,0,24,0,0,0,24
APP_TREE,WEBGL1-LOEO-v1-02,screen,A_screen,ALL,NORMAL,12,0,12,0,0,0,12
APP_TREE,WEBGL1-LOEO-v1-02,screen,A_screen,ALL,EFFECTIVE_INTERVENTION,6,0,6,0,0,0,6
APP_TREE,WEBGL1-LOEO-v1-02,screen,A_screen,change,EFFECTIVE_INTERVENTION,6,0,6,0,0,0,6
APP_TREE,WEBGL1-LOEO-v1-02,screen,A_screen,clean_pre,NORMAL,6,0,6,0,0,0,6
APP_TREE,WEBGL1-LOEO-v1-02,screen,A_screen,clean_post,NORMAL,6,0,6,0,0,0,6
APP_TREE,WEBGL1-LOEO-v1-02,screen,L1_screen,ALL,NORMAL,18,0,18,0,0,0,18
APP_TREE,WEBGL1-LOEO-v1-02,screen,L1_screen,change,NORMAL,6,0,6,0,0,0,6
APP_TREE,WEBGL1-LOEO-v1-02,screen,L1_screen,clean_pre,NORMAL,6,0,6,0,0,0,6
APP_TREE,WEBGL1-LOEO-v1-02,screen,L1_screen,clean_post,NORMAL,6,0,6,0,0,0,6
APP_TREE,WEBGL1-LOEO-v1-02,screen,L2_screen,ALL,NORMAL,18,0,18,0,0,0,18
APP_TREE,WEBGL1-LOEO-v1-02,screen,L2_screen,change,NORMAL,6,0,6,0,0,0,6
APP_TREE,WEBGL1-LOEO-v1-02,screen,L2_screen,clean_pre,NORMAL,6,0,6,0,0,0,6
APP_TREE,WEBGL1-LOEO-v1-02,screen,L2_screen,clean_post,NORMAL,6,0,6,0,0,0,6
APP_TREE,WEBGL1-LOEO-v1-02,screen,L3_screen,ALL,NORMAL,18,0,18,0,0,0,18
APP_TREE,WEBGL1-LOEO-v1-02,screen,L3_screen,change,NORMAL,6,0,6,0,0,0,6
APP_TREE,WEBGL1-LOEO-v1-02,screen,L3_screen,clean_pre,NORMAL,6,0,6,0,0,0,6
APP_TREE,WEBGL1-LOEO-v1-02,screen,L3_screen,clean_post,NORMAL,6,0,6,0,0,0,6
APP_TREE,WEBGL1-LOEO-v1-03,memory,ALL,ALL,NORMAL,48,0,48,0,0,0,48
APP_TREE,WEBGL1-LOEO-v1-03,memory,ALL,ALL,EFFECTIVE_INTERVENTION,18,0,18,0,0,0,18
APP_TREE,WEBGL1-LOEO-v1-03,memory,ALL,ALL,NO_OBSERVABLE_EFFECT,6,0,6,0,0,0,6
APP_TREE,WEBGL1-LOEO-v1-03,memory,ALL,attack,EFFECTIVE_INTERVENTION,18,0,18,0,0,0,18
APP_TREE,WEBGL1-LOEO-v1-03,memory,ALL,attack,NO_OBSERVABLE_EFFECT,6,0,6,0,0,0,6
APP_TREE,WEBGL1-LOEO-v1-03,memory,ALL,clean_pre,NORMAL,24,0,24,0,0,0,24
APP_TREE,WEBGL1-LOEO-v1-03,memory,ALL,clean_post,NORMAL,24,0,24,0,0,0,24
APP_TREE,WEBGL1-LOEO-v1-03,memory,memory_16GiB,ALL,NORMAL,12,0,12,0,0,0,12
APP_TREE,WEBGL1-LOEO-v1-03,memory,memory_16GiB,ALL,EFFECTIVE_INTERVENTION,6,0,6,0,0,0,6
APP_TREE,WEBGL1-LOEO-v1-03,memory,memory_16GiB,attack,EFFECTIVE_INTERVENTION,6,0,6,0,0,0,6
APP_TREE,WEBGL1-LOEO-v1-03,memory,memory_16GiB,clean_pre,NORMAL,6,0,6,0,0,0,6
APP_TREE,WEBGL1-LOEO-v1-03,memory,memory_16GiB,clean_post,NORMAL,6,0,6,0,0,0,6
APP_TREE,WEBGL1-LOEO-v1-03,memory,memory_2GiB,ALL,NORMAL,12,0,12,0,0,0,12
APP_TREE,WEBGL1-LOEO-v1-03,memory,memory_2GiB,ALL,NO_OBSERVABLE_EFFECT,6,0,6,0,0,0,6
APP_TREE,WEBGL1-LOEO-v1-03,memory,memory_2GiB,attack,NO_OBSERVABLE_EFFECT,6,0,6,0,0,0,6
APP_TREE,WEBGL1-LOEO-v1-03,memory,memory_2GiB,clean_pre,NORMAL,6,0,6,0,0,0,6
APP_TREE,WEBGL1-LOEO-v1-03,memory,memory_2GiB,clean_post,NORMAL,6,0,6,0,0,0,6
APP_TREE,WEBGL1-LOEO-v1-03,memory,memory_4GiB,ALL,NORMAL,12,0,12,0,0,0,12
APP_TREE,WEBGL1-LOEO-v1-03,memory,memory_4GiB,ALL,EFFECTIVE_INTERVENTION,6,0,6,0,0,0,6
APP_TREE,WEBGL1-LOEO-v1-03,memory,memory_4GiB,attack,EFFECTIVE_INTERVENTION,6,0,6,0,0,0,6
APP_TREE,WEBGL1-LOEO-v1-03,memory,memory_4GiB,clean_pre,NORMAL,6,0,6,0,0,0,6
APP_TREE,WEBGL1-LOEO-v1-03,memory,memory_4GiB,clean_post,NORMAL,6,0,6,0,0,0,6
APP_TREE,WEBGL1-LOEO-v1-03,memory,memory_8GiB,ALL,NORMAL,12,0,12,0,0,0,12
APP_TREE,WEBGL1-LOEO-v1-03,memory,memory_8GiB,ALL,EFFECTIVE_INTERVENTION,6,0,6,0,0,0,6
APP_TREE,WEBGL1-LOEO-v1-03,memory,memory_8GiB,attack,EFFECTIVE_INTERVENTION,6,0,6,0,0,0,6
APP_TREE,WEBGL1-LOEO-v1-03,memory,memory_8GiB,clean_pre,NORMAL,6,0,6,0,0,0,6
APP_TREE,WEBGL1-LOEO-v1-03,memory,memory_8GiB,clean_post,NORMAL,6,0,6,0,0,0,6
APP_TREE,WEBGL1-LOEO-v1-03,timezone,ALL,ALL,NORMAL,30,0,30,0,0,0,30
APP_TREE,WEBGL1-LOEO-v1-03,timezone,ALL,ALL,EFFECTIVE_INTERVENTION,6,0,6,0,0,0,6
APP_TREE,WEBGL1-LOEO-v1-03,timezone,ALL,change,NORMAL,6,0,6,0,0,0,6
APP_TREE,WEBGL1-LOEO-v1-03,timezone,ALL,change,EFFECTIVE_INTERVENTION,6,0,6,0,0,0,6
APP_TREE,WEBGL1-LOEO-v1-03,timezone,ALL,clean_pre,NORMAL,12,0,12,0,0,0,12
APP_TREE,WEBGL1-LOEO-v1-03,timezone,ALL,clean_post,NORMAL,12,0,12,0,0,0,12
APP_TREE,WEBGL1-LOEO-v1-03,timezone,A_America/Los_Angeles,ALL,NORMAL,6,0,6,0,0,0,6
APP_TREE,WEBGL1-LOEO-v1-03,timezone,A_America/Los_Angeles,ALL,EFFECTIVE_INTERVENTION,3,0,3,0,0,0,3
APP_TREE,WEBGL1-LOEO-v1-03,timezone,A_America/Los_Angeles,change,EFFECTIVE_INTERVENTION,3,0,3,0,0,0,3
APP_TREE,WEBGL1-LOEO-v1-03,timezone,A_America/Los_Angeles,clean_pre,NORMAL,3,0,3,0,0,0,3
APP_TREE,WEBGL1-LOEO-v1-03,timezone,A_America/Los_Angeles,clean_post,NORMAL,3,0,3,0,0,0,3
APP_TREE,WEBGL1-LOEO-v1-03,timezone,A_UTC,ALL,NORMAL,6,0,6,0,0,0,6
APP_TREE,WEBGL1-LOEO-v1-03,timezone,A_UTC,ALL,EFFECTIVE_INTERVENTION,3,0,3,0,0,0,3
APP_TREE,WEBGL1-LOEO-v1-03,timezone,A_UTC,change,EFFECTIVE_INTERVENTION,3,0,3,0,0,0,3
APP_TREE,WEBGL1-LOEO-v1-03,timezone,A_UTC,clean_pre,NORMAL,3,0,3,0,0,0,3
APP_TREE,WEBGL1-LOEO-v1-03,timezone,A_UTC,clean_post,NORMAL,3,0,3,0,0,0,3
APP_TREE,WEBGL1-LOEO-v1-03,timezone,L_America/Los_Angeles,ALL,NORMAL,9,0,9,0,0,0,9
APP_TREE,WEBGL1-LOEO-v1-03,timezone,L_America/Los_Angeles,change,NORMAL,3,0,3,0,0,0,3
APP_TREE,WEBGL1-LOEO-v1-03,timezone,L_America/Los_Angeles,clean_pre,NORMAL,3,0,3,0,0,0,3
APP_TREE,WEBGL1-LOEO-v1-03,timezone,L_America/Los_Angeles,clean_post,NORMAL,3,0,3,0,0,0,3
APP_TREE,WEBGL1-LOEO-v1-03,timezone,L_UTC,ALL,NORMAL,9,0,9,0,0,0,9
APP_TREE,WEBGL1-LOEO-v1-03,timezone,L_UTC,change,NORMAL,3,0,3,0,0,0,3
APP_TREE,WEBGL1-LOEO-v1-03,timezone,L_UTC,clean_pre,NORMAL,3,0,3,0,0,0,3
APP_TREE,WEBGL1-LOEO-v1-03,timezone,L_UTC,clean_post,NORMAL,3,0,3,0,0,0,3
APP_TREE,WEBGL1-LOEO-v1-03,screen,ALL,ALL,NORMAL,66,0,66,0,0,0,66
APP_TREE,WEBGL1-LOEO-v1-03,screen,ALL,ALL,EFFECTIVE_INTERVENTION,6,0,6,0,0,0,6
APP_TREE,WEBGL1-LOEO-v1-03,screen,ALL,change,NORMAL,18,0,18,0,0,0,18
APP_TREE,WEBGL1-LOEO-v1-03,screen,ALL,change,EFFECTIVE_INTERVENTION,6,0,6,0,0,0,6
APP_TREE,WEBGL1-LOEO-v1-03,screen,ALL,clean_pre,NORMAL,24,0,24,0,0,0,24
APP_TREE,WEBGL1-LOEO-v1-03,screen,ALL,clean_post,NORMAL,24,0,24,0,0,0,24
APP_TREE,WEBGL1-LOEO-v1-03,screen,A_screen,ALL,NORMAL,12,0,12,0,0,0,12
APP_TREE,WEBGL1-LOEO-v1-03,screen,A_screen,ALL,EFFECTIVE_INTERVENTION,6,0,6,0,0,0,6
APP_TREE,WEBGL1-LOEO-v1-03,screen,A_screen,change,EFFECTIVE_INTERVENTION,6,0,6,0,0,0,6
APP_TREE,WEBGL1-LOEO-v1-03,screen,A_screen,clean_pre,NORMAL,6,0,6,0,0,0,6
APP_TREE,WEBGL1-LOEO-v1-03,screen,A_screen,clean_post,NORMAL,6,0,6,0,0,0,6
APP_TREE,WEBGL1-LOEO-v1-03,screen,L1_screen,ALL,NORMAL,18,0,18,0,0,0,18
APP_TREE,WEBGL1-LOEO-v1-03,screen,L1_screen,change,NORMAL,6,0,6,0,0,0,6
APP_TREE,WEBGL1-LOEO-v1-03,screen,L1_screen,clean_pre,NORMAL,6,0,6,0,0,0,6
APP_TREE,WEBGL1-LOEO-v1-03,screen,L1_screen,clean_post,NORMAL,6,0,6,0,0,0,6
APP_TREE,WEBGL1-LOEO-v1-03,screen,L2_screen,ALL,NORMAL,18,0,18,0,0,0,18
APP_TREE,WEBGL1-LOEO-v1-03,screen,L2_screen,change,NORMAL,6,0,6,0,0,0,6
APP_TREE,WEBGL1-LOEO-v1-03,screen,L2_screen,clean_pre,NORMAL,6,0,6,0,0,0,6
APP_TREE,WEBGL1-LOEO-v1-03,screen,L2_screen,clean_post,NORMAL,6,0,6,0,0,0,6
APP_TREE,WEBGL1-LOEO-v1-03,screen,L3_screen,ALL,NORMAL,18,0,18,0,0,0,18
APP_TREE,WEBGL1-LOEO-v1-03,screen,L3_screen,change,NORMAL,6,0,6,0,0,0,6
APP_TREE,WEBGL1-LOEO-v1-03,screen,L3_screen,clean_pre,NORMAL,6,0,6,0,0,0,6
APP_TREE,WEBGL1-LOEO-v1-03,screen,L3_screen,clean_post,NORMAL,6,0,6,0,0,0,6
