{
  "k0": {
    "name": "K0_no_official",
    "rows": 60,
    "mae": 16.425000000000004,
    "rmse": 17.703747772299096,
    "five_band_match_count": 31,
    "five_band_match_rate": 0.5166666666666667,
    "three_band_match_count": 31,
    "three_band_match_rate": 0.5166666666666667,
    "future_only_reason_hits": 0,
    "high_risk": {
      "precision": 1.0,
      "recall": 0.6666666666666666,
      "f1": 0.8,
      "accuracy": 0.8666666666666667,
      "true_high_count": 24,
      "pred_high_count": 16
    }
  },
  "k1": {
    "name": "K1_official",
    "rows": 60,
    "mae": 17.116666666666667,
    "rmse": 18.52835664596296,
    "five_band_match_count": 31,
    "five_band_match_rate": 0.5166666666666667,
    "three_band_match_count": 31,
    "three_band_match_rate": 0.5166666666666667,
    "future_only_reason_hits": 0,
    "high_risk": {
      "precision": 1.0,
      "recall": 0.6666666666666666,
      "f1": 0.8,
      "accuracy": 0.8666666666666667,
      "true_high_count": 24,
      "pred_high_count": 16
    }
  },
  "delta": {
    "rows": 0,
    "mae": 0.6916666666666629,
    "rmse": 0.8246088736638626,
    "five_band_match_rate": 0.0,
    "three_band_match_rate": 0.0,
    "high_risk_f1": 0.0,
    "future_only_reason_hits": 0
  },
  "paired_counts": {
    "improved": 22,
    "worsened": 22,
    "unchanged": 16
  }
}
