config_id,config_name,folds,train_augmented,sample_weighted,mae_mean,mae_std,rmse_mean,rmse_std,r2_mean,r2_std,high_risk_precision_mean,high_risk_precision_std,high_risk_recall_mean,high_risk_recall_std,high_risk_f1_mean,high_risk_f1_std,high_risk_accuracy_mean,high_risk_accuracy_std
D0_original_unweighted,"Original group scores, unweighted",3,False,False,7.982606292652924,6.141818870059414,9.954337392271887,8.244957643131299,0.8457036303040598,0.15929824229356374,0.3333333333333333,0.4714045207910317,0.3333333333333333,0.4714045207910317,0.3333333333333333,0.4714045207910317,0.8181818181818182,0.25712973861329
W1_original_group_weighted,Original group scores + group sample weight,3,False,True,6.317645376626814,4.889039812686349,7.761456686691017,6.272419377134881,0.8999615023154345,0.09115218076185283,0.6666666666666666,0.4714045207910317,0.4166666666666667,0.42491829279939874,0.4666666666666666,0.41096093353126517,0.8636363636363636,0.1928473039599675
P1_train_perturbed_unweighted,"Train-fold runtime perturbation, unweighted",3,True,False,7.982606292652924,6.141818870059414,9.954337392271887,8.244957643131299,0.8457036303040598,0.15929824229356374,0.3333333333333333,0.4714045207910317,0.3333333333333333,0.4714045207910317,0.3333333333333333,0.4714045207910317,0.8181818181818182,0.25712973861329
WP_train_perturbed_group_weighted,Train-fold runtime perturbation + group sample weight,3,True,True,6.317645376626814,4.889039812686349,7.761456686691017,6.272419377134881,0.8999615023154345,0.09115218076185283,0.6666666666666666,0.4714045207910317,0.4166666666666667,0.42491829279939874,0.4666666666666666,0.41096093353126517,0.8636363636363636,0.1928473039599675
