{
  "sample_size": 30,
  "model": "glm-5.2",
  "glm_vs_teacher": {
    "mae": 1.6666666666666667,
    "rmse": 2.4765567494675613,
    "pearson": 0.9979070718379451,
    "spearman": 0.9532158484443857,
    "r2": 0.9948656941869799
  },
  "rf_vs_teacher_same_rows": {
    "mae": 0.7620596164386247,
    "rmse": 1.180625913062522,
    "pearson": 0.9994316203905232,
    "spearman": 0.9769278331038503,
    "r2": 0.9988331640885675
  },
  "glm_vs_rf": {
    "mae": 1.740222423509863,
    "rmse": 2.2651080615563437,
    "pearson": 0.9981699995050743,
    "spearman": 0.9403387748898747,
    "r2": 0.9956999761678046
  },
  "glm_high_risk_vs_teacher": {
    "threshold": 80.0,
    "precision": 1.0,
    "recall": 1.0,
    "f1": 1.0,
    "accuracy": 1.0,
    "true_high_count": 10,
    "pred_high_count": 10
  },
  "rf_high_risk_vs_teacher_same_rows": {
    "threshold": 80.0,
    "precision": 1.0,
    "recall": 1.0,
    "f1": 1.0,
    "accuracy": 1.0,
    "true_high_count": 10,
    "pred_high_count": 10
  },
  "score_means": {
    "teacher": 49.56666666666667,
    "glm": 48.5,
    "rf": 49.37610280272707
  }
}