config_id,config_name,layers,feature_count,train_size,test_size,mae,rmse,r2,high_risk_threshold,high_risk_precision,high_risk_recall,high_risk_f1,high_risk_accuracy
native_only,Native only,native,33,1058,265,1.2223349635477943,2.197898318108269,0.9932995828039016,80.0,1.0,1.0,1.0,1.0
webview_only,WebView only,webview,14,1058,265,1.1386146998167261,1.536513373706642,0.9967253918338049,80.0,1.0,1.0,1.0,1.0
web_only,Web only,web,18,1058,265,1.416082149039299,2.3771114053436775,0.9921623525784077,80.0,1.0,1.0,1.0,1.0
native_webview,Native + WebView,native+webview,47,1058,265,1.129154903851655,1.5151158081547538,0.9968159615018495,80.0,1.0,1.0,1.0,1.0
native_web,Native + Web,native+web,51,1058,265,1.2194467906780837,2.1769155528528668,0.9934269064168175,80.0,1.0,1.0,1.0,1.0
webview_web,WebView + Web,webview+web,32,1058,265,1.1314851867443385,1.5374961523601853,0.9967212015100881,80.0,1.0,1.0,1.0,1.0
all_three,Native + WebView + Web,native+webview+web,65,1058,265,1.1400385749895974,1.5435011379981736,0.9966955395431811,80.0,1.0,1.0,1.0,1.0
