fold,source_type,rows,groups,risk_score_mean
1,cloud_device,290,23,41.89310344827586
1,physical_device,82,21,15.0
1,script_attack,104,1,93.1826923076923
2,cloud_device,236,28,42.101694915254235
2,physical_device,128,21,15.0
2,script_attack,97,1,96.20618556701031
3,cloud_device,211,26,42.21327014218009
3,physical_device,76,23,15.0
3,script_attack,99,1,96.18181818181819
