figure,method,configuration,method_role,cohort,identity,family,state,source_path,source_locator,members_source_path,members_source_locator
F05a,APP_FULL,01,complete_app,b2b42,EFFECTIVE_INTERVENTION,App_language,F,deliverables/app_resource_constrained_extension_v1/results/inputs.jsonl,line 668; app_states[paired244-devext-c2e38381be26f0a91709871b],deliverables/app_resource_constrained_extension_v1/results/members.jsonl,line 668
F05a,APP_FULL,01,complete_app,b2b42,EFFECTIVE_INTERVENTION,App_language,F,deliverables/app_resource_constrained_extension_v1/results/inputs.jsonl,line 671; app_states[paired244-devext-c2e38381be26f0a91709871b],deliverables/app_resource_constrained_extension_v1/results/members.jsonl,line 671
F05a,APP_FULL,01,complete_app,b2b42,EFFECTIVE_INTERVENTION,App_timezone,T,deliverables/app_resource_constrained_extension_v1/results/inputs.jsonl,line 674; app_states[paired244-devext-c2e38381be26f0a91709871b],deliverables/app_resource_constrained_extension_v1/results/members.jsonl,line 674
F05a,APP_FULL,01,complete_app,b2b42,EFFECTIVE_INTERVENTION,App_timezone,T,deliverables/app_resource_constrained_extension_v1/results/inputs.jsonl,line 677; app_states[paired244-devext-c2e38381be26f0a91709871b],deliverables/app_resource_constrained_extension_v1/results/members.jsonl,line 677
F05a,APP_FULL,01,complete_app,pilot18,EFFECTIVE_INTERVENTION,Browser_language,F,deliverables/app_resource_constrained_extension_v1/results/inputs.jsonl,line 632; app_states[paired244-devext-c2e38381be26f0a91709871b],deliverables/app_resource_constrained_extension_v1/results/members.jsonl,line 632
F05a,APP_FULL,01,complete_app,pilot18,EFFECTIVE_INTERVENTION,Browser_language,F,deliverables/app_resource_constrained_extension_v1/results/inputs.jsonl,line 635; app_states[paired244-devext-c2e38381be26f0a91709871b],deliverables/app_resource_constrained_extension_v1/results/members.jsonl,line 635
F05a,APP_FULL,01,complete_app,pilot18,EFFECTIVE_INTERVENTION,Browser_language,F,deliverables/app_resource_constrained_extension_v1/results/inputs.jsonl,line 638; app_states[paired244-devext-c2e38381be26f0a91709871b],deliverables/app_resource_constrained_extension_v1/results/members.jsonl,line 638
F05a,APP_FULL,01,complete_app,b2b42,EFFECTIVE_INTERVENTION,Browser_language,F,deliverables/app_resource_constrained_extension_v1/results/inputs.jsonl,line 680; app_states[paired244-devext-c2e38381be26f0a91709871b],deliverables/app_resource_constrained_extension_v1/results/members.jsonl,line 680
F05a,APP_FULL,01,complete_app,b2b42,EFFECTIVE_INTERVENTION,Browser_language,F,deliverables/app_resource_constrained_extension_v1/results/inputs.jsonl,line 683; app_states[paired244-devext-c2e38381be26f0a91709871b],deliverables/app_resource_constrained_extension_v1/results/members.jsonl,line 683
F05a,APP_FULL,01,complete_app,pilot18,EFFECTIVE_INTERVENTION,Browser_timezone,F,deliverables/app_resource_constrained_extension_v1/results/inputs.jsonl,line 641; app_states[paired244-devext-c2e38381be26f0a91709871b],deliverables/app_resource_constrained_extension_v1/results/members.jsonl,line 641
F05a,APP_FULL,01,complete_app,pilot18,EFFECTIVE_INTERVENTION,Browser_timezone,F,deliverables/app_resource_constrained_extension_v1/results/inputs.jsonl,line 644; app_states[paired244-devext-c2e38381be26f0a91709871b],deliverables/app_resource_constrained_extension_v1/results/members.jsonl,line 644
F05a,APP_FULL,01,complete_app,pilot18,EFFECTIVE_INTERVENTION,Browser_timezone,F,deliverables/app_resource_constrained_extension_v1/results/inputs.jsonl,line 647; app_states[paired244-devext-c2e38381be26f0a91709871b],deliverables/app_resource_constrained_extension_v1/results/members.jsonl,line 647
F05a,APP_FULL,01,complete_app,b2b42,EFFECTIVE_INTERVENTION,Browser_timezone,F,deliverables/app_resource_constrained_extension_v1/results/inputs.jsonl,line 686; app_states[paired244-devext-c2e38381be26f0a91709871b],deliverables/app_resource_constrained_extension_v1/results/members.jsonl,line 686
F05a,APP_FULL,01,complete_app,b2b42,EFFECTIVE_INTERVENTION,Browser_timezone,F,deliverables/app_resource_constrained_extension_v1/results/inputs.jsonl,line 689; app_states[paired244-devext-c2e38381be26f0a91709871b],deliverables/app_resource_constrained_extension_v1/results/members.jsonl,line 689
F05a,APP_FULL,01,complete_app,pilot18,NORMAL,NORMAL,F,deliverables/app_resource_constrained_extension_v1/results/inputs.jsonl,line 631; app_states[paired244-devext-c2e38381be26f0a91709871b],deliverables/app_resource_constrained_extension_v1/results/members.jsonl,line 631
F05a,APP_FULL,01,complete_app,pilot18,NORMAL,NORMAL,F,deliverables/app_resource_constrained_extension_v1/results/inputs.jsonl,line 633; app_states[paired244-devext-c2e38381be26f0a91709871b],deliverables/app_resource_constrained_extension_v1/results/members.jsonl,line 633
F05a,APP_FULL,01,complete_app,pilot18,NORMAL,NORMAL,F,deliverables/app_resource_constrained_extension_v1/results/inputs.jsonl,line 634; app_states[paired244-devext-c2e38381be26f0a91709871b],deliverables/app_resource_constrained_extension_v1/results/members.jsonl,line 634
F05a,APP_FULL,01,complete_app,pilot18,NORMAL,NORMAL,F,deliverables/app_resource_constrained_extension_v1/results/inputs.jsonl,line 636; app_states[paired244-devext-c2e38381be26f0a91709871b],deliverables/app_resource_constrained_extension_v1/results/members.jsonl,line 636
F05a,APP_FULL,01,complete_app,pilot18,NORMAL,NORMAL,F,deliverables/app_resource_constrained_extension_v1/results/inputs.jsonl,line 637; app_states[paired244-devext-c2e38381be26f0a91709871b],deliverables/app_resource_constrained_extension_v1/results/members.jsonl,line 637
F05a,APP_FULL,01,complete_app,pilot18,NORMAL,NORMAL,F,deliverables/app_resource_constrained_extension_v1/results/inputs.jsonl,line 639; app_states[paired244-devext-c2e38381be26f0a91709871b],deliverables/app_resource_constrained_extension_v1/results/members.jsonl,line 639
F05a,APP_FULL,01,complete_app,pilot18,NORMAL,NORMAL,F,deliverables/app_resource_constrained_extension_v1/results/inputs.jsonl,line 640; app_states[paired244-devext-c2e38381be26f0a91709871b],deliverables/app_resource_constrained_extension_v1/results/members.jsonl,line 640
F05a,APP_FULL,01,complete_app,pilot18,NORMAL,NORMAL,F,deliverables/app_resource_constrained_extension_v1/results/inputs.jsonl,line 642; app_states[paired244-devext-c2e38381be26f0a91709871b],deliverables/app_resource_constrained_extension_v1/results/members.jsonl,line 642
F05a,APP_FULL,01,complete_app,pilot18,NORMAL,NORMAL,F,deliverables/app_resource_constrained_extension_v1/results/inputs.jsonl,line 643; app_states[paired244-devext-c2e38381be26f0a91709871b],deliverables/app_resource_constrained_extension_v1/results/members.jsonl,line 643
F05a,APP_FULL,01,complete_app,pilot18,NORMAL,NORMAL,F,deliverables/app_resource_constrained_extension_v1/results/inputs.jsonl,line 645; app_states[paired244-devext-c2e38381be26f0a91709871b],deliverables/app_resource_constrained_extension_v1/results/members.jsonl,line 645
F05a,APP_FULL,01,complete_app,pilot18,NORMAL,NORMAL,F,deliverables/app_resource_constrained_extension_v1/results/inputs.jsonl,line 646; app_states[paired244-devext-c2e38381be26f0a91709871b],deliverables/app_resource_constrained_extension_v1/results/members.jsonl,line 646
F05a,APP_FULL,01,complete_app,pilot18,NORMAL,NORMAL,F,deliverables/app_resource_constrained_extension_v1/results/inputs.jsonl,line 648; app_states[paired244-devext-c2e38381be26f0a91709871b],deliverables/app_resource_constrained_extension_v1/results/members.jsonl,line 648
F05a,APP_FULL,01,complete_app,b2b42,NORMAL,NORMAL,F,deliverables/app_resource_constrained_extension_v1/results/inputs.jsonl,line 649; app_states[paired244-devext-c2e38381be26f0a91709871b],deliverables/app_resource_constrained_extension_v1/results/members.jsonl,line 649
F05a,APP_FULL,01,complete_app,b2b42,NORMAL,NORMAL,F,deliverables/app_resource_constrained_extension_v1/results/inputs.jsonl,line 650; app_states[paired244-devext-c2e38381be26f0a91709871b],deliverables/app_resource_constrained_extension_v1/results/members.jsonl,line 650
F05a,APP_FULL,01,complete_app,b2b42,NORMAL,NORMAL,F,deliverables/app_resource_constrained_extension_v1/results/inputs.jsonl,line 651; app_states[paired244-devext-c2e38381be26f0a91709871b],deliverables/app_resource_constrained_extension_v1/results/members.jsonl,line 651
F05a,APP_FULL,01,complete_app,b2b42,NORMAL,NORMAL,F,deliverables/app_resource_constrained_extension_v1/results/inputs.jsonl,line 652; app_states[paired244-devext-c2e38381be26f0a91709871b],deliverables/app_resource_constrained_extension_v1/results/members.jsonl,line 652
F05a,APP_FULL,01,complete_app,b2b42,NORMAL,NORMAL,F,deliverables/app_resource_constrained_extension_v1/results/inputs.jsonl,line 653; app_states[paired244-devext-c2e38381be26f0a91709871b],deliverables/app_resource_constrained_extension_v1/results/members.jsonl,line 653
F05a,APP_FULL,01,complete_app,b2b42,NORMAL,NORMAL,F,deliverables/app_resource_constrained_extension_v1/results/inputs.jsonl,line 654; app_states[paired244-devext-c2e38381be26f0a91709871b],deliverables/app_resource_constrained_extension_v1/results/members.jsonl,line 654
F05a,APP_FULL,01,complete_app,b2b42,NORMAL,NORMAL,F,deliverables/app_resource_constrained_extension_v1/results/inputs.jsonl,line 655; app_states[paired244-devext-c2e38381be26f0a91709871b],deliverables/app_resource_constrained_extension_v1/results/members.jsonl,line 655
F05a,APP_FULL,01,complete_app,b2b42,NORMAL,NORMAL,F,deliverables/app_resource_constrained_extension_v1/results/inputs.jsonl,line 656; app_states[paired244-devext-c2e38381be26f0a91709871b],deliverables/app_resource_constrained_extension_v1/results/members.jsonl,line 656
F05a,APP_FULL,01,complete_app,b2b42,NORMAL,NORMAL,F,deliverables/app_resource_constrained_extension_v1/results/inputs.jsonl,line 657; app_states[paired244-devext-c2e38381be26f0a91709871b],deliverables/app_resource_constrained_extension_v1/results/members.jsonl,line 657
F05a,APP_FULL,01,complete_app,b2b42,NORMAL,NORMAL,F,deliverables/app_resource_constrained_extension_v1/results/inputs.jsonl,line 658; app_states[paired244-devext-c2e38381be26f0a91709871b],deliverables/app_resource_constrained_extension_v1/results/members.jsonl,line 658
F05a,APP_FULL,01,complete_app,b2b42,NORMAL,NORMAL,F,deliverables/app_resource_constrained_extension_v1/results/inputs.jsonl,line 659; app_states[paired244-devext-c2e38381be26f0a91709871b],deliverables/app_resource_constrained_extension_v1/results/members.jsonl,line 659
F05a,APP_FULL,01,complete_app,b2b42,NORMAL,NORMAL,F,deliverables/app_resource_constrained_extension_v1/results/inputs.jsonl,line 660; app_states[paired244-devext-c2e38381be26f0a91709871b],deliverables/app_resource_constrained_extension_v1/results/members.jsonl,line 660
F05a,APP_FULL,01,complete_app,b2b42,NORMAL,NORMAL,F,deliverables/app_resource_constrained_extension_v1/results/inputs.jsonl,line 661; app_states[paired244-devext-c2e38381be26f0a91709871b],deliverables/app_resource_constrained_extension_v1/results/members.jsonl,line 661
F05a,APP_FULL,01,complete_app,b2b42,NORMAL,NORMAL,F,deliverables/app_resource_constrained_extension_v1/results/inputs.jsonl,line 662; app_states[paired244-devext-c2e38381be26f0a91709871b],deliverables/app_resource_constrained_extension_v1/results/members.jsonl,line 662
F05a,APP_FULL,01,complete_app,b2b42,NORMAL,NORMAL,F,deliverables/app_resource_constrained_extension_v1/results/inputs.jsonl,line 663; app_states[paired244-devext-c2e38381be26f0a91709871b],deliverables/app_resource_constrained_extension_v1/results/members.jsonl,line 663
F05a,APP_FULL,01,complete_app,b2b42,NORMAL,NORMAL,F,deliverables/app_resource_constrained_extension_v1/results/inputs.jsonl,line 664; app_states[paired244-devext-c2e38381be26f0a91709871b],deliverables/app_resource_constrained_extension_v1/results/members.jsonl,line 664
F05a,APP_FULL,01,complete_app,b2b42,NORMAL,NORMAL,F,deliverables/app_resource_constrained_extension_v1/results/inputs.jsonl,line 665; app_states[paired244-devext-c2e38381be26f0a91709871b],deliverables/app_resource_constrained_extension_v1/results/members.jsonl,line 665
F05a,APP_FULL,01,complete_app,b2b42,NORMAL,NORMAL,F,deliverables/app_resource_constrained_extension_v1/results/inputs.jsonl,line 666; app_states[paired244-devext-c2e38381be26f0a91709871b],deliverables/app_resource_constrained_extension_v1/results/members.jsonl,line 666
F05a,APP_FULL,01,complete_app,b2b42,NORMAL,NORMAL,F,deliverables/app_resource_constrained_extension_v1/results/inputs.jsonl,line 667; app_states[paired244-devext-c2e38381be26f0a91709871b],deliverables/app_resource_constrained_extension_v1/results/members.jsonl,line 667
F05a,APP_FULL,01,complete_app,b2b42,NORMAL,NORMAL,F,deliverables/app_resource_constrained_extension_v1/results/inputs.jsonl,line 669; app_states[paired244-devext-c2e38381be26f0a91709871b],deliverables/app_resource_constrained_extension_v1/results/members.jsonl,line 669
F05a,APP_FULL,01,complete_app,b2b42,NORMAL,NORMAL,F,deliverables/app_resource_constrained_extension_v1/results/inputs.jsonl,line 670; app_states[paired244-devext-c2e38381be26f0a91709871b],deliverables/app_resource_constrained_extension_v1/results/members.jsonl,line 670
F05a,APP_FULL,01,complete_app,b2b42,NORMAL,NORMAL,F,deliverables/app_resource_constrained_extension_v1/results/inputs.jsonl,line 672; app_states[paired244-devext-c2e38381be26f0a91709871b],deliverables/app_resource_constrained_extension_v1/results/members.jsonl,line 672
F05a,APP_FULL,01,complete_app,b2b42,NORMAL,NORMAL,F,deliverables/app_resource_constrained_extension_v1/results/inputs.jsonl,line 673; app_states[paired244-devext-c2e38381be26f0a91709871b],deliverables/app_resource_constrained_extension_v1/results/members.jsonl,line 673
F05a,APP_FULL,01,complete_app,b2b42,NORMAL,NORMAL,F,deliverables/app_resource_constrained_extension_v1/results/inputs.jsonl,line 675; app_states[paired244-devext-c2e38381be26f0a91709871b],deliverables/app_resource_constrained_extension_v1/results/members.jsonl,line 675
F05a,APP_FULL,01,complete_app,b2b42,NORMAL,NORMAL,F,deliverables/app_resource_constrained_extension_v1/results/inputs.jsonl,line 676; app_states[paired244-devext-c2e38381be26f0a91709871b],deliverables/app_resource_constrained_extension_v1/results/members.jsonl,line 676
F05a,APP_FULL,01,complete_app,b2b42,NORMAL,NORMAL,F,deliverables/app_resource_constrained_extension_v1/results/inputs.jsonl,line 678; app_states[paired244-devext-c2e38381be26f0a91709871b],deliverables/app_resource_constrained_extension_v1/results/members.jsonl,line 678
F05a,APP_FULL,01,complete_app,b2b42,NORMAL,NORMAL,F,deliverables/app_resource_constrained_extension_v1/results/inputs.jsonl,line 679; app_states[paired244-devext-c2e38381be26f0a91709871b],deliverables/app_resource_constrained_extension_v1/results/members.jsonl,line 679
F05a,APP_FULL,01,complete_app,b2b42,NORMAL,NORMAL,F,deliverables/app_resource_constrained_extension_v1/results/inputs.jsonl,line 681; app_states[paired244-devext-c2e38381be26f0a91709871b],deliverables/app_resource_constrained_extension_v1/results/members.jsonl,line 681
F05a,APP_FULL,01,complete_app,b2b42,NORMAL,NORMAL,F,deliverables/app_resource_constrained_extension_v1/results/inputs.jsonl,line 682; app_states[paired244-devext-c2e38381be26f0a91709871b],deliverables/app_resource_constrained_extension_v1/results/members.jsonl,line 682
F05a,APP_FULL,01,complete_app,b2b42,NORMAL,NORMAL,F,deliverables/app_resource_constrained_extension_v1/results/inputs.jsonl,line 684; app_states[paired244-devext-c2e38381be26f0a91709871b],deliverables/app_resource_constrained_extension_v1/results/members.jsonl,line 684
F05a,APP_FULL,01,complete_app,b2b42,NORMAL,NORMAL,F,deliverables/app_resource_constrained_extension_v1/results/inputs.jsonl,line 685; app_states[paired244-devext-c2e38381be26f0a91709871b],deliverables/app_resource_constrained_extension_v1/results/members.jsonl,line 685
F05a,APP_FULL,01,complete_app,b2b42,NORMAL,NORMAL,F,deliverables/app_resource_constrained_extension_v1/results/inputs.jsonl,line 687; app_states[paired244-devext-c2e38381be26f0a91709871b],deliverables/app_resource_constrained_extension_v1/results/members.jsonl,line 687
F05a,APP_FULL,01,complete_app,b2b42,NORMAL,NORMAL,F,deliverables/app_resource_constrained_extension_v1/results/inputs.jsonl,line 688; app_states[paired244-devext-c2e38381be26f0a91709871b],deliverables/app_resource_constrained_extension_v1/results/members.jsonl,line 688
F05a,APP_FULL,01,complete_app,b2b42,NORMAL,NORMAL,F,deliverables/app_resource_constrained_extension_v1/results/inputs.jsonl,line 690; app_states[paired244-devext-c2e38381be26f0a91709871b],deliverables/app_resource_constrained_extension_v1/results/members.jsonl,line 690
F05b,APP_FULL,01,complete_app,resource54,EFFECTIVE_INTERVENTION,App_resource16_48,T,deliverables/app_resource_constrained_extension_v1/results/inputs.jsonl,line 692; app_states[paired244-devext-c2e38381be26f0a91709871b],deliverables/app_resource_constrained_extension_v1/results/members.jsonl,line 692
F05b,APP_FULL,01,complete_app,resource54,EFFECTIVE_INTERVENTION,App_resource16_48,T,deliverables/app_resource_constrained_extension_v1/results/inputs.jsonl,line 710; app_states[paired244-devext-c2e38381be26f0a91709871b],deliverables/app_resource_constrained_extension_v1/results/members.jsonl,line 710
F05b,APP_FULL,01,complete_app,resource54,EFFECTIVE_INTERVENTION,App_resource16_48,T,deliverables/app_resource_constrained_extension_v1/results/inputs.jsonl,line 728; app_states[paired244-devext-c2e38381be26f0a91709871b],deliverables/app_resource_constrained_extension_v1/results/members.jsonl,line 728
F05b,APP_FULL,01,complete_app,resource54,EFFECTIVE_INTERVENTION,App_memory4,T,deliverables/app_resource_constrained_extension_v1/results/inputs.jsonl,line 695; app_states[paired244-devext-c2e38381be26f0a91709871b],deliverables/app_resource_constrained_extension_v1/results/members.jsonl,line 695
F05b,APP_FULL,01,complete_app,resource54,EFFECTIVE_INTERVENTION,App_memory4,T,deliverables/app_resource_constrained_extension_v1/results/inputs.jsonl,line 713; app_states[paired244-devext-c2e38381be26f0a91709871b],deliverables/app_resource_constrained_extension_v1/results/members.jsonl,line 713
F05b,APP_FULL,01,complete_app,resource54,EFFECTIVE_INTERVENTION,App_memory4,T,deliverables/app_resource_constrained_extension_v1/results/inputs.jsonl,line 731; app_states[paired244-devext-c2e38381be26f0a91709871b],deliverables/app_resource_constrained_extension_v1/results/members.jsonl,line 731
F05b,APP_FULL,01,complete_app,resource54,EFFECTIVE_INTERVENTION,Browser_resource16_48,F,deliverables/app_resource_constrained_extension_v1/results/inputs.jsonl,line 698; app_states[paired244-devext-c2e38381be26f0a91709871b],deliverables/app_resource_constrained_extension_v1/results/members.jsonl,line 698
F05b,APP_FULL,01,complete_app,resource54,EFFECTIVE_INTERVENTION,Browser_resource16_48,F,deliverables/app_resource_constrained_extension_v1/results/inputs.jsonl,line 716; app_states[paired244-devext-c2e38381be26f0a91709871b],deliverables/app_resource_constrained_extension_v1/results/members.jsonl,line 716
F05b,APP_FULL,01,complete_app,resource54,EFFECTIVE_INTERVENTION,Browser_resource16_48,F,deliverables/app_resource_constrained_extension_v1/results/inputs.jsonl,line 734; app_states[paired244-devext-c2e38381be26f0a91709871b],deliverables/app_resource_constrained_extension_v1/results/members.jsonl,line 734
F05b,APP_FULL,01,complete_app,resource54,EFFECTIVE_INTERVENTION,Browser_memory4,F,deliverables/app_resource_constrained_extension_v1/results/inputs.jsonl,line 701; app_states[paired244-devext-c2e38381be26f0a91709871b],deliverables/app_resource_constrained_extension_v1/results/members.jsonl,line 701
F05b,APP_FULL,01,complete_app,resource54,EFFECTIVE_INTERVENTION,Browser_memory4,F,deliverables/app_resource_constrained_extension_v1/results/inputs.jsonl,line 719; app_states[paired244-devext-c2e38381be26f0a91709871b],deliverables/app_resource_constrained_extension_v1/results/members.jsonl,line 719
F05b,APP_FULL,01,complete_app,resource54,EFFECTIVE_INTERVENTION,Browser_memory4,F,deliverables/app_resource_constrained_extension_v1/results/inputs.jsonl,line 737; app_states[paired244-devext-c2e38381be26f0a91709871b],deliverables/app_resource_constrained_extension_v1/results/members.jsonl,line 737
F05b,APP_FULL,01,complete_app,resource54,NORMAL,NORMAL,F,deliverables/app_resource_constrained_extension_v1/results/inputs.jsonl,line 691; app_states[paired244-devext-c2e38381be26f0a91709871b],deliverables/app_resource_constrained_extension_v1/results/members.jsonl,line 691
F05b,APP_FULL,01,complete_app,resource54,NORMAL,NORMAL,F,deliverables/app_resource_constrained_extension_v1/results/inputs.jsonl,line 693; app_states[paired244-devext-c2e38381be26f0a91709871b],deliverables/app_resource_constrained_extension_v1/results/members.jsonl,line 693
F05b,APP_FULL,01,complete_app,resource54,NORMAL,NORMAL,F,deliverables/app_resource_constrained_extension_v1/results/inputs.jsonl,line 694; app_states[paired244-devext-c2e38381be26f0a91709871b],deliverables/app_resource_constrained_extension_v1/results/members.jsonl,line 694
F05b,APP_FULL,01,complete_app,resource54,NORMAL,NORMAL,F,deliverables/app_resource_constrained_extension_v1/results/inputs.jsonl,line 696; app_states[paired244-devext-c2e38381be26f0a91709871b],deliverables/app_resource_constrained_extension_v1/results/members.jsonl,line 696
F05b,APP_FULL,01,complete_app,resource54,NORMAL,NORMAL,F,deliverables/app_resource_constrained_extension_v1/results/inputs.jsonl,line 697; app_states[paired244-devext-c2e38381be26f0a91709871b],deliverables/app_resource_constrained_extension_v1/results/members.jsonl,line 697
F05b,APP_FULL,01,complete_app,resource54,NORMAL,NORMAL,F,deliverables/app_resource_constrained_extension_v1/results/inputs.jsonl,line 699; app_states[paired244-devext-c2e38381be26f0a91709871b],deliverables/app_resource_constrained_extension_v1/results/members.jsonl,line 699
F05b,APP_FULL,01,complete_app,resource54,NORMAL,NORMAL,F,deliverables/app_resource_constrained_extension_v1/results/inputs.jsonl,line 700; app_states[paired244-devext-c2e38381be26f0a91709871b],deliverables/app_resource_constrained_extension_v1/results/members.jsonl,line 700
F05b,APP_FULL,01,complete_app,resource54,NORMAL,NORMAL,F,deliverables/app_resource_constrained_extension_v1/results/inputs.jsonl,line 702; app_states[paired244-devext-c2e38381be26f0a91709871b],deliverables/app_resource_constrained_extension_v1/results/members.jsonl,line 702
F05b,APP_FULL,01,complete_app,resource54,NORMAL,NORMAL,F,deliverables/app_resource_constrained_extension_v1/results/inputs.jsonl,line 703; app_states[paired244-devext-c2e38381be26f0a91709871b],deliverables/app_resource_constrained_extension_v1/results/members.jsonl,line 703
F05b,APP_FULL,01,complete_app,resource54,NORMAL,NORMAL,F,deliverables/app_resource_constrained_extension_v1/results/inputs.jsonl,line 704; app_states[paired244-devext-c2e38381be26f0a91709871b],deliverables/app_resource_constrained_extension_v1/results/members.jsonl,line 704
F05b,APP_FULL,01,complete_app,resource54,NORMAL,NORMAL,F,deliverables/app_resource_constrained_extension_v1/results/inputs.jsonl,line 705; app_states[paired244-devext-c2e38381be26f0a91709871b],deliverables/app_resource_constrained_extension_v1/results/members.jsonl,line 705
F05b,APP_FULL,01,complete_app,resource54,NORMAL,NORMAL,F,deliverables/app_resource_constrained_extension_v1/results/inputs.jsonl,line 706; app_states[paired244-devext-c2e38381be26f0a91709871b],deliverables/app_resource_constrained_extension_v1/results/members.jsonl,line 706
F05b,APP_FULL,01,complete_app,resource54,NORMAL,NORMAL,F,deliverables/app_resource_constrained_extension_v1/results/inputs.jsonl,line 707; app_states[paired244-devext-c2e38381be26f0a91709871b],deliverables/app_resource_constrained_extension_v1/results/members.jsonl,line 707
F05b,APP_FULL,01,complete_app,resource54,NORMAL,NORMAL,F,deliverables/app_resource_constrained_extension_v1/results/inputs.jsonl,line 708; app_states[paired244-devext-c2e38381be26f0a91709871b],deliverables/app_resource_constrained_extension_v1/results/members.jsonl,line 708
F05b,APP_FULL,01,complete_app,resource54,NORMAL,NORMAL,F,deliverables/app_resource_constrained_extension_v1/results/inputs.jsonl,line 709; app_states[paired244-devext-c2e38381be26f0a91709871b],deliverables/app_resource_constrained_extension_v1/results/members.jsonl,line 709
F05b,APP_FULL,01,complete_app,resource54,NORMAL,NORMAL,F,deliverables/app_resource_constrained_extension_v1/results/inputs.jsonl,line 711; app_states[paired244-devext-c2e38381be26f0a91709871b],deliverables/app_resource_constrained_extension_v1/results/members.jsonl,line 711
F05b,APP_FULL,01,complete_app,resource54,NORMAL,NORMAL,F,deliverables/app_resource_constrained_extension_v1/results/inputs.jsonl,line 712; app_states[paired244-devext-c2e38381be26f0a91709871b],deliverables/app_resource_constrained_extension_v1/results/members.jsonl,line 712
F05b,APP_FULL,01,complete_app,resource54,NORMAL,NORMAL,F,deliverables/app_resource_constrained_extension_v1/results/inputs.jsonl,line 714; app_states[paired244-devext-c2e38381be26f0a91709871b],deliverables/app_resource_constrained_extension_v1/results/members.jsonl,line 714
F05b,APP_FULL,01,complete_app,resource54,NORMAL,NORMAL,F,deliverables/app_resource_constrained_extension_v1/results/inputs.jsonl,line 715; app_states[paired244-devext-c2e38381be26f0a91709871b],deliverables/app_resource_constrained_extension_v1/results/members.jsonl,line 715
F05b,APP_FULL,01,complete_app,resource54,NORMAL,NORMAL,F,deliverables/app_resource_constrained_extension_v1/results/inputs.jsonl,line 717; app_states[paired244-devext-c2e38381be26f0a91709871b],deliverables/app_resource_constrained_extension_v1/results/members.jsonl,line 717
F05b,APP_FULL,01,complete_app,resource54,NORMAL,NORMAL,F,deliverables/app_resource_constrained_extension_v1/results/inputs.jsonl,line 718; app_states[paired244-devext-c2e38381be26f0a91709871b],deliverables/app_resource_constrained_extension_v1/results/members.jsonl,line 718
F05b,APP_FULL,01,complete_app,resource54,NORMAL,NORMAL,F,deliverables/app_resource_constrained_extension_v1/results/inputs.jsonl,line 720; app_states[paired244-devext-c2e38381be26f0a91709871b],deliverables/app_resource_constrained_extension_v1/results/members.jsonl,line 720
F05b,APP_FULL,01,complete_app,resource54,NORMAL,NORMAL,F,deliverables/app_resource_constrained_extension_v1/results/inputs.jsonl,line 721; app_states[paired244-devext-c2e38381be26f0a91709871b],deliverables/app_resource_constrained_extension_v1/results/members.jsonl,line 721
F05b,APP_FULL,01,complete_app,resource54,NORMAL,NORMAL,F,deliverables/app_resource_constrained_extension_v1/results/inputs.jsonl,line 722; app_states[paired244-devext-c2e38381be26f0a91709871b],deliverables/app_resource_constrained_extension_v1/results/members.jsonl,line 722
F05b,APP_FULL,01,complete_app,resource54,NORMAL,NORMAL,F,deliverables/app_resource_constrained_extension_v1/results/inputs.jsonl,line 723; app_states[paired244-devext-c2e38381be26f0a91709871b],deliverables/app_resource_constrained_extension_v1/results/members.jsonl,line 723
F05b,APP_FULL,01,complete_app,resource54,NORMAL,NORMAL,F,deliverables/app_resource_constrained_extension_v1/results/inputs.jsonl,line 724; app_states[paired244-devext-c2e38381be26f0a91709871b],deliverables/app_resource_constrained_extension_v1/results/members.jsonl,line 724
F05b,APP_FULL,01,complete_app,resource54,NORMAL,NORMAL,F,deliverables/app_resource_constrained_extension_v1/results/inputs.jsonl,line 725; app_states[paired244-devext-c2e38381be26f0a91709871b],deliverables/app_resource_constrained_extension_v1/results/members.jsonl,line 725
F05b,APP_FULL,01,complete_app,resource54,NORMAL,NORMAL,F,deliverables/app_resource_constrained_extension_v1/results/inputs.jsonl,line 726; app_states[paired244-devext-c2e38381be26f0a91709871b],deliverables/app_resource_constrained_extension_v1/results/members.jsonl,line 726
F05b,APP_FULL,01,complete_app,resource54,NORMAL,NORMAL,F,deliverables/app_resource_constrained_extension_v1/results/inputs.jsonl,line 727; app_states[paired244-devext-c2e38381be26f0a91709871b],deliverables/app_resource_constrained_extension_v1/results/members.jsonl,line 727
F05b,APP_FULL,01,complete_app,resource54,NORMAL,NORMAL,F,deliverables/app_resource_constrained_extension_v1/results/inputs.jsonl,line 729; app_states[paired244-devext-c2e38381be26f0a91709871b],deliverables/app_resource_constrained_extension_v1/results/members.jsonl,line 729
F05b,APP_FULL,01,complete_app,resource54,NORMAL,NORMAL,F,deliverables/app_resource_constrained_extension_v1/results/inputs.jsonl,line 730; app_states[paired244-devext-c2e38381be26f0a91709871b],deliverables/app_resource_constrained_extension_v1/results/members.jsonl,line 730
F05b,APP_FULL,01,complete_app,resource54,NORMAL,NORMAL,F,deliverables/app_resource_constrained_extension_v1/results/inputs.jsonl,line 732; app_states[paired244-devext-c2e38381be26f0a91709871b],deliverables/app_resource_constrained_extension_v1/results/members.jsonl,line 732
F05b,APP_FULL,01,complete_app,resource54,NORMAL,NORMAL,F,deliverables/app_resource_constrained_extension_v1/results/inputs.jsonl,line 733; app_states[paired244-devext-c2e38381be26f0a91709871b],deliverables/app_resource_constrained_extension_v1/results/members.jsonl,line 733
F05b,APP_FULL,01,complete_app,resource54,NORMAL,NORMAL,F,deliverables/app_resource_constrained_extension_v1/results/inputs.jsonl,line 735; app_states[paired244-devext-c2e38381be26f0a91709871b],deliverables/app_resource_constrained_extension_v1/results/members.jsonl,line 735
F05b,APP_FULL,01,complete_app,resource54,NORMAL,NORMAL,F,deliverables/app_resource_constrained_extension_v1/results/inputs.jsonl,line 736; app_states[paired244-devext-c2e38381be26f0a91709871b],deliverables/app_resource_constrained_extension_v1/results/members.jsonl,line 736
F05b,APP_FULL,01,complete_app,resource54,NORMAL,NORMAL,F,deliverables/app_resource_constrained_extension_v1/results/inputs.jsonl,line 738; app_states[paired244-devext-c2e38381be26f0a91709871b],deliverables/app_resource_constrained_extension_v1/results/members.jsonl,line 738
F05b,APP_FULL,01,complete_app,resource54,NORMAL,NORMAL,F,deliverables/app_resource_constrained_extension_v1/results/inputs.jsonl,line 739; app_states[paired244-devext-c2e38381be26f0a91709871b],deliverables/app_resource_constrained_extension_v1/results/members.jsonl,line 739
F05b,APP_FULL,01,complete_app,resource54,NORMAL,NORMAL,F,deliverables/app_resource_constrained_extension_v1/results/inputs.jsonl,line 740; app_states[paired244-devext-c2e38381be26f0a91709871b],deliverables/app_resource_constrained_extension_v1/results/members.jsonl,line 740
F05b,APP_FULL,01,complete_app,resource54,NORMAL,NORMAL,F,deliverables/app_resource_constrained_extension_v1/results/inputs.jsonl,line 741; app_states[paired244-devext-c2e38381be26f0a91709871b],deliverables/app_resource_constrained_extension_v1/results/members.jsonl,line 741
F05b,APP_FULL,01,complete_app,resource54,NORMAL,NORMAL,F,deliverables/app_resource_constrained_extension_v1/results/inputs.jsonl,line 742; app_states[paired244-devext-c2e38381be26f0a91709871b],deliverables/app_resource_constrained_extension_v1/results/members.jsonl,line 742
F05b,APP_FULL,01,complete_app,resource54,NORMAL,NORMAL,F,deliverables/app_resource_constrained_extension_v1/results/inputs.jsonl,line 743; app_states[paired244-devext-c2e38381be26f0a91709871b],deliverables/app_resource_constrained_extension_v1/results/members.jsonl,line 743
F05b,APP_FULL,01,complete_app,resource54,NORMAL,NORMAL,F,deliverables/app_resource_constrained_extension_v1/results/inputs.jsonl,line 744; app_states[paired244-devext-c2e38381be26f0a91709871b],deliverables/app_resource_constrained_extension_v1/results/members.jsonl,line 744
F05a,PAIRED_BASE,01,retained_complete_paired_base,b2b42,EFFECTIVE_INTERVENTION,App_language,F,deliverables/app_resource_constrained_extension_v1/results/inputs.jsonl,line 668; base_states[paired244-devext-c2e38381be26f0a91709871b],deliverables/app_resource_constrained_extension_v1/results/members.jsonl,line 668
F05a,PAIRED_BASE,01,retained_complete_paired_base,b2b42,EFFECTIVE_INTERVENTION,App_language,F,deliverables/app_resource_constrained_extension_v1/results/inputs.jsonl,line 671; base_states[paired244-devext-c2e38381be26f0a91709871b],deliverables/app_resource_constrained_extension_v1/results/members.jsonl,line 671
F05a,PAIRED_BASE,01,retained_complete_paired_base,b2b42,EFFECTIVE_INTERVENTION,App_timezone,T,deliverables/app_resource_constrained_extension_v1/results/inputs.jsonl,line 674; base_states[paired244-devext-c2e38381be26f0a91709871b],deliverables/app_resource_constrained_extension_v1/results/members.jsonl,line 674
F05a,PAIRED_BASE,01,retained_complete_paired_base,b2b42,EFFECTIVE_INTERVENTION,App_timezone,T,deliverables/app_resource_constrained_extension_v1/results/inputs.jsonl,line 677; base_states[paired244-devext-c2e38381be26f0a91709871b],deliverables/app_resource_constrained_extension_v1/results/members.jsonl,line 677
F05a,PAIRED_BASE,01,retained_complete_paired_base,pilot18,EFFECTIVE_INTERVENTION,Browser_language,F,deliverables/app_resource_constrained_extension_v1/results/inputs.jsonl,line 632; base_states[paired244-devext-c2e38381be26f0a91709871b],deliverables/app_resource_constrained_extension_v1/results/members.jsonl,line 632
F05a,PAIRED_BASE,01,retained_complete_paired_base,pilot18,EFFECTIVE_INTERVENTION,Browser_language,F,deliverables/app_resource_constrained_extension_v1/results/inputs.jsonl,line 635; base_states[paired244-devext-c2e38381be26f0a91709871b],deliverables/app_resource_constrained_extension_v1/results/members.jsonl,line 635
F05a,PAIRED_BASE,01,retained_complete_paired_base,pilot18,EFFECTIVE_INTERVENTION,Browser_language,F,deliverables/app_resource_constrained_extension_v1/results/inputs.jsonl,line 638; base_states[paired244-devext-c2e38381be26f0a91709871b],deliverables/app_resource_constrained_extension_v1/results/members.jsonl,line 638
F05a,PAIRED_BASE,01,retained_complete_paired_base,b2b42,EFFECTIVE_INTERVENTION,Browser_language,F,deliverables/app_resource_constrained_extension_v1/results/inputs.jsonl,line 680; base_states[paired244-devext-c2e38381be26f0a91709871b],deliverables/app_resource_constrained_extension_v1/results/members.jsonl,line 680
F05a,PAIRED_BASE,01,retained_complete_paired_base,b2b42,EFFECTIVE_INTERVENTION,Browser_language,F,deliverables/app_resource_constrained_extension_v1/results/inputs.jsonl,line 683; base_states[paired244-devext-c2e38381be26f0a91709871b],deliverables/app_resource_constrained_extension_v1/results/members.jsonl,line 683
F05a,PAIRED_BASE,01,retained_complete_paired_base,pilot18,EFFECTIVE_INTERVENTION,Browser_timezone,T,deliverables/app_resource_constrained_extension_v1/results/inputs.jsonl,line 641; base_states[paired244-devext-c2e38381be26f0a91709871b],deliverables/app_resource_constrained_extension_v1/results/members.jsonl,line 641
F05a,PAIRED_BASE,01,retained_complete_paired_base,pilot18,EFFECTIVE_INTERVENTION,Browser_timezone,T,deliverables/app_resource_constrained_extension_v1/results/inputs.jsonl,line 644; base_states[paired244-devext-c2e38381be26f0a91709871b],deliverables/app_resource_constrained_extension_v1/results/members.jsonl,line 644
F05a,PAIRED_BASE,01,retained_complete_paired_base,pilot18,EFFECTIVE_INTERVENTION,Browser_timezone,T,deliverables/app_resource_constrained_extension_v1/results/inputs.jsonl,line 647; base_states[paired244-devext-c2e38381be26f0a91709871b],deliverables/app_resource_constrained_extension_v1/results/members.jsonl,line 647
F05a,PAIRED_BASE,01,retained_complete_paired_base,b2b42,EFFECTIVE_INTERVENTION,Browser_timezone,T,deliverables/app_resource_constrained_extension_v1/results/inputs.jsonl,line 686; base_states[paired244-devext-c2e38381be26f0a91709871b],deliverables/app_resource_constrained_extension_v1/results/members.jsonl,line 686
F05a,PAIRED_BASE,01,retained_complete_paired_base,b2b42,EFFECTIVE_INTERVENTION,Browser_timezone,T,deliverables/app_resource_constrained_extension_v1/results/inputs.jsonl,line 689; base_states[paired244-devext-c2e38381be26f0a91709871b],deliverables/app_resource_constrained_extension_v1/results/members.jsonl,line 689
F05a,PAIRED_BASE,01,retained_complete_paired_base,pilot18,NORMAL,NORMAL,F,deliverables/app_resource_constrained_extension_v1/results/inputs.jsonl,line 631; base_states[paired244-devext-c2e38381be26f0a91709871b],deliverables/app_resource_constrained_extension_v1/results/members.jsonl,line 631
F05a,PAIRED_BASE,01,retained_complete_paired_base,pilot18,NORMAL,NORMAL,F,deliverables/app_resource_constrained_extension_v1/results/inputs.jsonl,line 633; base_states[paired244-devext-c2e38381be26f0a91709871b],deliverables/app_resource_constrained_extension_v1/results/members.jsonl,line 633
F05a,PAIRED_BASE,01,retained_complete_paired_base,pilot18,NORMAL,NORMAL,F,deliverables/app_resource_constrained_extension_v1/results/inputs.jsonl,line 634; base_states[paired244-devext-c2e38381be26f0a91709871b],deliverables/app_resource_constrained_extension_v1/results/members.jsonl,line 634
F05a,PAIRED_BASE,01,retained_complete_paired_base,pilot18,NORMAL,NORMAL,F,deliverables/app_resource_constrained_extension_v1/results/inputs.jsonl,line 636; base_states[paired244-devext-c2e38381be26f0a91709871b],deliverables/app_resource_constrained_extension_v1/results/members.jsonl,line 636
F05a,PAIRED_BASE,01,retained_complete_paired_base,pilot18,NORMAL,NORMAL,F,deliverables/app_resource_constrained_extension_v1/results/inputs.jsonl,line 637; base_states[paired244-devext-c2e38381be26f0a91709871b],deliverables/app_resource_constrained_extension_v1/results/members.jsonl,line 637
F05a,PAIRED_BASE,01,retained_complete_paired_base,pilot18,NORMAL,NORMAL,F,deliverables/app_resource_constrained_extension_v1/results/inputs.jsonl,line 639; base_states[paired244-devext-c2e38381be26f0a91709871b],deliverables/app_resource_constrained_extension_v1/results/members.jsonl,line 639
F05a,PAIRED_BASE,01,retained_complete_paired_base,pilot18,NORMAL,NORMAL,F,deliverables/app_resource_constrained_extension_v1/results/inputs.jsonl,line 640; base_states[paired244-devext-c2e38381be26f0a91709871b],deliverables/app_resource_constrained_extension_v1/results/members.jsonl,line 640
F05a,PAIRED_BASE,01,retained_complete_paired_base,pilot18,NORMAL,NORMAL,F,deliverables/app_resource_constrained_extension_v1/results/inputs.jsonl,line 642; base_states[paired244-devext-c2e38381be26f0a91709871b],deliverables/app_resource_constrained_extension_v1/results/members.jsonl,line 642
F05a,PAIRED_BASE,01,retained_complete_paired_base,pilot18,NORMAL,NORMAL,F,deliverables/app_resource_constrained_extension_v1/results/inputs.jsonl,line 643; base_states[paired244-devext-c2e38381be26f0a91709871b],deliverables/app_resource_constrained_extension_v1/results/members.jsonl,line 643
F05a,PAIRED_BASE,01,retained_complete_paired_base,pilot18,NORMAL,NORMAL,F,deliverables/app_resource_constrained_extension_v1/results/inputs.jsonl,line 645; base_states[paired244-devext-c2e38381be26f0a91709871b],deliverables/app_resource_constrained_extension_v1/results/members.jsonl,line 645
F05a,PAIRED_BASE,01,retained_complete_paired_base,pilot18,NORMAL,NORMAL,F,deliverables/app_resource_constrained_extension_v1/results/inputs.jsonl,line 646; base_states[paired244-devext-c2e38381be26f0a91709871b],deliverables/app_resource_constrained_extension_v1/results/members.jsonl,line 646
F05a,PAIRED_BASE,01,retained_complete_paired_base,pilot18,NORMAL,NORMAL,F,deliverables/app_resource_constrained_extension_v1/results/inputs.jsonl,line 648; base_states[paired244-devext-c2e38381be26f0a91709871b],deliverables/app_resource_constrained_extension_v1/results/members.jsonl,line 648
F05a,PAIRED_BASE,01,retained_complete_paired_base,b2b42,NORMAL,NORMAL,F,deliverables/app_resource_constrained_extension_v1/results/inputs.jsonl,line 649; base_states[paired244-devext-c2e38381be26f0a91709871b],deliverables/app_resource_constrained_extension_v1/results/members.jsonl,line 649
F05a,PAIRED_BASE,01,retained_complete_paired_base,b2b42,NORMAL,NORMAL,F,deliverables/app_resource_constrained_extension_v1/results/inputs.jsonl,line 650; base_states[paired244-devext-c2e38381be26f0a91709871b],deliverables/app_resource_constrained_extension_v1/results/members.jsonl,line 650
F05a,PAIRED_BASE,01,retained_complete_paired_base,b2b42,NORMAL,NORMAL,F,deliverables/app_resource_constrained_extension_v1/results/inputs.jsonl,line 651; base_states[paired244-devext-c2e38381be26f0a91709871b],deliverables/app_resource_constrained_extension_v1/results/members.jsonl,line 651
F05a,PAIRED_BASE,01,retained_complete_paired_base,b2b42,NORMAL,NORMAL,F,deliverables/app_resource_constrained_extension_v1/results/inputs.jsonl,line 652; base_states[paired244-devext-c2e38381be26f0a91709871b],deliverables/app_resource_constrained_extension_v1/results/members.jsonl,line 652
F05a,PAIRED_BASE,01,retained_complete_paired_base,b2b42,NORMAL,NORMAL,F,deliverables/app_resource_constrained_extension_v1/results/inputs.jsonl,line 653; base_states[paired244-devext-c2e38381be26f0a91709871b],deliverables/app_resource_constrained_extension_v1/results/members.jsonl,line 653
F05a,PAIRED_BASE,01,retained_complete_paired_base,b2b42,NORMAL,NORMAL,F,deliverables/app_resource_constrained_extension_v1/results/inputs.jsonl,line 654; base_states[paired244-devext-c2e38381be26f0a91709871b],deliverables/app_resource_constrained_extension_v1/results/members.jsonl,line 654
F05a,PAIRED_BASE,01,retained_complete_paired_base,b2b42,NORMAL,NORMAL,F,deliverables/app_resource_constrained_extension_v1/results/inputs.jsonl,line 655; base_states[paired244-devext-c2e38381be26f0a91709871b],deliverables/app_resource_constrained_extension_v1/results/members.jsonl,line 655
F05a,PAIRED_BASE,01,retained_complete_paired_base,b2b42,NORMAL,NORMAL,F,deliverables/app_resource_constrained_extension_v1/results/inputs.jsonl,line 656; base_states[paired244-devext-c2e38381be26f0a91709871b],deliverables/app_resource_constrained_extension_v1/results/members.jsonl,line 656
F05a,PAIRED_BASE,01,retained_complete_paired_base,b2b42,NORMAL,NORMAL,F,deliverables/app_resource_constrained_extension_v1/results/inputs.jsonl,line 657; base_states[paired244-devext-c2e38381be26f0a91709871b],deliverables/app_resource_constrained_extension_v1/results/members.jsonl,line 657
F05a,PAIRED_BASE,01,retained_complete_paired_base,b2b42,NORMAL,NORMAL,F,deliverables/app_resource_constrained_extension_v1/results/inputs.jsonl,line 658; base_states[paired244-devext-c2e38381be26f0a91709871b],deliverables/app_resource_constrained_extension_v1/results/members.jsonl,line 658
F05a,PAIRED_BASE,01,retained_complete_paired_base,b2b42,NORMAL,NORMAL,F,deliverables/app_resource_constrained_extension_v1/results/inputs.jsonl,line 659; base_states[paired244-devext-c2e38381be26f0a91709871b],deliverables/app_resource_constrained_extension_v1/results/members.jsonl,line 659
F05a,PAIRED_BASE,01,retained_complete_paired_base,b2b42,NORMAL,NORMAL,F,deliverables/app_resource_constrained_extension_v1/results/inputs.jsonl,line 660; base_states[paired244-devext-c2e38381be26f0a91709871b],deliverables/app_resource_constrained_extension_v1/results/members.jsonl,line 660
F05a,PAIRED_BASE,01,retained_complete_paired_base,b2b42,NORMAL,NORMAL,F,deliverables/app_resource_constrained_extension_v1/results/inputs.jsonl,line 661; base_states[paired244-devext-c2e38381be26f0a91709871b],deliverables/app_resource_constrained_extension_v1/results/members.jsonl,line 661
F05a,PAIRED_BASE,01,retained_complete_paired_base,b2b42,NORMAL,NORMAL,F,deliverables/app_resource_constrained_extension_v1/results/inputs.jsonl,line 662; base_states[paired244-devext-c2e38381be26f0a91709871b],deliverables/app_resource_constrained_extension_v1/results/members.jsonl,line 662
F05a,PAIRED_BASE,01,retained_complete_paired_base,b2b42,NORMAL,NORMAL,F,deliverables/app_resource_constrained_extension_v1/results/inputs.jsonl,line 663; base_states[paired244-devext-c2e38381be26f0a91709871b],deliverables/app_resource_constrained_extension_v1/results/members.jsonl,line 663
F05a,PAIRED_BASE,01,retained_complete_paired_base,b2b42,NORMAL,NORMAL,F,deliverables/app_resource_constrained_extension_v1/results/inputs.jsonl,line 664; base_states[paired244-devext-c2e38381be26f0a91709871b],deliverables/app_resource_constrained_extension_v1/results/members.jsonl,line 664
F05a,PAIRED_BASE,01,retained_complete_paired_base,b2b42,NORMAL,NORMAL,F,deliverables/app_resource_constrained_extension_v1/results/inputs.jsonl,line 665; base_states[paired244-devext-c2e38381be26f0a91709871b],deliverables/app_resource_constrained_extension_v1/results/members.jsonl,line 665
F05a,PAIRED_BASE,01,retained_complete_paired_base,b2b42,NORMAL,NORMAL,F,deliverables/app_resource_constrained_extension_v1/results/inputs.jsonl,line 666; base_states[paired244-devext-c2e38381be26f0a91709871b],deliverables/app_resource_constrained_extension_v1/results/members.jsonl,line 666
F05a,PAIRED_BASE,01,retained_complete_paired_base,b2b42,NORMAL,NORMAL,F,deliverables/app_resource_constrained_extension_v1/results/inputs.jsonl,line 667; base_states[paired244-devext-c2e38381be26f0a91709871b],deliverables/app_resource_constrained_extension_v1/results/members.jsonl,line 667
F05a,PAIRED_BASE,01,retained_complete_paired_base,b2b42,NORMAL,NORMAL,F,deliverables/app_resource_constrained_extension_v1/results/inputs.jsonl,line 669; base_states[paired244-devext-c2e38381be26f0a91709871b],deliverables/app_resource_constrained_extension_v1/results/members.jsonl,line 669
F05a,PAIRED_BASE,01,retained_complete_paired_base,b2b42,NORMAL,NORMAL,F,deliverables/app_resource_constrained_extension_v1/results/inputs.jsonl,line 670; base_states[paired244-devext-c2e38381be26f0a91709871b],deliverables/app_resource_constrained_extension_v1/results/members.jsonl,line 670
F05a,PAIRED_BASE,01,retained_complete_paired_base,b2b42,NORMAL,NORMAL,F,deliverables/app_resource_constrained_extension_v1/results/inputs.jsonl,line 672; base_states[paired244-devext-c2e38381be26f0a91709871b],deliverables/app_resource_constrained_extension_v1/results/members.jsonl,line 672
F05a,PAIRED_BASE,01,retained_complete_paired_base,b2b42,NORMAL,NORMAL,F,deliverables/app_resource_constrained_extension_v1/results/inputs.jsonl,line 673; base_states[paired244-devext-c2e38381be26f0a91709871b],deliverables/app_resource_constrained_extension_v1/results/members.jsonl,line 673
F05a,PAIRED_BASE,01,retained_complete_paired_base,b2b42,NORMAL,NORMAL,F,deliverables/app_resource_constrained_extension_v1/results/inputs.jsonl,line 675; base_states[paired244-devext-c2e38381be26f0a91709871b],deliverables/app_resource_constrained_extension_v1/results/members.jsonl,line 675
F05a,PAIRED_BASE,01,retained_complete_paired_base,b2b42,NORMAL,NORMAL,F,deliverables/app_resource_constrained_extension_v1/results/inputs.jsonl,line 676; base_states[paired244-devext-c2e38381be26f0a91709871b],deliverables/app_resource_constrained_extension_v1/results/members.jsonl,line 676
F05a,PAIRED_BASE,01,retained_complete_paired_base,b2b42,NORMAL,NORMAL,F,deliverables/app_resource_constrained_extension_v1/results/inputs.jsonl,line 678; base_states[paired244-devext-c2e38381be26f0a91709871b],deliverables/app_resource_constrained_extension_v1/results/members.jsonl,line 678
F05a,PAIRED_BASE,01,retained_complete_paired_base,b2b42,NORMAL,NORMAL,F,deliverables/app_resource_constrained_extension_v1/results/inputs.jsonl,line 679; base_states[paired244-devext-c2e38381be26f0a91709871b],deliverables/app_resource_constrained_extension_v1/results/members.jsonl,line 679
F05a,PAIRED_BASE,01,retained_complete_paired_base,b2b42,NORMAL,NORMAL,F,deliverables/app_resource_constrained_extension_v1/results/inputs.jsonl,line 681; base_states[paired244-devext-c2e38381be26f0a91709871b],deliverables/app_resource_constrained_extension_v1/results/members.jsonl,line 681
F05a,PAIRED_BASE,01,retained_complete_paired_base,b2b42,NORMAL,NORMAL,F,deliverables/app_resource_constrained_extension_v1/results/inputs.jsonl,line 682; base_states[paired244-devext-c2e38381be26f0a91709871b],deliverables/app_resource_constrained_extension_v1/results/members.jsonl,line 682
F05a,PAIRED_BASE,01,retained_complete_paired_base,b2b42,NORMAL,NORMAL,F,deliverables/app_resource_constrained_extension_v1/results/inputs.jsonl,line 684; base_states[paired244-devext-c2e38381be26f0a91709871b],deliverables/app_resource_constrained_extension_v1/results/members.jsonl,line 684
F05a,PAIRED_BASE,01,retained_complete_paired_base,b2b42,NORMAL,NORMAL,F,deliverables/app_resource_constrained_extension_v1/results/inputs.jsonl,line 685; base_states[paired244-devext-c2e38381be26f0a91709871b],deliverables/app_resource_constrained_extension_v1/results/members.jsonl,line 685
F05a,PAIRED_BASE,01,retained_complete_paired_base,b2b42,NORMAL,NORMAL,F,deliverables/app_resource_constrained_extension_v1/results/inputs.jsonl,line 687; base_states[paired244-devext-c2e38381be26f0a91709871b],deliverables/app_resource_constrained_extension_v1/results/members.jsonl,line 687
F05a,PAIRED_BASE,01,retained_complete_paired_base,b2b42,NORMAL,NORMAL,F,deliverables/app_resource_constrained_extension_v1/results/inputs.jsonl,line 688; base_states[paired244-devext-c2e38381be26f0a91709871b],deliverables/app_resource_constrained_extension_v1/results/members.jsonl,line 688
F05a,PAIRED_BASE,01,retained_complete_paired_base,b2b42,NORMAL,NORMAL,F,deliverables/app_resource_constrained_extension_v1/results/inputs.jsonl,line 690; base_states[paired244-devext-c2e38381be26f0a91709871b],deliverables/app_resource_constrained_extension_v1/results/members.jsonl,line 690
F05b,PAIRED_BASE,01,retained_complete_paired_base,resource54,EFFECTIVE_INTERVENTION,App_resource16_48,T,deliverables/app_resource_constrained_extension_v1/results/inputs.jsonl,line 692; base_states[paired244-devext-c2e38381be26f0a91709871b],deliverables/app_resource_constrained_extension_v1/results/members.jsonl,line 692
F05b,PAIRED_BASE,01,retained_complete_paired_base,resource54,EFFECTIVE_INTERVENTION,App_resource16_48,T,deliverables/app_resource_constrained_extension_v1/results/inputs.jsonl,line 710; base_states[paired244-devext-c2e38381be26f0a91709871b],deliverables/app_resource_constrained_extension_v1/results/members.jsonl,line 710
F05b,PAIRED_BASE,01,retained_complete_paired_base,resource54,EFFECTIVE_INTERVENTION,App_resource16_48,T,deliverables/app_resource_constrained_extension_v1/results/inputs.jsonl,line 728; base_states[paired244-devext-c2e38381be26f0a91709871b],deliverables/app_resource_constrained_extension_v1/results/members.jsonl,line 728
F05b,PAIRED_BASE,01,retained_complete_paired_base,resource54,EFFECTIVE_INTERVENTION,App_memory4,T,deliverables/app_resource_constrained_extension_v1/results/inputs.jsonl,line 695; base_states[paired244-devext-c2e38381be26f0a91709871b],deliverables/app_resource_constrained_extension_v1/results/members.jsonl,line 695
F05b,PAIRED_BASE,01,retained_complete_paired_base,resource54,EFFECTIVE_INTERVENTION,App_memory4,T,deliverables/app_resource_constrained_extension_v1/results/inputs.jsonl,line 713; base_states[paired244-devext-c2e38381be26f0a91709871b],deliverables/app_resource_constrained_extension_v1/results/members.jsonl,line 713
F05b,PAIRED_BASE,01,retained_complete_paired_base,resource54,EFFECTIVE_INTERVENTION,App_memory4,T,deliverables/app_resource_constrained_extension_v1/results/inputs.jsonl,line 731; base_states[paired244-devext-c2e38381be26f0a91709871b],deliverables/app_resource_constrained_extension_v1/results/members.jsonl,line 731
F05b,PAIRED_BASE,01,retained_complete_paired_base,resource54,EFFECTIVE_INTERVENTION,Browser_resource16_48,F,deliverables/app_resource_constrained_extension_v1/results/inputs.jsonl,line 698; base_states[paired244-devext-c2e38381be26f0a91709871b],deliverables/app_resource_constrained_extension_v1/results/members.jsonl,line 698
F05b,PAIRED_BASE,01,retained_complete_paired_base,resource54,EFFECTIVE_INTERVENTION,Browser_resource16_48,F,deliverables/app_resource_constrained_extension_v1/results/inputs.jsonl,line 716; base_states[paired244-devext-c2e38381be26f0a91709871b],deliverables/app_resource_constrained_extension_v1/results/members.jsonl,line 716
F05b,PAIRED_BASE,01,retained_complete_paired_base,resource54,EFFECTIVE_INTERVENTION,Browser_resource16_48,F,deliverables/app_resource_constrained_extension_v1/results/inputs.jsonl,line 734; base_states[paired244-devext-c2e38381be26f0a91709871b],deliverables/app_resource_constrained_extension_v1/results/members.jsonl,line 734
F05b,PAIRED_BASE,01,retained_complete_paired_base,resource54,EFFECTIVE_INTERVENTION,Browser_memory4,F,deliverables/app_resource_constrained_extension_v1/results/inputs.jsonl,line 701; base_states[paired244-devext-c2e38381be26f0a91709871b],deliverables/app_resource_constrained_extension_v1/results/members.jsonl,line 701
F05b,PAIRED_BASE,01,retained_complete_paired_base,resource54,EFFECTIVE_INTERVENTION,Browser_memory4,F,deliverables/app_resource_constrained_extension_v1/results/inputs.jsonl,line 719; base_states[paired244-devext-c2e38381be26f0a91709871b],deliverables/app_resource_constrained_extension_v1/results/members.jsonl,line 719
F05b,PAIRED_BASE,01,retained_complete_paired_base,resource54,EFFECTIVE_INTERVENTION,Browser_memory4,F,deliverables/app_resource_constrained_extension_v1/results/inputs.jsonl,line 737; base_states[paired244-devext-c2e38381be26f0a91709871b],deliverables/app_resource_constrained_extension_v1/results/members.jsonl,line 737
F05b,PAIRED_BASE,01,retained_complete_paired_base,resource54,NORMAL,NORMAL,F,deliverables/app_resource_constrained_extension_v1/results/inputs.jsonl,line 691; base_states[paired244-devext-c2e38381be26f0a91709871b],deliverables/app_resource_constrained_extension_v1/results/members.jsonl,line 691
F05b,PAIRED_BASE,01,retained_complete_paired_base,resource54,NORMAL,NORMAL,F,deliverables/app_resource_constrained_extension_v1/results/inputs.jsonl,line 693; base_states[paired244-devext-c2e38381be26f0a91709871b],deliverables/app_resource_constrained_extension_v1/results/members.jsonl,line 693
F05b,PAIRED_BASE,01,retained_complete_paired_base,resource54,NORMAL,NORMAL,F,deliverables/app_resource_constrained_extension_v1/results/inputs.jsonl,line 694; base_states[paired244-devext-c2e38381be26f0a91709871b],deliverables/app_resource_constrained_extension_v1/results/members.jsonl,line 694
F05b,PAIRED_BASE,01,retained_complete_paired_base,resource54,NORMAL,NORMAL,F,deliverables/app_resource_constrained_extension_v1/results/inputs.jsonl,line 696; base_states[paired244-devext-c2e38381be26f0a91709871b],deliverables/app_resource_constrained_extension_v1/results/members.jsonl,line 696
F05b,PAIRED_BASE,01,retained_complete_paired_base,resource54,NORMAL,NORMAL,F,deliverables/app_resource_constrained_extension_v1/results/inputs.jsonl,line 697; base_states[paired244-devext-c2e38381be26f0a91709871b],deliverables/app_resource_constrained_extension_v1/results/members.jsonl,line 697
F05b,PAIRED_BASE,01,retained_complete_paired_base,resource54,NORMAL,NORMAL,F,deliverables/app_resource_constrained_extension_v1/results/inputs.jsonl,line 699; base_states[paired244-devext-c2e38381be26f0a91709871b],deliverables/app_resource_constrained_extension_v1/results/members.jsonl,line 699
F05b,PAIRED_BASE,01,retained_complete_paired_base,resource54,NORMAL,NORMAL,F,deliverables/app_resource_constrained_extension_v1/results/inputs.jsonl,line 700; base_states[paired244-devext-c2e38381be26f0a91709871b],deliverables/app_resource_constrained_extension_v1/results/members.jsonl,line 700
F05b,PAIRED_BASE,01,retained_complete_paired_base,resource54,NORMAL,NORMAL,F,deliverables/app_resource_constrained_extension_v1/results/inputs.jsonl,line 702; base_states[paired244-devext-c2e38381be26f0a91709871b],deliverables/app_resource_constrained_extension_v1/results/members.jsonl,line 702
F05b,PAIRED_BASE,01,retained_complete_paired_base,resource54,NORMAL,NORMAL,F,deliverables/app_resource_constrained_extension_v1/results/inputs.jsonl,line 703; base_states[paired244-devext-c2e38381be26f0a91709871b],deliverables/app_resource_constrained_extension_v1/results/members.jsonl,line 703
F05b,PAIRED_BASE,01,retained_complete_paired_base,resource54,NORMAL,NORMAL,F,deliverables/app_resource_constrained_extension_v1/results/inputs.jsonl,line 704; base_states[paired244-devext-c2e38381be26f0a91709871b],deliverables/app_resource_constrained_extension_v1/results/members.jsonl,line 704
F05b,PAIRED_BASE,01,retained_complete_paired_base,resource54,NORMAL,NORMAL,F,deliverables/app_resource_constrained_extension_v1/results/inputs.jsonl,line 705; base_states[paired244-devext-c2e38381be26f0a91709871b],deliverables/app_resource_constrained_extension_v1/results/members.jsonl,line 705
F05b,PAIRED_BASE,01,retained_complete_paired_base,resource54,NORMAL,NORMAL,F,deliverables/app_resource_constrained_extension_v1/results/inputs.jsonl,line 706; base_states[paired244-devext-c2e38381be26f0a91709871b],deliverables/app_resource_constrained_extension_v1/results/members.jsonl,line 706
F05b,PAIRED_BASE,01,retained_complete_paired_base,resource54,NORMAL,NORMAL,F,deliverables/app_resource_constrained_extension_v1/results/inputs.jsonl,line 707; base_states[paired244-devext-c2e38381be26f0a91709871b],deliverables/app_resource_constrained_extension_v1/results/members.jsonl,line 707
F05b,PAIRED_BASE,01,retained_complete_paired_base,resource54,NORMAL,NORMAL,F,deliverables/app_resource_constrained_extension_v1/results/inputs.jsonl,line 708; base_states[paired244-devext-c2e38381be26f0a91709871b],deliverables/app_resource_constrained_extension_v1/results/members.jsonl,line 708
F05b,PAIRED_BASE,01,retained_complete_paired_base,resource54,NORMAL,NORMAL,F,deliverables/app_resource_constrained_extension_v1/results/inputs.jsonl,line 709; base_states[paired244-devext-c2e38381be26f0a91709871b],deliverables/app_resource_constrained_extension_v1/results/members.jsonl,line 709
F05b,PAIRED_BASE,01,retained_complete_paired_base,resource54,NORMAL,NORMAL,F,deliverables/app_resource_constrained_extension_v1/results/inputs.jsonl,line 711; base_states[paired244-devext-c2e38381be26f0a91709871b],deliverables/app_resource_constrained_extension_v1/results/members.jsonl,line 711
F05b,PAIRED_BASE,01,retained_complete_paired_base,resource54,NORMAL,NORMAL,F,deliverables/app_resource_constrained_extension_v1/results/inputs.jsonl,line 712; base_states[paired244-devext-c2e38381be26f0a91709871b],deliverables/app_resource_constrained_extension_v1/results/members.jsonl,line 712
F05b,PAIRED_BASE,01,retained_complete_paired_base,resource54,NORMAL,NORMAL,F,deliverables/app_resource_constrained_extension_v1/results/inputs.jsonl,line 714; base_states[paired244-devext-c2e38381be26f0a91709871b],deliverables/app_resource_constrained_extension_v1/results/members.jsonl,line 714
F05b,PAIRED_BASE,01,retained_complete_paired_base,resource54,NORMAL,NORMAL,F,deliverables/app_resource_constrained_extension_v1/results/inputs.jsonl,line 715; base_states[paired244-devext-c2e38381be26f0a91709871b],deliverables/app_resource_constrained_extension_v1/results/members.jsonl,line 715
F05b,PAIRED_BASE,01,retained_complete_paired_base,resource54,NORMAL,NORMAL,F,deliverables/app_resource_constrained_extension_v1/results/inputs.jsonl,line 717; base_states[paired244-devext-c2e38381be26f0a91709871b],deliverables/app_resource_constrained_extension_v1/results/members.jsonl,line 717
F05b,PAIRED_BASE,01,retained_complete_paired_base,resource54,NORMAL,NORMAL,F,deliverables/app_resource_constrained_extension_v1/results/inputs.jsonl,line 718; base_states[paired244-devext-c2e38381be26f0a91709871b],deliverables/app_resource_constrained_extension_v1/results/members.jsonl,line 718
F05b,PAIRED_BASE,01,retained_complete_paired_base,resource54,NORMAL,NORMAL,F,deliverables/app_resource_constrained_extension_v1/results/inputs.jsonl,line 720; base_states[paired244-devext-c2e38381be26f0a91709871b],deliverables/app_resource_constrained_extension_v1/results/members.jsonl,line 720
F05b,PAIRED_BASE,01,retained_complete_paired_base,resource54,NORMAL,NORMAL,F,deliverables/app_resource_constrained_extension_v1/results/inputs.jsonl,line 721; base_states[paired244-devext-c2e38381be26f0a91709871b],deliverables/app_resource_constrained_extension_v1/results/members.jsonl,line 721
F05b,PAIRED_BASE,01,retained_complete_paired_base,resource54,NORMAL,NORMAL,F,deliverables/app_resource_constrained_extension_v1/results/inputs.jsonl,line 722; base_states[paired244-devext-c2e38381be26f0a91709871b],deliverables/app_resource_constrained_extension_v1/results/members.jsonl,line 722
F05b,PAIRED_BASE,01,retained_complete_paired_base,resource54,NORMAL,NORMAL,F,deliverables/app_resource_constrained_extension_v1/results/inputs.jsonl,line 723; base_states[paired244-devext-c2e38381be26f0a91709871b],deliverables/app_resource_constrained_extension_v1/results/members.jsonl,line 723
F05b,PAIRED_BASE,01,retained_complete_paired_base,resource54,NORMAL,NORMAL,F,deliverables/app_resource_constrained_extension_v1/results/inputs.jsonl,line 724; base_states[paired244-devext-c2e38381be26f0a91709871b],deliverables/app_resource_constrained_extension_v1/results/members.jsonl,line 724
F05b,PAIRED_BASE,01,retained_complete_paired_base,resource54,NORMAL,NORMAL,F,deliverables/app_resource_constrained_extension_v1/results/inputs.jsonl,line 725; base_states[paired244-devext-c2e38381be26f0a91709871b],deliverables/app_resource_constrained_extension_v1/results/members.jsonl,line 725
F05b,PAIRED_BASE,01,retained_complete_paired_base,resource54,NORMAL,NORMAL,F,deliverables/app_resource_constrained_extension_v1/results/inputs.jsonl,line 726; base_states[paired244-devext-c2e38381be26f0a91709871b],deliverables/app_resource_constrained_extension_v1/results/members.jsonl,line 726
F05b,PAIRED_BASE,01,retained_complete_paired_base,resource54,NORMAL,NORMAL,F,deliverables/app_resource_constrained_extension_v1/results/inputs.jsonl,line 727; base_states[paired244-devext-c2e38381be26f0a91709871b],deliverables/app_resource_constrained_extension_v1/results/members.jsonl,line 727
F05b,PAIRED_BASE,01,retained_complete_paired_base,resource54,NORMAL,NORMAL,F,deliverables/app_resource_constrained_extension_v1/results/inputs.jsonl,line 729; base_states[paired244-devext-c2e38381be26f0a91709871b],deliverables/app_resource_constrained_extension_v1/results/members.jsonl,line 729
F05b,PAIRED_BASE,01,retained_complete_paired_base,resource54,NORMAL,NORMAL,F,deliverables/app_resource_constrained_extension_v1/results/inputs.jsonl,line 730; base_states[paired244-devext-c2e38381be26f0a91709871b],deliverables/app_resource_constrained_extension_v1/results/members.jsonl,line 730
F05b,PAIRED_BASE,01,retained_complete_paired_base,resource54,NORMAL,NORMAL,F,deliverables/app_resource_constrained_extension_v1/results/inputs.jsonl,line 732; base_states[paired244-devext-c2e38381be26f0a91709871b],deliverables/app_resource_constrained_extension_v1/results/members.jsonl,line 732
F05b,PAIRED_BASE,01,retained_complete_paired_base,resource54,NORMAL,NORMAL,F,deliverables/app_resource_constrained_extension_v1/results/inputs.jsonl,line 733; base_states[paired244-devext-c2e38381be26f0a91709871b],deliverables/app_resource_constrained_extension_v1/results/members.jsonl,line 733
F05b,PAIRED_BASE,01,retained_complete_paired_base,resource54,NORMAL,NORMAL,F,deliverables/app_resource_constrained_extension_v1/results/inputs.jsonl,line 735; base_states[paired244-devext-c2e38381be26f0a91709871b],deliverables/app_resource_constrained_extension_v1/results/members.jsonl,line 735
F05b,PAIRED_BASE,01,retained_complete_paired_base,resource54,NORMAL,NORMAL,F,deliverables/app_resource_constrained_extension_v1/results/inputs.jsonl,line 736; base_states[paired244-devext-c2e38381be26f0a91709871b],deliverables/app_resource_constrained_extension_v1/results/members.jsonl,line 736
F05b,PAIRED_BASE,01,retained_complete_paired_base,resource54,NORMAL,NORMAL,F,deliverables/app_resource_constrained_extension_v1/results/inputs.jsonl,line 738; base_states[paired244-devext-c2e38381be26f0a91709871b],deliverables/app_resource_constrained_extension_v1/results/members.jsonl,line 738
F05b,PAIRED_BASE,01,retained_complete_paired_base,resource54,NORMAL,NORMAL,F,deliverables/app_resource_constrained_extension_v1/results/inputs.jsonl,line 739; base_states[paired244-devext-c2e38381be26f0a91709871b],deliverables/app_resource_constrained_extension_v1/results/members.jsonl,line 739
F05b,PAIRED_BASE,01,retained_complete_paired_base,resource54,NORMAL,NORMAL,F,deliverables/app_resource_constrained_extension_v1/results/inputs.jsonl,line 740; base_states[paired244-devext-c2e38381be26f0a91709871b],deliverables/app_resource_constrained_extension_v1/results/members.jsonl,line 740
F05b,PAIRED_BASE,01,retained_complete_paired_base,resource54,NORMAL,NORMAL,F,deliverables/app_resource_constrained_extension_v1/results/inputs.jsonl,line 741; base_states[paired244-devext-c2e38381be26f0a91709871b],deliverables/app_resource_constrained_extension_v1/results/members.jsonl,line 741
F05b,PAIRED_BASE,01,retained_complete_paired_base,resource54,NORMAL,NORMAL,F,deliverables/app_resource_constrained_extension_v1/results/inputs.jsonl,line 742; base_states[paired244-devext-c2e38381be26f0a91709871b],deliverables/app_resource_constrained_extension_v1/results/members.jsonl,line 742
F05b,PAIRED_BASE,01,retained_complete_paired_base,resource54,NORMAL,NORMAL,F,deliverables/app_resource_constrained_extension_v1/results/inputs.jsonl,line 743; base_states[paired244-devext-c2e38381be26f0a91709871b],deliverables/app_resource_constrained_extension_v1/results/members.jsonl,line 743
F05b,PAIRED_BASE,01,retained_complete_paired_base,resource54,NORMAL,NORMAL,F,deliverables/app_resource_constrained_extension_v1/results/inputs.jsonl,line 744; base_states[paired244-devext-c2e38381be26f0a91709871b],deliverables/app_resource_constrained_extension_v1/results/members.jsonl,line 744
F05a,APP_FULL,02,complete_app,b2b42,EFFECTIVE_INTERVENTION,App_language,F,deliverables/app_resource_constrained_extension_v1/results/inputs.jsonl,line 668; app_states[paired244-devext-9688bfa5bc943c8095f94b46],deliverables/app_resource_constrained_extension_v1/results/members.jsonl,line 668
F05a,APP_FULL,02,complete_app,b2b42,EFFECTIVE_INTERVENTION,App_language,F,deliverables/app_resource_constrained_extension_v1/results/inputs.jsonl,line 671; app_states[paired244-devext-9688bfa5bc943c8095f94b46],deliverables/app_resource_constrained_extension_v1/results/members.jsonl,line 671
F05a,APP_FULL,02,complete_app,b2b42,EFFECTIVE_INTERVENTION,App_timezone,T,deliverables/app_resource_constrained_extension_v1/results/inputs.jsonl,line 674; app_states[paired244-devext-9688bfa5bc943c8095f94b46],deliverables/app_resource_constrained_extension_v1/results/members.jsonl,line 674
F05a,APP_FULL,02,complete_app,b2b42,EFFECTIVE_INTERVENTION,App_timezone,T,deliverables/app_resource_constrained_extension_v1/results/inputs.jsonl,line 677; app_states[paired244-devext-9688bfa5bc943c8095f94b46],deliverables/app_resource_constrained_extension_v1/results/members.jsonl,line 677
F05a,APP_FULL,02,complete_app,pilot18,EFFECTIVE_INTERVENTION,Browser_language,F,deliverables/app_resource_constrained_extension_v1/results/inputs.jsonl,line 632; app_states[paired244-devext-9688bfa5bc943c8095f94b46],deliverables/app_resource_constrained_extension_v1/results/members.jsonl,line 632
F05a,APP_FULL,02,complete_app,pilot18,EFFECTIVE_INTERVENTION,Browser_language,F,deliverables/app_resource_constrained_extension_v1/results/inputs.jsonl,line 635; app_states[paired244-devext-9688bfa5bc943c8095f94b46],deliverables/app_resource_constrained_extension_v1/results/members.jsonl,line 635
F05a,APP_FULL,02,complete_app,pilot18,EFFECTIVE_INTERVENTION,Browser_language,F,deliverables/app_resource_constrained_extension_v1/results/inputs.jsonl,line 638; app_states[paired244-devext-9688bfa5bc943c8095f94b46],deliverables/app_resource_constrained_extension_v1/results/members.jsonl,line 638
F05a,APP_FULL,02,complete_app,b2b42,EFFECTIVE_INTERVENTION,Browser_language,F,deliverables/app_resource_constrained_extension_v1/results/inputs.jsonl,line 680; app_states[paired244-devext-9688bfa5bc943c8095f94b46],deliverables/app_resource_constrained_extension_v1/results/members.jsonl,line 680
F05a,APP_FULL,02,complete_app,b2b42,EFFECTIVE_INTERVENTION,Browser_language,F,deliverables/app_resource_constrained_extension_v1/results/inputs.jsonl,line 683; app_states[paired244-devext-9688bfa5bc943c8095f94b46],deliverables/app_resource_constrained_extension_v1/results/members.jsonl,line 683
F05a,APP_FULL,02,complete_app,pilot18,EFFECTIVE_INTERVENTION,Browser_timezone,F,deliverables/app_resource_constrained_extension_v1/results/inputs.jsonl,line 641; app_states[paired244-devext-9688bfa5bc943c8095f94b46],deliverables/app_resource_constrained_extension_v1/results/members.jsonl,line 641
F05a,APP_FULL,02,complete_app,pilot18,EFFECTIVE_INTERVENTION,Browser_timezone,F,deliverables/app_resource_constrained_extension_v1/results/inputs.jsonl,line 644; app_states[paired244-devext-9688bfa5bc943c8095f94b46],deliverables/app_resource_constrained_extension_v1/results/members.jsonl,line 644
F05a,APP_FULL,02,complete_app,pilot18,EFFECTIVE_INTERVENTION,Browser_timezone,F,deliverables/app_resource_constrained_extension_v1/results/inputs.jsonl,line 647; app_states[paired244-devext-9688bfa5bc943c8095f94b46],deliverables/app_resource_constrained_extension_v1/results/members.jsonl,line 647
F05a,APP_FULL,02,complete_app,b2b42,EFFECTIVE_INTERVENTION,Browser_timezone,F,deliverables/app_resource_constrained_extension_v1/results/inputs.jsonl,line 686; app_states[paired244-devext-9688bfa5bc943c8095f94b46],deliverables/app_resource_constrained_extension_v1/results/members.jsonl,line 686
F05a,APP_FULL,02,complete_app,b2b42,EFFECTIVE_INTERVENTION,Browser_timezone,F,deliverables/app_resource_constrained_extension_v1/results/inputs.jsonl,line 689; app_states[paired244-devext-9688bfa5bc943c8095f94b46],deliverables/app_resource_constrained_extension_v1/results/members.jsonl,line 689
F05a,APP_FULL,02,complete_app,pilot18,NORMAL,NORMAL,F,deliverables/app_resource_constrained_extension_v1/results/inputs.jsonl,line 631; app_states[paired244-devext-9688bfa5bc943c8095f94b46],deliverables/app_resource_constrained_extension_v1/results/members.jsonl,line 631
F05a,APP_FULL,02,complete_app,pilot18,NORMAL,NORMAL,F,deliverables/app_resource_constrained_extension_v1/results/inputs.jsonl,line 633; app_states[paired244-devext-9688bfa5bc943c8095f94b46],deliverables/app_resource_constrained_extension_v1/results/members.jsonl,line 633
F05a,APP_FULL,02,complete_app,pilot18,NORMAL,NORMAL,F,deliverables/app_resource_constrained_extension_v1/results/inputs.jsonl,line 634; app_states[paired244-devext-9688bfa5bc943c8095f94b46],deliverables/app_resource_constrained_extension_v1/results/members.jsonl,line 634
F05a,APP_FULL,02,complete_app,pilot18,NORMAL,NORMAL,F,deliverables/app_resource_constrained_extension_v1/results/inputs.jsonl,line 636; app_states[paired244-devext-9688bfa5bc943c8095f94b46],deliverables/app_resource_constrained_extension_v1/results/members.jsonl,line 636
F05a,APP_FULL,02,complete_app,pilot18,NORMAL,NORMAL,F,deliverables/app_resource_constrained_extension_v1/results/inputs.jsonl,line 637; app_states[paired244-devext-9688bfa5bc943c8095f94b46],deliverables/app_resource_constrained_extension_v1/results/members.jsonl,line 637
F05a,APP_FULL,02,complete_app,pilot18,NORMAL,NORMAL,F,deliverables/app_resource_constrained_extension_v1/results/inputs.jsonl,line 639; app_states[paired244-devext-9688bfa5bc943c8095f94b46],deliverables/app_resource_constrained_extension_v1/results/members.jsonl,line 639
F05a,APP_FULL,02,complete_app,pilot18,NORMAL,NORMAL,F,deliverables/app_resource_constrained_extension_v1/results/inputs.jsonl,line 640; app_states[paired244-devext-9688bfa5bc943c8095f94b46],deliverables/app_resource_constrained_extension_v1/results/members.jsonl,line 640
F05a,APP_FULL,02,complete_app,pilot18,NORMAL,NORMAL,F,deliverables/app_resource_constrained_extension_v1/results/inputs.jsonl,line 642; app_states[paired244-devext-9688bfa5bc943c8095f94b46],deliverables/app_resource_constrained_extension_v1/results/members.jsonl,line 642
F05a,APP_FULL,02,complete_app,pilot18,NORMAL,NORMAL,F,deliverables/app_resource_constrained_extension_v1/results/inputs.jsonl,line 643; app_states[paired244-devext-9688bfa5bc943c8095f94b46],deliverables/app_resource_constrained_extension_v1/results/members.jsonl,line 643
F05a,APP_FULL,02,complete_app,pilot18,NORMAL,NORMAL,F,deliverables/app_resource_constrained_extension_v1/results/inputs.jsonl,line 645; app_states[paired244-devext-9688bfa5bc943c8095f94b46],deliverables/app_resource_constrained_extension_v1/results/members.jsonl,line 645
F05a,APP_FULL,02,complete_app,pilot18,NORMAL,NORMAL,F,deliverables/app_resource_constrained_extension_v1/results/inputs.jsonl,line 646; app_states[paired244-devext-9688bfa5bc943c8095f94b46],deliverables/app_resource_constrained_extension_v1/results/members.jsonl,line 646
F05a,APP_FULL,02,complete_app,pilot18,NORMAL,NORMAL,F,deliverables/app_resource_constrained_extension_v1/results/inputs.jsonl,line 648; app_states[paired244-devext-9688bfa5bc943c8095f94b46],deliverables/app_resource_constrained_extension_v1/results/members.jsonl,line 648
F05a,APP_FULL,02,complete_app,b2b42,NORMAL,NORMAL,F,deliverables/app_resource_constrained_extension_v1/results/inputs.jsonl,line 649; app_states[paired244-devext-9688bfa5bc943c8095f94b46],deliverables/app_resource_constrained_extension_v1/results/members.jsonl,line 649
F05a,APP_FULL,02,complete_app,b2b42,NORMAL,NORMAL,F,deliverables/app_resource_constrained_extension_v1/results/inputs.jsonl,line 650; app_states[paired244-devext-9688bfa5bc943c8095f94b46],deliverables/app_resource_constrained_extension_v1/results/members.jsonl,line 650
F05a,APP_FULL,02,complete_app,b2b42,NORMAL,NORMAL,F,deliverables/app_resource_constrained_extension_v1/results/inputs.jsonl,line 651; app_states[paired244-devext-9688bfa5bc943c8095f94b46],deliverables/app_resource_constrained_extension_v1/results/members.jsonl,line 651
F05a,APP_FULL,02,complete_app,b2b42,NORMAL,NORMAL,F,deliverables/app_resource_constrained_extension_v1/results/inputs.jsonl,line 652; app_states[paired244-devext-9688bfa5bc943c8095f94b46],deliverables/app_resource_constrained_extension_v1/results/members.jsonl,line 652
F05a,APP_FULL,02,complete_app,b2b42,NORMAL,NORMAL,F,deliverables/app_resource_constrained_extension_v1/results/inputs.jsonl,line 653; app_states[paired244-devext-9688bfa5bc943c8095f94b46],deliverables/app_resource_constrained_extension_v1/results/members.jsonl,line 653
F05a,APP_FULL,02,complete_app,b2b42,NORMAL,NORMAL,F,deliverables/app_resource_constrained_extension_v1/results/inputs.jsonl,line 654; app_states[paired244-devext-9688bfa5bc943c8095f94b46],deliverables/app_resource_constrained_extension_v1/results/members.jsonl,line 654
F05a,APP_FULL,02,complete_app,b2b42,NORMAL,NORMAL,F,deliverables/app_resource_constrained_extension_v1/results/inputs.jsonl,line 655; app_states[paired244-devext-9688bfa5bc943c8095f94b46],deliverables/app_resource_constrained_extension_v1/results/members.jsonl,line 655
F05a,APP_FULL,02,complete_app,b2b42,NORMAL,NORMAL,F,deliverables/app_resource_constrained_extension_v1/results/inputs.jsonl,line 656; app_states[paired244-devext-9688bfa5bc943c8095f94b46],deliverables/app_resource_constrained_extension_v1/results/members.jsonl,line 656
F05a,APP_FULL,02,complete_app,b2b42,NORMAL,NORMAL,F,deliverables/app_resource_constrained_extension_v1/results/inputs.jsonl,line 657; app_states[paired244-devext-9688bfa5bc943c8095f94b46],deliverables/app_resource_constrained_extension_v1/results/members.jsonl,line 657
F05a,APP_FULL,02,complete_app,b2b42,NORMAL,NORMAL,F,deliverables/app_resource_constrained_extension_v1/results/inputs.jsonl,line 658; app_states[paired244-devext-9688bfa5bc943c8095f94b46],deliverables/app_resource_constrained_extension_v1/results/members.jsonl,line 658
F05a,APP_FULL,02,complete_app,b2b42,NORMAL,NORMAL,F,deliverables/app_resource_constrained_extension_v1/results/inputs.jsonl,line 659; app_states[paired244-devext-9688bfa5bc943c8095f94b46],deliverables/app_resource_constrained_extension_v1/results/members.jsonl,line 659
F05a,APP_FULL,02,complete_app,b2b42,NORMAL,NORMAL,F,deliverables/app_resource_constrained_extension_v1/results/inputs.jsonl,line 660; app_states[paired244-devext-9688bfa5bc943c8095f94b46],deliverables/app_resource_constrained_extension_v1/results/members.jsonl,line 660
F05a,APP_FULL,02,complete_app,b2b42,NORMAL,NORMAL,F,deliverables/app_resource_constrained_extension_v1/results/inputs.jsonl,line 661; app_states[paired244-devext-9688bfa5bc943c8095f94b46],deliverables/app_resource_constrained_extension_v1/results/members.jsonl,line 661
F05a,APP_FULL,02,complete_app,b2b42,NORMAL,NORMAL,F,deliverables/app_resource_constrained_extension_v1/results/inputs.jsonl,line 662; app_states[paired244-devext-9688bfa5bc943c8095f94b46],deliverables/app_resource_constrained_extension_v1/results/members.jsonl,line 662
F05a,APP_FULL,02,complete_app,b2b42,NORMAL,NORMAL,F,deliverables/app_resource_constrained_extension_v1/results/inputs.jsonl,line 663; app_states[paired244-devext-9688bfa5bc943c8095f94b46],deliverables/app_resource_constrained_extension_v1/results/members.jsonl,line 663
F05a,APP_FULL,02,complete_app,b2b42,NORMAL,NORMAL,F,deliverables/app_resource_constrained_extension_v1/results/inputs.jsonl,line 664; app_states[paired244-devext-9688bfa5bc943c8095f94b46],deliverables/app_resource_constrained_extension_v1/results/members.jsonl,line 664
F05a,APP_FULL,02,complete_app,b2b42,NORMAL,NORMAL,F,deliverables/app_resource_constrained_extension_v1/results/inputs.jsonl,line 665; app_states[paired244-devext-9688bfa5bc943c8095f94b46],deliverables/app_resource_constrained_extension_v1/results/members.jsonl,line 665
F05a,APP_FULL,02,complete_app,b2b42,NORMAL,NORMAL,F,deliverables/app_resource_constrained_extension_v1/results/inputs.jsonl,line 666; app_states[paired244-devext-9688bfa5bc943c8095f94b46],deliverables/app_resource_constrained_extension_v1/results/members.jsonl,line 666
F05a,APP_FULL,02,complete_app,b2b42,NORMAL,NORMAL,F,deliverables/app_resource_constrained_extension_v1/results/inputs.jsonl,line 667; app_states[paired244-devext-9688bfa5bc943c8095f94b46],deliverables/app_resource_constrained_extension_v1/results/members.jsonl,line 667
F05a,APP_FULL,02,complete_app,b2b42,NORMAL,NORMAL,F,deliverables/app_resource_constrained_extension_v1/results/inputs.jsonl,line 669; app_states[paired244-devext-9688bfa5bc943c8095f94b46],deliverables/app_resource_constrained_extension_v1/results/members.jsonl,line 669
F05a,APP_FULL,02,complete_app,b2b42,NORMAL,NORMAL,F,deliverables/app_resource_constrained_extension_v1/results/inputs.jsonl,line 670; app_states[paired244-devext-9688bfa5bc943c8095f94b46],deliverables/app_resource_constrained_extension_v1/results/members.jsonl,line 670
F05a,APP_FULL,02,complete_app,b2b42,NORMAL,NORMAL,F,deliverables/app_resource_constrained_extension_v1/results/inputs.jsonl,line 672; app_states[paired244-devext-9688bfa5bc943c8095f94b46],deliverables/app_resource_constrained_extension_v1/results/members.jsonl,line 672
F05a,APP_FULL,02,complete_app,b2b42,NORMAL,NORMAL,F,deliverables/app_resource_constrained_extension_v1/results/inputs.jsonl,line 673; app_states[paired244-devext-9688bfa5bc943c8095f94b46],deliverables/app_resource_constrained_extension_v1/results/members.jsonl,line 673
F05a,APP_FULL,02,complete_app,b2b42,NORMAL,NORMAL,F,deliverables/app_resource_constrained_extension_v1/results/inputs.jsonl,line 675; app_states[paired244-devext-9688bfa5bc943c8095f94b46],deliverables/app_resource_constrained_extension_v1/results/members.jsonl,line 675
F05a,APP_FULL,02,complete_app,b2b42,NORMAL,NORMAL,F,deliverables/app_resource_constrained_extension_v1/results/inputs.jsonl,line 676; app_states[paired244-devext-9688bfa5bc943c8095f94b46],deliverables/app_resource_constrained_extension_v1/results/members.jsonl,line 676
F05a,APP_FULL,02,complete_app,b2b42,NORMAL,NORMAL,F,deliverables/app_resource_constrained_extension_v1/results/inputs.jsonl,line 678; app_states[paired244-devext-9688bfa5bc943c8095f94b46],deliverables/app_resource_constrained_extension_v1/results/members.jsonl,line 678
F05a,APP_FULL,02,complete_app,b2b42,NORMAL,NORMAL,F,deliverables/app_resource_constrained_extension_v1/results/inputs.jsonl,line 679; app_states[paired244-devext-9688bfa5bc943c8095f94b46],deliverables/app_resource_constrained_extension_v1/results/members.jsonl,line 679
F05a,APP_FULL,02,complete_app,b2b42,NORMAL,NORMAL,F,deliverables/app_resource_constrained_extension_v1/results/inputs.jsonl,line 681; app_states[paired244-devext-9688bfa5bc943c8095f94b46],deliverables/app_resource_constrained_extension_v1/results/members.jsonl,line 681
F05a,APP_FULL,02,complete_app,b2b42,NORMAL,NORMAL,F,deliverables/app_resource_constrained_extension_v1/results/inputs.jsonl,line 682; app_states[paired244-devext-9688bfa5bc943c8095f94b46],deliverables/app_resource_constrained_extension_v1/results/members.jsonl,line 682
F05a,APP_FULL,02,complete_app,b2b42,NORMAL,NORMAL,F,deliverables/app_resource_constrained_extension_v1/results/inputs.jsonl,line 684; app_states[paired244-devext-9688bfa5bc943c8095f94b46],deliverables/app_resource_constrained_extension_v1/results/members.jsonl,line 684
F05a,APP_FULL,02,complete_app,b2b42,NORMAL,NORMAL,F,deliverables/app_resource_constrained_extension_v1/results/inputs.jsonl,line 685; app_states[paired244-devext-9688bfa5bc943c8095f94b46],deliverables/app_resource_constrained_extension_v1/results/members.jsonl,line 685
F05a,APP_FULL,02,complete_app,b2b42,NORMAL,NORMAL,F,deliverables/app_resource_constrained_extension_v1/results/inputs.jsonl,line 687; app_states[paired244-devext-9688bfa5bc943c8095f94b46],deliverables/app_resource_constrained_extension_v1/results/members.jsonl,line 687
F05a,APP_FULL,02,complete_app,b2b42,NORMAL,NORMAL,F,deliverables/app_resource_constrained_extension_v1/results/inputs.jsonl,line 688; app_states[paired244-devext-9688bfa5bc943c8095f94b46],deliverables/app_resource_constrained_extension_v1/results/members.jsonl,line 688
F05a,APP_FULL,02,complete_app,b2b42,NORMAL,NORMAL,F,deliverables/app_resource_constrained_extension_v1/results/inputs.jsonl,line 690; app_states[paired244-devext-9688bfa5bc943c8095f94b46],deliverables/app_resource_constrained_extension_v1/results/members.jsonl,line 690
F05b,APP_FULL,02,complete_app,resource54,EFFECTIVE_INTERVENTION,App_resource16_48,T,deliverables/app_resource_constrained_extension_v1/results/inputs.jsonl,line 692; app_states[paired244-devext-9688bfa5bc943c8095f94b46],deliverables/app_resource_constrained_extension_v1/results/members.jsonl,line 692
F05b,APP_FULL,02,complete_app,resource54,EFFECTIVE_INTERVENTION,App_resource16_48,T,deliverables/app_resource_constrained_extension_v1/results/inputs.jsonl,line 710; app_states[paired244-devext-9688bfa5bc943c8095f94b46],deliverables/app_resource_constrained_extension_v1/results/members.jsonl,line 710
F05b,APP_FULL,02,complete_app,resource54,EFFECTIVE_INTERVENTION,App_resource16_48,T,deliverables/app_resource_constrained_extension_v1/results/inputs.jsonl,line 728; app_states[paired244-devext-9688bfa5bc943c8095f94b46],deliverables/app_resource_constrained_extension_v1/results/members.jsonl,line 728
F05b,APP_FULL,02,complete_app,resource54,EFFECTIVE_INTERVENTION,App_memory4,T,deliverables/app_resource_constrained_extension_v1/results/inputs.jsonl,line 695; app_states[paired244-devext-9688bfa5bc943c8095f94b46],deliverables/app_resource_constrained_extension_v1/results/members.jsonl,line 695
F05b,APP_FULL,02,complete_app,resource54,EFFECTIVE_INTERVENTION,App_memory4,T,deliverables/app_resource_constrained_extension_v1/results/inputs.jsonl,line 713; app_states[paired244-devext-9688bfa5bc943c8095f94b46],deliverables/app_resource_constrained_extension_v1/results/members.jsonl,line 713
F05b,APP_FULL,02,complete_app,resource54,EFFECTIVE_INTERVENTION,App_memory4,T,deliverables/app_resource_constrained_extension_v1/results/inputs.jsonl,line 731; app_states[paired244-devext-9688bfa5bc943c8095f94b46],deliverables/app_resource_constrained_extension_v1/results/members.jsonl,line 731
F05b,APP_FULL,02,complete_app,resource54,EFFECTIVE_INTERVENTION,Browser_resource16_48,F,deliverables/app_resource_constrained_extension_v1/results/inputs.jsonl,line 698; app_states[paired244-devext-9688bfa5bc943c8095f94b46],deliverables/app_resource_constrained_extension_v1/results/members.jsonl,line 698
F05b,APP_FULL,02,complete_app,resource54,EFFECTIVE_INTERVENTION,Browser_resource16_48,F,deliverables/app_resource_constrained_extension_v1/results/inputs.jsonl,line 716; app_states[paired244-devext-9688bfa5bc943c8095f94b46],deliverables/app_resource_constrained_extension_v1/results/members.jsonl,line 716
F05b,APP_FULL,02,complete_app,resource54,EFFECTIVE_INTERVENTION,Browser_resource16_48,F,deliverables/app_resource_constrained_extension_v1/results/inputs.jsonl,line 734; app_states[paired244-devext-9688bfa5bc943c8095f94b46],deliverables/app_resource_constrained_extension_v1/results/members.jsonl,line 734
F05b,APP_FULL,02,complete_app,resource54,EFFECTIVE_INTERVENTION,Browser_memory4,F,deliverables/app_resource_constrained_extension_v1/results/inputs.jsonl,line 701; app_states[paired244-devext-9688bfa5bc943c8095f94b46],deliverables/app_resource_constrained_extension_v1/results/members.jsonl,line 701
F05b,APP_FULL,02,complete_app,resource54,EFFECTIVE_INTERVENTION,Browser_memory4,F,deliverables/app_resource_constrained_extension_v1/results/inputs.jsonl,line 719; app_states[paired244-devext-9688bfa5bc943c8095f94b46],deliverables/app_resource_constrained_extension_v1/results/members.jsonl,line 719
F05b,APP_FULL,02,complete_app,resource54,EFFECTIVE_INTERVENTION,Browser_memory4,F,deliverables/app_resource_constrained_extension_v1/results/inputs.jsonl,line 737; app_states[paired244-devext-9688bfa5bc943c8095f94b46],deliverables/app_resource_constrained_extension_v1/results/members.jsonl,line 737
F05b,APP_FULL,02,complete_app,resource54,NORMAL,NORMAL,F,deliverables/app_resource_constrained_extension_v1/results/inputs.jsonl,line 691; app_states[paired244-devext-9688bfa5bc943c8095f94b46],deliverables/app_resource_constrained_extension_v1/results/members.jsonl,line 691
F05b,APP_FULL,02,complete_app,resource54,NORMAL,NORMAL,F,deliverables/app_resource_constrained_extension_v1/results/inputs.jsonl,line 693; app_states[paired244-devext-9688bfa5bc943c8095f94b46],deliverables/app_resource_constrained_extension_v1/results/members.jsonl,line 693
F05b,APP_FULL,02,complete_app,resource54,NORMAL,NORMAL,F,deliverables/app_resource_constrained_extension_v1/results/inputs.jsonl,line 694; app_states[paired244-devext-9688bfa5bc943c8095f94b46],deliverables/app_resource_constrained_extension_v1/results/members.jsonl,line 694
F05b,APP_FULL,02,complete_app,resource54,NORMAL,NORMAL,F,deliverables/app_resource_constrained_extension_v1/results/inputs.jsonl,line 696; app_states[paired244-devext-9688bfa5bc943c8095f94b46],deliverables/app_resource_constrained_extension_v1/results/members.jsonl,line 696
F05b,APP_FULL,02,complete_app,resource54,NORMAL,NORMAL,F,deliverables/app_resource_constrained_extension_v1/results/inputs.jsonl,line 697; app_states[paired244-devext-9688bfa5bc943c8095f94b46],deliverables/app_resource_constrained_extension_v1/results/members.jsonl,line 697
F05b,APP_FULL,02,complete_app,resource54,NORMAL,NORMAL,F,deliverables/app_resource_constrained_extension_v1/results/inputs.jsonl,line 699; app_states[paired244-devext-9688bfa5bc943c8095f94b46],deliverables/app_resource_constrained_extension_v1/results/members.jsonl,line 699
F05b,APP_FULL,02,complete_app,resource54,NORMAL,NORMAL,F,deliverables/app_resource_constrained_extension_v1/results/inputs.jsonl,line 700; app_states[paired244-devext-9688bfa5bc943c8095f94b46],deliverables/app_resource_constrained_extension_v1/results/members.jsonl,line 700
F05b,APP_FULL,02,complete_app,resource54,NORMAL,NORMAL,F,deliverables/app_resource_constrained_extension_v1/results/inputs.jsonl,line 702; app_states[paired244-devext-9688bfa5bc943c8095f94b46],deliverables/app_resource_constrained_extension_v1/results/members.jsonl,line 702
F05b,APP_FULL,02,complete_app,resource54,NORMAL,NORMAL,F,deliverables/app_resource_constrained_extension_v1/results/inputs.jsonl,line 703; app_states[paired244-devext-9688bfa5bc943c8095f94b46],deliverables/app_resource_constrained_extension_v1/results/members.jsonl,line 703
F05b,APP_FULL,02,complete_app,resource54,NORMAL,NORMAL,F,deliverables/app_resource_constrained_extension_v1/results/inputs.jsonl,line 704; app_states[paired244-devext-9688bfa5bc943c8095f94b46],deliverables/app_resource_constrained_extension_v1/results/members.jsonl,line 704
F05b,APP_FULL,02,complete_app,resource54,NORMAL,NORMAL,F,deliverables/app_resource_constrained_extension_v1/results/inputs.jsonl,line 705; app_states[paired244-devext-9688bfa5bc943c8095f94b46],deliverables/app_resource_constrained_extension_v1/results/members.jsonl,line 705
F05b,APP_FULL,02,complete_app,resource54,NORMAL,NORMAL,F,deliverables/app_resource_constrained_extension_v1/results/inputs.jsonl,line 706; app_states[paired244-devext-9688bfa5bc943c8095f94b46],deliverables/app_resource_constrained_extension_v1/results/members.jsonl,line 706
F05b,APP_FULL,02,complete_app,resource54,NORMAL,NORMAL,F,deliverables/app_resource_constrained_extension_v1/results/inputs.jsonl,line 707; app_states[paired244-devext-9688bfa5bc943c8095f94b46],deliverables/app_resource_constrained_extension_v1/results/members.jsonl,line 707
F05b,APP_FULL,02,complete_app,resource54,NORMAL,NORMAL,F,deliverables/app_resource_constrained_extension_v1/results/inputs.jsonl,line 708; app_states[paired244-devext-9688bfa5bc943c8095f94b46],deliverables/app_resource_constrained_extension_v1/results/members.jsonl,line 708
F05b,APP_FULL,02,complete_app,resource54,NORMAL,NORMAL,F,deliverables/app_resource_constrained_extension_v1/results/inputs.jsonl,line 709; app_states[paired244-devext-9688bfa5bc943c8095f94b46],deliverables/app_resource_constrained_extension_v1/results/members.jsonl,line 709
F05b,APP_FULL,02,complete_app,resource54,NORMAL,NORMAL,F,deliverables/app_resource_constrained_extension_v1/results/inputs.jsonl,line 711; app_states[paired244-devext-9688bfa5bc943c8095f94b46],deliverables/app_resource_constrained_extension_v1/results/members.jsonl,line 711
F05b,APP_FULL,02,complete_app,resource54,NORMAL,NORMAL,F,deliverables/app_resource_constrained_extension_v1/results/inputs.jsonl,line 712; app_states[paired244-devext-9688bfa5bc943c8095f94b46],deliverables/app_resource_constrained_extension_v1/results/members.jsonl,line 712
F05b,APP_FULL,02,complete_app,resource54,NORMAL,NORMAL,F,deliverables/app_resource_constrained_extension_v1/results/inputs.jsonl,line 714; app_states[paired244-devext-9688bfa5bc943c8095f94b46],deliverables/app_resource_constrained_extension_v1/results/members.jsonl,line 714
F05b,APP_FULL,02,complete_app,resource54,NORMAL,NORMAL,F,deliverables/app_resource_constrained_extension_v1/results/inputs.jsonl,line 715; app_states[paired244-devext-9688bfa5bc943c8095f94b46],deliverables/app_resource_constrained_extension_v1/results/members.jsonl,line 715
F05b,APP_FULL,02,complete_app,resource54,NORMAL,NORMAL,F,deliverables/app_resource_constrained_extension_v1/results/inputs.jsonl,line 717; app_states[paired244-devext-9688bfa5bc943c8095f94b46],deliverables/app_resource_constrained_extension_v1/results/members.jsonl,line 717
F05b,APP_FULL,02,complete_app,resource54,NORMAL,NORMAL,F,deliverables/app_resource_constrained_extension_v1/results/inputs.jsonl,line 718; app_states[paired244-devext-9688bfa5bc943c8095f94b46],deliverables/app_resource_constrained_extension_v1/results/members.jsonl,line 718
F05b,APP_FULL,02,complete_app,resource54,NORMAL,NORMAL,F,deliverables/app_resource_constrained_extension_v1/results/inputs.jsonl,line 720; app_states[paired244-devext-9688bfa5bc943c8095f94b46],deliverables/app_resource_constrained_extension_v1/results/members.jsonl,line 720
F05b,APP_FULL,02,complete_app,resource54,NORMAL,NORMAL,F,deliverables/app_resource_constrained_extension_v1/results/inputs.jsonl,line 721; app_states[paired244-devext-9688bfa5bc943c8095f94b46],deliverables/app_resource_constrained_extension_v1/results/members.jsonl,line 721
F05b,APP_FULL,02,complete_app,resource54,NORMAL,NORMAL,F,deliverables/app_resource_constrained_extension_v1/results/inputs.jsonl,line 722; app_states[paired244-devext-9688bfa5bc943c8095f94b46],deliverables/app_resource_constrained_extension_v1/results/members.jsonl,line 722
F05b,APP_FULL,02,complete_app,resource54,NORMAL,NORMAL,F,deliverables/app_resource_constrained_extension_v1/results/inputs.jsonl,line 723; app_states[paired244-devext-9688bfa5bc943c8095f94b46],deliverables/app_resource_constrained_extension_v1/results/members.jsonl,line 723
F05b,APP_FULL,02,complete_app,resource54,NORMAL,NORMAL,F,deliverables/app_resource_constrained_extension_v1/results/inputs.jsonl,line 724; app_states[paired244-devext-9688bfa5bc943c8095f94b46],deliverables/app_resource_constrained_extension_v1/results/members.jsonl,line 724
F05b,APP_FULL,02,complete_app,resource54,NORMAL,NORMAL,F,deliverables/app_resource_constrained_extension_v1/results/inputs.jsonl,line 725; app_states[paired244-devext-9688bfa5bc943c8095f94b46],deliverables/app_resource_constrained_extension_v1/results/members.jsonl,line 725
F05b,APP_FULL,02,complete_app,resource54,NORMAL,NORMAL,F,deliverables/app_resource_constrained_extension_v1/results/inputs.jsonl,line 726; app_states[paired244-devext-9688bfa5bc943c8095f94b46],deliverables/app_resource_constrained_extension_v1/results/members.jsonl,line 726
F05b,APP_FULL,02,complete_app,resource54,NORMAL,NORMAL,F,deliverables/app_resource_constrained_extension_v1/results/inputs.jsonl,line 727; app_states[paired244-devext-9688bfa5bc943c8095f94b46],deliverables/app_resource_constrained_extension_v1/results/members.jsonl,line 727
F05b,APP_FULL,02,complete_app,resource54,NORMAL,NORMAL,F,deliverables/app_resource_constrained_extension_v1/results/inputs.jsonl,line 729; app_states[paired244-devext-9688bfa5bc943c8095f94b46],deliverables/app_resource_constrained_extension_v1/results/members.jsonl,line 729
F05b,APP_FULL,02,complete_app,resource54,NORMAL,NORMAL,F,deliverables/app_resource_constrained_extension_v1/results/inputs.jsonl,line 730; app_states[paired244-devext-9688bfa5bc943c8095f94b46],deliverables/app_resource_constrained_extension_v1/results/members.jsonl,line 730
F05b,APP_FULL,02,complete_app,resource54,NORMAL,NORMAL,F,deliverables/app_resource_constrained_extension_v1/results/inputs.jsonl,line 732; app_states[paired244-devext-9688bfa5bc943c8095f94b46],deliverables/app_resource_constrained_extension_v1/results/members.jsonl,line 732
F05b,APP_FULL,02,complete_app,resource54,NORMAL,NORMAL,F,deliverables/app_resource_constrained_extension_v1/results/inputs.jsonl,line 733; app_states[paired244-devext-9688bfa5bc943c8095f94b46],deliverables/app_resource_constrained_extension_v1/results/members.jsonl,line 733
F05b,APP_FULL,02,complete_app,resource54,NORMAL,NORMAL,F,deliverables/app_resource_constrained_extension_v1/results/inputs.jsonl,line 735; app_states[paired244-devext-9688bfa5bc943c8095f94b46],deliverables/app_resource_constrained_extension_v1/results/members.jsonl,line 735
F05b,APP_FULL,02,complete_app,resource54,NORMAL,NORMAL,F,deliverables/app_resource_constrained_extension_v1/results/inputs.jsonl,line 736; app_states[paired244-devext-9688bfa5bc943c8095f94b46],deliverables/app_resource_constrained_extension_v1/results/members.jsonl,line 736
F05b,APP_FULL,02,complete_app,resource54,NORMAL,NORMAL,F,deliverables/app_resource_constrained_extension_v1/results/inputs.jsonl,line 738; app_states[paired244-devext-9688bfa5bc943c8095f94b46],deliverables/app_resource_constrained_extension_v1/results/members.jsonl,line 738
F05b,APP_FULL,02,complete_app,resource54,NORMAL,NORMAL,F,deliverables/app_resource_constrained_extension_v1/results/inputs.jsonl,line 739; app_states[paired244-devext-9688bfa5bc943c8095f94b46],deliverables/app_resource_constrained_extension_v1/results/members.jsonl,line 739
F05b,APP_FULL,02,complete_app,resource54,NORMAL,NORMAL,F,deliverables/app_resource_constrained_extension_v1/results/inputs.jsonl,line 740; app_states[paired244-devext-9688bfa5bc943c8095f94b46],deliverables/app_resource_constrained_extension_v1/results/members.jsonl,line 740
F05b,APP_FULL,02,complete_app,resource54,NORMAL,NORMAL,F,deliverables/app_resource_constrained_extension_v1/results/inputs.jsonl,line 741; app_states[paired244-devext-9688bfa5bc943c8095f94b46],deliverables/app_resource_constrained_extension_v1/results/members.jsonl,line 741
F05b,APP_FULL,02,complete_app,resource54,NORMAL,NORMAL,F,deliverables/app_resource_constrained_extension_v1/results/inputs.jsonl,line 742; app_states[paired244-devext-9688bfa5bc943c8095f94b46],deliverables/app_resource_constrained_extension_v1/results/members.jsonl,line 742
F05b,APP_FULL,02,complete_app,resource54,NORMAL,NORMAL,F,deliverables/app_resource_constrained_extension_v1/results/inputs.jsonl,line 743; app_states[paired244-devext-9688bfa5bc943c8095f94b46],deliverables/app_resource_constrained_extension_v1/results/members.jsonl,line 743
F05b,APP_FULL,02,complete_app,resource54,NORMAL,NORMAL,F,deliverables/app_resource_constrained_extension_v1/results/inputs.jsonl,line 744; app_states[paired244-devext-9688bfa5bc943c8095f94b46],deliverables/app_resource_constrained_extension_v1/results/members.jsonl,line 744
F05a,PAIRED_BASE,02,retained_complete_paired_base,b2b42,EFFECTIVE_INTERVENTION,App_language,F,deliverables/app_resource_constrained_extension_v1/results/inputs.jsonl,line 668; base_states[paired244-devext-9688bfa5bc943c8095f94b46],deliverables/app_resource_constrained_extension_v1/results/members.jsonl,line 668
F05a,PAIRED_BASE,02,retained_complete_paired_base,b2b42,EFFECTIVE_INTERVENTION,App_language,F,deliverables/app_resource_constrained_extension_v1/results/inputs.jsonl,line 671; base_states[paired244-devext-9688bfa5bc943c8095f94b46],deliverables/app_resource_constrained_extension_v1/results/members.jsonl,line 671
F05a,PAIRED_BASE,02,retained_complete_paired_base,b2b42,EFFECTIVE_INTERVENTION,App_timezone,T,deliverables/app_resource_constrained_extension_v1/results/inputs.jsonl,line 674; base_states[paired244-devext-9688bfa5bc943c8095f94b46],deliverables/app_resource_constrained_extension_v1/results/members.jsonl,line 674
F05a,PAIRED_BASE,02,retained_complete_paired_base,b2b42,EFFECTIVE_INTERVENTION,App_timezone,T,deliverables/app_resource_constrained_extension_v1/results/inputs.jsonl,line 677; base_states[paired244-devext-9688bfa5bc943c8095f94b46],deliverables/app_resource_constrained_extension_v1/results/members.jsonl,line 677
F05a,PAIRED_BASE,02,retained_complete_paired_base,pilot18,EFFECTIVE_INTERVENTION,Browser_language,F,deliverables/app_resource_constrained_extension_v1/results/inputs.jsonl,line 632; base_states[paired244-devext-9688bfa5bc943c8095f94b46],deliverables/app_resource_constrained_extension_v1/results/members.jsonl,line 632
F05a,PAIRED_BASE,02,retained_complete_paired_base,pilot18,EFFECTIVE_INTERVENTION,Browser_language,F,deliverables/app_resource_constrained_extension_v1/results/inputs.jsonl,line 635; base_states[paired244-devext-9688bfa5bc943c8095f94b46],deliverables/app_resource_constrained_extension_v1/results/members.jsonl,line 635
F05a,PAIRED_BASE,02,retained_complete_paired_base,pilot18,EFFECTIVE_INTERVENTION,Browser_language,F,deliverables/app_resource_constrained_extension_v1/results/inputs.jsonl,line 638; base_states[paired244-devext-9688bfa5bc943c8095f94b46],deliverables/app_resource_constrained_extension_v1/results/members.jsonl,line 638
F05a,PAIRED_BASE,02,retained_complete_paired_base,b2b42,EFFECTIVE_INTERVENTION,Browser_language,F,deliverables/app_resource_constrained_extension_v1/results/inputs.jsonl,line 680; base_states[paired244-devext-9688bfa5bc943c8095f94b46],deliverables/app_resource_constrained_extension_v1/results/members.jsonl,line 680
F05a,PAIRED_BASE,02,retained_complete_paired_base,b2b42,EFFECTIVE_INTERVENTION,Browser_language,F,deliverables/app_resource_constrained_extension_v1/results/inputs.jsonl,line 683; base_states[paired244-devext-9688bfa5bc943c8095f94b46],deliverables/app_resource_constrained_extension_v1/results/members.jsonl,line 683
F05a,PAIRED_BASE,02,retained_complete_paired_base,pilot18,EFFECTIVE_INTERVENTION,Browser_timezone,T,deliverables/app_resource_constrained_extension_v1/results/inputs.jsonl,line 641; base_states[paired244-devext-9688bfa5bc943c8095f94b46],deliverables/app_resource_constrained_extension_v1/results/members.jsonl,line 641
F05a,PAIRED_BASE,02,retained_complete_paired_base,pilot18,EFFECTIVE_INTERVENTION,Browser_timezone,T,deliverables/app_resource_constrained_extension_v1/results/inputs.jsonl,line 644; base_states[paired244-devext-9688bfa5bc943c8095f94b46],deliverables/app_resource_constrained_extension_v1/results/members.jsonl,line 644
F05a,PAIRED_BASE,02,retained_complete_paired_base,pilot18,EFFECTIVE_INTERVENTION,Browser_timezone,T,deliverables/app_resource_constrained_extension_v1/results/inputs.jsonl,line 647; base_states[paired244-devext-9688bfa5bc943c8095f94b46],deliverables/app_resource_constrained_extension_v1/results/members.jsonl,line 647
F05a,PAIRED_BASE,02,retained_complete_paired_base,b2b42,EFFECTIVE_INTERVENTION,Browser_timezone,T,deliverables/app_resource_constrained_extension_v1/results/inputs.jsonl,line 686; base_states[paired244-devext-9688bfa5bc943c8095f94b46],deliverables/app_resource_constrained_extension_v1/results/members.jsonl,line 686
F05a,PAIRED_BASE,02,retained_complete_paired_base,b2b42,EFFECTIVE_INTERVENTION,Browser_timezone,T,deliverables/app_resource_constrained_extension_v1/results/inputs.jsonl,line 689; base_states[paired244-devext-9688bfa5bc943c8095f94b46],deliverables/app_resource_constrained_extension_v1/results/members.jsonl,line 689
F05a,PAIRED_BASE,02,retained_complete_paired_base,pilot18,NORMAL,NORMAL,F,deliverables/app_resource_constrained_extension_v1/results/inputs.jsonl,line 631; base_states[paired244-devext-9688bfa5bc943c8095f94b46],deliverables/app_resource_constrained_extension_v1/results/members.jsonl,line 631
F05a,PAIRED_BASE,02,retained_complete_paired_base,pilot18,NORMAL,NORMAL,F,deliverables/app_resource_constrained_extension_v1/results/inputs.jsonl,line 633; base_states[paired244-devext-9688bfa5bc943c8095f94b46],deliverables/app_resource_constrained_extension_v1/results/members.jsonl,line 633
F05a,PAIRED_BASE,02,retained_complete_paired_base,pilot18,NORMAL,NORMAL,F,deliverables/app_resource_constrained_extension_v1/results/inputs.jsonl,line 634; base_states[paired244-devext-9688bfa5bc943c8095f94b46],deliverables/app_resource_constrained_extension_v1/results/members.jsonl,line 634
F05a,PAIRED_BASE,02,retained_complete_paired_base,pilot18,NORMAL,NORMAL,F,deliverables/app_resource_constrained_extension_v1/results/inputs.jsonl,line 636; base_states[paired244-devext-9688bfa5bc943c8095f94b46],deliverables/app_resource_constrained_extension_v1/results/members.jsonl,line 636
F05a,PAIRED_BASE,02,retained_complete_paired_base,pilot18,NORMAL,NORMAL,F,deliverables/app_resource_constrained_extension_v1/results/inputs.jsonl,line 637; base_states[paired244-devext-9688bfa5bc943c8095f94b46],deliverables/app_resource_constrained_extension_v1/results/members.jsonl,line 637
F05a,PAIRED_BASE,02,retained_complete_paired_base,pilot18,NORMAL,NORMAL,F,deliverables/app_resource_constrained_extension_v1/results/inputs.jsonl,line 639; base_states[paired244-devext-9688bfa5bc943c8095f94b46],deliverables/app_resource_constrained_extension_v1/results/members.jsonl,line 639
F05a,PAIRED_BASE,02,retained_complete_paired_base,pilot18,NORMAL,NORMAL,F,deliverables/app_resource_constrained_extension_v1/results/inputs.jsonl,line 640; base_states[paired244-devext-9688bfa5bc943c8095f94b46],deliverables/app_resource_constrained_extension_v1/results/members.jsonl,line 640
F05a,PAIRED_BASE,02,retained_complete_paired_base,pilot18,NORMAL,NORMAL,F,deliverables/app_resource_constrained_extension_v1/results/inputs.jsonl,line 642; base_states[paired244-devext-9688bfa5bc943c8095f94b46],deliverables/app_resource_constrained_extension_v1/results/members.jsonl,line 642
F05a,PAIRED_BASE,02,retained_complete_paired_base,pilot18,NORMAL,NORMAL,F,deliverables/app_resource_constrained_extension_v1/results/inputs.jsonl,line 643; base_states[paired244-devext-9688bfa5bc943c8095f94b46],deliverables/app_resource_constrained_extension_v1/results/members.jsonl,line 643
F05a,PAIRED_BASE,02,retained_complete_paired_base,pilot18,NORMAL,NORMAL,F,deliverables/app_resource_constrained_extension_v1/results/inputs.jsonl,line 645; base_states[paired244-devext-9688bfa5bc943c8095f94b46],deliverables/app_resource_constrained_extension_v1/results/members.jsonl,line 645
F05a,PAIRED_BASE,02,retained_complete_paired_base,pilot18,NORMAL,NORMAL,F,deliverables/app_resource_constrained_extension_v1/results/inputs.jsonl,line 646; base_states[paired244-devext-9688bfa5bc943c8095f94b46],deliverables/app_resource_constrained_extension_v1/results/members.jsonl,line 646
F05a,PAIRED_BASE,02,retained_complete_paired_base,pilot18,NORMAL,NORMAL,F,deliverables/app_resource_constrained_extension_v1/results/inputs.jsonl,line 648; base_states[paired244-devext-9688bfa5bc943c8095f94b46],deliverables/app_resource_constrained_extension_v1/results/members.jsonl,line 648
F05a,PAIRED_BASE,02,retained_complete_paired_base,b2b42,NORMAL,NORMAL,F,deliverables/app_resource_constrained_extension_v1/results/inputs.jsonl,line 649; base_states[paired244-devext-9688bfa5bc943c8095f94b46],deliverables/app_resource_constrained_extension_v1/results/members.jsonl,line 649
F05a,PAIRED_BASE,02,retained_complete_paired_base,b2b42,NORMAL,NORMAL,F,deliverables/app_resource_constrained_extension_v1/results/inputs.jsonl,line 650; base_states[paired244-devext-9688bfa5bc943c8095f94b46],deliverables/app_resource_constrained_extension_v1/results/members.jsonl,line 650
F05a,PAIRED_BASE,02,retained_complete_paired_base,b2b42,NORMAL,NORMAL,F,deliverables/app_resource_constrained_extension_v1/results/inputs.jsonl,line 651; base_states[paired244-devext-9688bfa5bc943c8095f94b46],deliverables/app_resource_constrained_extension_v1/results/members.jsonl,line 651
F05a,PAIRED_BASE,02,retained_complete_paired_base,b2b42,NORMAL,NORMAL,F,deliverables/app_resource_constrained_extension_v1/results/inputs.jsonl,line 652; base_states[paired244-devext-9688bfa5bc943c8095f94b46],deliverables/app_resource_constrained_extension_v1/results/members.jsonl,line 652
F05a,PAIRED_BASE,02,retained_complete_paired_base,b2b42,NORMAL,NORMAL,F,deliverables/app_resource_constrained_extension_v1/results/inputs.jsonl,line 653; base_states[paired244-devext-9688bfa5bc943c8095f94b46],deliverables/app_resource_constrained_extension_v1/results/members.jsonl,line 653
F05a,PAIRED_BASE,02,retained_complete_paired_base,b2b42,NORMAL,NORMAL,F,deliverables/app_resource_constrained_extension_v1/results/inputs.jsonl,line 654; base_states[paired244-devext-9688bfa5bc943c8095f94b46],deliverables/app_resource_constrained_extension_v1/results/members.jsonl,line 654
F05a,PAIRED_BASE,02,retained_complete_paired_base,b2b42,NORMAL,NORMAL,F,deliverables/app_resource_constrained_extension_v1/results/inputs.jsonl,line 655; base_states[paired244-devext-9688bfa5bc943c8095f94b46],deliverables/app_resource_constrained_extension_v1/results/members.jsonl,line 655
F05a,PAIRED_BASE,02,retained_complete_paired_base,b2b42,NORMAL,NORMAL,F,deliverables/app_resource_constrained_extension_v1/results/inputs.jsonl,line 656; base_states[paired244-devext-9688bfa5bc943c8095f94b46],deliverables/app_resource_constrained_extension_v1/results/members.jsonl,line 656
F05a,PAIRED_BASE,02,retained_complete_paired_base,b2b42,NORMAL,NORMAL,F,deliverables/app_resource_constrained_extension_v1/results/inputs.jsonl,line 657; base_states[paired244-devext-9688bfa5bc943c8095f94b46],deliverables/app_resource_constrained_extension_v1/results/members.jsonl,line 657
F05a,PAIRED_BASE,02,retained_complete_paired_base,b2b42,NORMAL,NORMAL,F,deliverables/app_resource_constrained_extension_v1/results/inputs.jsonl,line 658; base_states[paired244-devext-9688bfa5bc943c8095f94b46],deliverables/app_resource_constrained_extension_v1/results/members.jsonl,line 658
F05a,PAIRED_BASE,02,retained_complete_paired_base,b2b42,NORMAL,NORMAL,F,deliverables/app_resource_constrained_extension_v1/results/inputs.jsonl,line 659; base_states[paired244-devext-9688bfa5bc943c8095f94b46],deliverables/app_resource_constrained_extension_v1/results/members.jsonl,line 659
F05a,PAIRED_BASE,02,retained_complete_paired_base,b2b42,NORMAL,NORMAL,F,deliverables/app_resource_constrained_extension_v1/results/inputs.jsonl,line 660; base_states[paired244-devext-9688bfa5bc943c8095f94b46],deliverables/app_resource_constrained_extension_v1/results/members.jsonl,line 660
F05a,PAIRED_BASE,02,retained_complete_paired_base,b2b42,NORMAL,NORMAL,F,deliverables/app_resource_constrained_extension_v1/results/inputs.jsonl,line 661; base_states[paired244-devext-9688bfa5bc943c8095f94b46],deliverables/app_resource_constrained_extension_v1/results/members.jsonl,line 661
F05a,PAIRED_BASE,02,retained_complete_paired_base,b2b42,NORMAL,NORMAL,F,deliverables/app_resource_constrained_extension_v1/results/inputs.jsonl,line 662; base_states[paired244-devext-9688bfa5bc943c8095f94b46],deliverables/app_resource_constrained_extension_v1/results/members.jsonl,line 662
F05a,PAIRED_BASE,02,retained_complete_paired_base,b2b42,NORMAL,NORMAL,F,deliverables/app_resource_constrained_extension_v1/results/inputs.jsonl,line 663; base_states[paired244-devext-9688bfa5bc943c8095f94b46],deliverables/app_resource_constrained_extension_v1/results/members.jsonl,line 663
F05a,PAIRED_BASE,02,retained_complete_paired_base,b2b42,NORMAL,NORMAL,F,deliverables/app_resource_constrained_extension_v1/results/inputs.jsonl,line 664; base_states[paired244-devext-9688bfa5bc943c8095f94b46],deliverables/app_resource_constrained_extension_v1/results/members.jsonl,line 664
F05a,PAIRED_BASE,02,retained_complete_paired_base,b2b42,NORMAL,NORMAL,F,deliverables/app_resource_constrained_extension_v1/results/inputs.jsonl,line 665; base_states[paired244-devext-9688bfa5bc943c8095f94b46],deliverables/app_resource_constrained_extension_v1/results/members.jsonl,line 665
F05a,PAIRED_BASE,02,retained_complete_paired_base,b2b42,NORMAL,NORMAL,F,deliverables/app_resource_constrained_extension_v1/results/inputs.jsonl,line 666; base_states[paired244-devext-9688bfa5bc943c8095f94b46],deliverables/app_resource_constrained_extension_v1/results/members.jsonl,line 666
F05a,PAIRED_BASE,02,retained_complete_paired_base,b2b42,NORMAL,NORMAL,F,deliverables/app_resource_constrained_extension_v1/results/inputs.jsonl,line 667; base_states[paired244-devext-9688bfa5bc943c8095f94b46],deliverables/app_resource_constrained_extension_v1/results/members.jsonl,line 667
F05a,PAIRED_BASE,02,retained_complete_paired_base,b2b42,NORMAL,NORMAL,F,deliverables/app_resource_constrained_extension_v1/results/inputs.jsonl,line 669; base_states[paired244-devext-9688bfa5bc943c8095f94b46],deliverables/app_resource_constrained_extension_v1/results/members.jsonl,line 669
F05a,PAIRED_BASE,02,retained_complete_paired_base,b2b42,NORMAL,NORMAL,F,deliverables/app_resource_constrained_extension_v1/results/inputs.jsonl,line 670; base_states[paired244-devext-9688bfa5bc943c8095f94b46],deliverables/app_resource_constrained_extension_v1/results/members.jsonl,line 670
F05a,PAIRED_BASE,02,retained_complete_paired_base,b2b42,NORMAL,NORMAL,F,deliverables/app_resource_constrained_extension_v1/results/inputs.jsonl,line 672; base_states[paired244-devext-9688bfa5bc943c8095f94b46],deliverables/app_resource_constrained_extension_v1/results/members.jsonl,line 672
F05a,PAIRED_BASE,02,retained_complete_paired_base,b2b42,NORMAL,NORMAL,F,deliverables/app_resource_constrained_extension_v1/results/inputs.jsonl,line 673; base_states[paired244-devext-9688bfa5bc943c8095f94b46],deliverables/app_resource_constrained_extension_v1/results/members.jsonl,line 673
F05a,PAIRED_BASE,02,retained_complete_paired_base,b2b42,NORMAL,NORMAL,F,deliverables/app_resource_constrained_extension_v1/results/inputs.jsonl,line 675; base_states[paired244-devext-9688bfa5bc943c8095f94b46],deliverables/app_resource_constrained_extension_v1/results/members.jsonl,line 675
F05a,PAIRED_BASE,02,retained_complete_paired_base,b2b42,NORMAL,NORMAL,F,deliverables/app_resource_constrained_extension_v1/results/inputs.jsonl,line 676; base_states[paired244-devext-9688bfa5bc943c8095f94b46],deliverables/app_resource_constrained_extension_v1/results/members.jsonl,line 676
F05a,PAIRED_BASE,02,retained_complete_paired_base,b2b42,NORMAL,NORMAL,F,deliverables/app_resource_constrained_extension_v1/results/inputs.jsonl,line 678; base_states[paired244-devext-9688bfa5bc943c8095f94b46],deliverables/app_resource_constrained_extension_v1/results/members.jsonl,line 678
F05a,PAIRED_BASE,02,retained_complete_paired_base,b2b42,NORMAL,NORMAL,F,deliverables/app_resource_constrained_extension_v1/results/inputs.jsonl,line 679; base_states[paired244-devext-9688bfa5bc943c8095f94b46],deliverables/app_resource_constrained_extension_v1/results/members.jsonl,line 679
F05a,PAIRED_BASE,02,retained_complete_paired_base,b2b42,NORMAL,NORMAL,F,deliverables/app_resource_constrained_extension_v1/results/inputs.jsonl,line 681; base_states[paired244-devext-9688bfa5bc943c8095f94b46],deliverables/app_resource_constrained_extension_v1/results/members.jsonl,line 681
F05a,PAIRED_BASE,02,retained_complete_paired_base,b2b42,NORMAL,NORMAL,F,deliverables/app_resource_constrained_extension_v1/results/inputs.jsonl,line 682; base_states[paired244-devext-9688bfa5bc943c8095f94b46],deliverables/app_resource_constrained_extension_v1/results/members.jsonl,line 682
F05a,PAIRED_BASE,02,retained_complete_paired_base,b2b42,NORMAL,NORMAL,F,deliverables/app_resource_constrained_extension_v1/results/inputs.jsonl,line 684; base_states[paired244-devext-9688bfa5bc943c8095f94b46],deliverables/app_resource_constrained_extension_v1/results/members.jsonl,line 684
F05a,PAIRED_BASE,02,retained_complete_paired_base,b2b42,NORMAL,NORMAL,F,deliverables/app_resource_constrained_extension_v1/results/inputs.jsonl,line 685; base_states[paired244-devext-9688bfa5bc943c8095f94b46],deliverables/app_resource_constrained_extension_v1/results/members.jsonl,line 685
F05a,PAIRED_BASE,02,retained_complete_paired_base,b2b42,NORMAL,NORMAL,F,deliverables/app_resource_constrained_extension_v1/results/inputs.jsonl,line 687; base_states[paired244-devext-9688bfa5bc943c8095f94b46],deliverables/app_resource_constrained_extension_v1/results/members.jsonl,line 687
F05a,PAIRED_BASE,02,retained_complete_paired_base,b2b42,NORMAL,NORMAL,F,deliverables/app_resource_constrained_extension_v1/results/inputs.jsonl,line 688; base_states[paired244-devext-9688bfa5bc943c8095f94b46],deliverables/app_resource_constrained_extension_v1/results/members.jsonl,line 688
F05a,PAIRED_BASE,02,retained_complete_paired_base,b2b42,NORMAL,NORMAL,F,deliverables/app_resource_constrained_extension_v1/results/inputs.jsonl,line 690; base_states[paired244-devext-9688bfa5bc943c8095f94b46],deliverables/app_resource_constrained_extension_v1/results/members.jsonl,line 690
F05b,PAIRED_BASE,02,retained_complete_paired_base,resource54,EFFECTIVE_INTERVENTION,App_resource16_48,T,deliverables/app_resource_constrained_extension_v1/results/inputs.jsonl,line 692; base_states[paired244-devext-9688bfa5bc943c8095f94b46],deliverables/app_resource_constrained_extension_v1/results/members.jsonl,line 692
F05b,PAIRED_BASE,02,retained_complete_paired_base,resource54,EFFECTIVE_INTERVENTION,App_resource16_48,T,deliverables/app_resource_constrained_extension_v1/results/inputs.jsonl,line 710; base_states[paired244-devext-9688bfa5bc943c8095f94b46],deliverables/app_resource_constrained_extension_v1/results/members.jsonl,line 710
F05b,PAIRED_BASE,02,retained_complete_paired_base,resource54,EFFECTIVE_INTERVENTION,App_resource16_48,T,deliverables/app_resource_constrained_extension_v1/results/inputs.jsonl,line 728; base_states[paired244-devext-9688bfa5bc943c8095f94b46],deliverables/app_resource_constrained_extension_v1/results/members.jsonl,line 728
F05b,PAIRED_BASE,02,retained_complete_paired_base,resource54,EFFECTIVE_INTERVENTION,App_memory4,T,deliverables/app_resource_constrained_extension_v1/results/inputs.jsonl,line 695; base_states[paired244-devext-9688bfa5bc943c8095f94b46],deliverables/app_resource_constrained_extension_v1/results/members.jsonl,line 695
F05b,PAIRED_BASE,02,retained_complete_paired_base,resource54,EFFECTIVE_INTERVENTION,App_memory4,T,deliverables/app_resource_constrained_extension_v1/results/inputs.jsonl,line 713; base_states[paired244-devext-9688bfa5bc943c8095f94b46],deliverables/app_resource_constrained_extension_v1/results/members.jsonl,line 713
F05b,PAIRED_BASE,02,retained_complete_paired_base,resource54,EFFECTIVE_INTERVENTION,App_memory4,T,deliverables/app_resource_constrained_extension_v1/results/inputs.jsonl,line 731; base_states[paired244-devext-9688bfa5bc943c8095f94b46],deliverables/app_resource_constrained_extension_v1/results/members.jsonl,line 731
F05b,PAIRED_BASE,02,retained_complete_paired_base,resource54,EFFECTIVE_INTERVENTION,Browser_resource16_48,F,deliverables/app_resource_constrained_extension_v1/results/inputs.jsonl,line 698; base_states[paired244-devext-9688bfa5bc943c8095f94b46],deliverables/app_resource_constrained_extension_v1/results/members.jsonl,line 698
F05b,PAIRED_BASE,02,retained_complete_paired_base,resource54,EFFECTIVE_INTERVENTION,Browser_resource16_48,F,deliverables/app_resource_constrained_extension_v1/results/inputs.jsonl,line 716; base_states[paired244-devext-9688bfa5bc943c8095f94b46],deliverables/app_resource_constrained_extension_v1/results/members.jsonl,line 716
F05b,PAIRED_BASE,02,retained_complete_paired_base,resource54,EFFECTIVE_INTERVENTION,Browser_resource16_48,F,deliverables/app_resource_constrained_extension_v1/results/inputs.jsonl,line 734; base_states[paired244-devext-9688bfa5bc943c8095f94b46],deliverables/app_resource_constrained_extension_v1/results/members.jsonl,line 734
F05b,PAIRED_BASE,02,retained_complete_paired_base,resource54,EFFECTIVE_INTERVENTION,Browser_memory4,F,deliverables/app_resource_constrained_extension_v1/results/inputs.jsonl,line 701; base_states[paired244-devext-9688bfa5bc943c8095f94b46],deliverables/app_resource_constrained_extension_v1/results/members.jsonl,line 701
F05b,PAIRED_BASE,02,retained_complete_paired_base,resource54,EFFECTIVE_INTERVENTION,Browser_memory4,F,deliverables/app_resource_constrained_extension_v1/results/inputs.jsonl,line 719; base_states[paired244-devext-9688bfa5bc943c8095f94b46],deliverables/app_resource_constrained_extension_v1/results/members.jsonl,line 719
F05b,PAIRED_BASE,02,retained_complete_paired_base,resource54,EFFECTIVE_INTERVENTION,Browser_memory4,F,deliverables/app_resource_constrained_extension_v1/results/inputs.jsonl,line 737; base_states[paired244-devext-9688bfa5bc943c8095f94b46],deliverables/app_resource_constrained_extension_v1/results/members.jsonl,line 737
F05b,PAIRED_BASE,02,retained_complete_paired_base,resource54,NORMAL,NORMAL,F,deliverables/app_resource_constrained_extension_v1/results/inputs.jsonl,line 691; base_states[paired244-devext-9688bfa5bc943c8095f94b46],deliverables/app_resource_constrained_extension_v1/results/members.jsonl,line 691
F05b,PAIRED_BASE,02,retained_complete_paired_base,resource54,NORMAL,NORMAL,F,deliverables/app_resource_constrained_extension_v1/results/inputs.jsonl,line 693; base_states[paired244-devext-9688bfa5bc943c8095f94b46],deliverables/app_resource_constrained_extension_v1/results/members.jsonl,line 693
F05b,PAIRED_BASE,02,retained_complete_paired_base,resource54,NORMAL,NORMAL,F,deliverables/app_resource_constrained_extension_v1/results/inputs.jsonl,line 694; base_states[paired244-devext-9688bfa5bc943c8095f94b46],deliverables/app_resource_constrained_extension_v1/results/members.jsonl,line 694
F05b,PAIRED_BASE,02,retained_complete_paired_base,resource54,NORMAL,NORMAL,F,deliverables/app_resource_constrained_extension_v1/results/inputs.jsonl,line 696; base_states[paired244-devext-9688bfa5bc943c8095f94b46],deliverables/app_resource_constrained_extension_v1/results/members.jsonl,line 696
F05b,PAIRED_BASE,02,retained_complete_paired_base,resource54,NORMAL,NORMAL,F,deliverables/app_resource_constrained_extension_v1/results/inputs.jsonl,line 697; base_states[paired244-devext-9688bfa5bc943c8095f94b46],deliverables/app_resource_constrained_extension_v1/results/members.jsonl,line 697
F05b,PAIRED_BASE,02,retained_complete_paired_base,resource54,NORMAL,NORMAL,F,deliverables/app_resource_constrained_extension_v1/results/inputs.jsonl,line 699; base_states[paired244-devext-9688bfa5bc943c8095f94b46],deliverables/app_resource_constrained_extension_v1/results/members.jsonl,line 699
F05b,PAIRED_BASE,02,retained_complete_paired_base,resource54,NORMAL,NORMAL,F,deliverables/app_resource_constrained_extension_v1/results/inputs.jsonl,line 700; base_states[paired244-devext-9688bfa5bc943c8095f94b46],deliverables/app_resource_constrained_extension_v1/results/members.jsonl,line 700
F05b,PAIRED_BASE,02,retained_complete_paired_base,resource54,NORMAL,NORMAL,F,deliverables/app_resource_constrained_extension_v1/results/inputs.jsonl,line 702; base_states[paired244-devext-9688bfa5bc943c8095f94b46],deliverables/app_resource_constrained_extension_v1/results/members.jsonl,line 702
F05b,PAIRED_BASE,02,retained_complete_paired_base,resource54,NORMAL,NORMAL,F,deliverables/app_resource_constrained_extension_v1/results/inputs.jsonl,line 703; base_states[paired244-devext-9688bfa5bc943c8095f94b46],deliverables/app_resource_constrained_extension_v1/results/members.jsonl,line 703
F05b,PAIRED_BASE,02,retained_complete_paired_base,resource54,NORMAL,NORMAL,F,deliverables/app_resource_constrained_extension_v1/results/inputs.jsonl,line 704; base_states[paired244-devext-9688bfa5bc943c8095f94b46],deliverables/app_resource_constrained_extension_v1/results/members.jsonl,line 704
F05b,PAIRED_BASE,02,retained_complete_paired_base,resource54,NORMAL,NORMAL,F,deliverables/app_resource_constrained_extension_v1/results/inputs.jsonl,line 705; base_states[paired244-devext-9688bfa5bc943c8095f94b46],deliverables/app_resource_constrained_extension_v1/results/members.jsonl,line 705
F05b,PAIRED_BASE,02,retained_complete_paired_base,resource54,NORMAL,NORMAL,F,deliverables/app_resource_constrained_extension_v1/results/inputs.jsonl,line 706; base_states[paired244-devext-9688bfa5bc943c8095f94b46],deliverables/app_resource_constrained_extension_v1/results/members.jsonl,line 706
F05b,PAIRED_BASE,02,retained_complete_paired_base,resource54,NORMAL,NORMAL,F,deliverables/app_resource_constrained_extension_v1/results/inputs.jsonl,line 707; base_states[paired244-devext-9688bfa5bc943c8095f94b46],deliverables/app_resource_constrained_extension_v1/results/members.jsonl,line 707
F05b,PAIRED_BASE,02,retained_complete_paired_base,resource54,NORMAL,NORMAL,F,deliverables/app_resource_constrained_extension_v1/results/inputs.jsonl,line 708; base_states[paired244-devext-9688bfa5bc943c8095f94b46],deliverables/app_resource_constrained_extension_v1/results/members.jsonl,line 708
F05b,PAIRED_BASE,02,retained_complete_paired_base,resource54,NORMAL,NORMAL,F,deliverables/app_resource_constrained_extension_v1/results/inputs.jsonl,line 709; base_states[paired244-devext-9688bfa5bc943c8095f94b46],deliverables/app_resource_constrained_extension_v1/results/members.jsonl,line 709
F05b,PAIRED_BASE,02,retained_complete_paired_base,resource54,NORMAL,NORMAL,F,deliverables/app_resource_constrained_extension_v1/results/inputs.jsonl,line 711; base_states[paired244-devext-9688bfa5bc943c8095f94b46],deliverables/app_resource_constrained_extension_v1/results/members.jsonl,line 711
F05b,PAIRED_BASE,02,retained_complete_paired_base,resource54,NORMAL,NORMAL,F,deliverables/app_resource_constrained_extension_v1/results/inputs.jsonl,line 712; base_states[paired244-devext-9688bfa5bc943c8095f94b46],deliverables/app_resource_constrained_extension_v1/results/members.jsonl,line 712
F05b,PAIRED_BASE,02,retained_complete_paired_base,resource54,NORMAL,NORMAL,F,deliverables/app_resource_constrained_extension_v1/results/inputs.jsonl,line 714; base_states[paired244-devext-9688bfa5bc943c8095f94b46],deliverables/app_resource_constrained_extension_v1/results/members.jsonl,line 714
F05b,PAIRED_BASE,02,retained_complete_paired_base,resource54,NORMAL,NORMAL,F,deliverables/app_resource_constrained_extension_v1/results/inputs.jsonl,line 715; base_states[paired244-devext-9688bfa5bc943c8095f94b46],deliverables/app_resource_constrained_extension_v1/results/members.jsonl,line 715
F05b,PAIRED_BASE,02,retained_complete_paired_base,resource54,NORMAL,NORMAL,F,deliverables/app_resource_constrained_extension_v1/results/inputs.jsonl,line 717; base_states[paired244-devext-9688bfa5bc943c8095f94b46],deliverables/app_resource_constrained_extension_v1/results/members.jsonl,line 717
F05b,PAIRED_BASE,02,retained_complete_paired_base,resource54,NORMAL,NORMAL,F,deliverables/app_resource_constrained_extension_v1/results/inputs.jsonl,line 718; base_states[paired244-devext-9688bfa5bc943c8095f94b46],deliverables/app_resource_constrained_extension_v1/results/members.jsonl,line 718
F05b,PAIRED_BASE,02,retained_complete_paired_base,resource54,NORMAL,NORMAL,F,deliverables/app_resource_constrained_extension_v1/results/inputs.jsonl,line 720; base_states[paired244-devext-9688bfa5bc943c8095f94b46],deliverables/app_resource_constrained_extension_v1/results/members.jsonl,line 720
F05b,PAIRED_BASE,02,retained_complete_paired_base,resource54,NORMAL,NORMAL,F,deliverables/app_resource_constrained_extension_v1/results/inputs.jsonl,line 721; base_states[paired244-devext-9688bfa5bc943c8095f94b46],deliverables/app_resource_constrained_extension_v1/results/members.jsonl,line 721
F05b,PAIRED_BASE,02,retained_complete_paired_base,resource54,NORMAL,NORMAL,F,deliverables/app_resource_constrained_extension_v1/results/inputs.jsonl,line 722; base_states[paired244-devext-9688bfa5bc943c8095f94b46],deliverables/app_resource_constrained_extension_v1/results/members.jsonl,line 722
F05b,PAIRED_BASE,02,retained_complete_paired_base,resource54,NORMAL,NORMAL,F,deliverables/app_resource_constrained_extension_v1/results/inputs.jsonl,line 723; base_states[paired244-devext-9688bfa5bc943c8095f94b46],deliverables/app_resource_constrained_extension_v1/results/members.jsonl,line 723
F05b,PAIRED_BASE,02,retained_complete_paired_base,resource54,NORMAL,NORMAL,F,deliverables/app_resource_constrained_extension_v1/results/inputs.jsonl,line 724; base_states[paired244-devext-9688bfa5bc943c8095f94b46],deliverables/app_resource_constrained_extension_v1/results/members.jsonl,line 724
F05b,PAIRED_BASE,02,retained_complete_paired_base,resource54,NORMAL,NORMAL,F,deliverables/app_resource_constrained_extension_v1/results/inputs.jsonl,line 725; base_states[paired244-devext-9688bfa5bc943c8095f94b46],deliverables/app_resource_constrained_extension_v1/results/members.jsonl,line 725
F05b,PAIRED_BASE,02,retained_complete_paired_base,resource54,NORMAL,NORMAL,F,deliverables/app_resource_constrained_extension_v1/results/inputs.jsonl,line 726; base_states[paired244-devext-9688bfa5bc943c8095f94b46],deliverables/app_resource_constrained_extension_v1/results/members.jsonl,line 726
F05b,PAIRED_BASE,02,retained_complete_paired_base,resource54,NORMAL,NORMAL,F,deliverables/app_resource_constrained_extension_v1/results/inputs.jsonl,line 727; base_states[paired244-devext-9688bfa5bc943c8095f94b46],deliverables/app_resource_constrained_extension_v1/results/members.jsonl,line 727
F05b,PAIRED_BASE,02,retained_complete_paired_base,resource54,NORMAL,NORMAL,F,deliverables/app_resource_constrained_extension_v1/results/inputs.jsonl,line 729; base_states[paired244-devext-9688bfa5bc943c8095f94b46],deliverables/app_resource_constrained_extension_v1/results/members.jsonl,line 729
F05b,PAIRED_BASE,02,retained_complete_paired_base,resource54,NORMAL,NORMAL,F,deliverables/app_resource_constrained_extension_v1/results/inputs.jsonl,line 730; base_states[paired244-devext-9688bfa5bc943c8095f94b46],deliverables/app_resource_constrained_extension_v1/results/members.jsonl,line 730
F05b,PAIRED_BASE,02,retained_complete_paired_base,resource54,NORMAL,NORMAL,F,deliverables/app_resource_constrained_extension_v1/results/inputs.jsonl,line 732; base_states[paired244-devext-9688bfa5bc943c8095f94b46],deliverables/app_resource_constrained_extension_v1/results/members.jsonl,line 732
F05b,PAIRED_BASE,02,retained_complete_paired_base,resource54,NORMAL,NORMAL,F,deliverables/app_resource_constrained_extension_v1/results/inputs.jsonl,line 733; base_states[paired244-devext-9688bfa5bc943c8095f94b46],deliverables/app_resource_constrained_extension_v1/results/members.jsonl,line 733
F05b,PAIRED_BASE,02,retained_complete_paired_base,resource54,NORMAL,NORMAL,F,deliverables/app_resource_constrained_extension_v1/results/inputs.jsonl,line 735; base_states[paired244-devext-9688bfa5bc943c8095f94b46],deliverables/app_resource_constrained_extension_v1/results/members.jsonl,line 735
F05b,PAIRED_BASE,02,retained_complete_paired_base,resource54,NORMAL,NORMAL,F,deliverables/app_resource_constrained_extension_v1/results/inputs.jsonl,line 736; base_states[paired244-devext-9688bfa5bc943c8095f94b46],deliverables/app_resource_constrained_extension_v1/results/members.jsonl,line 736
F05b,PAIRED_BASE,02,retained_complete_paired_base,resource54,NORMAL,NORMAL,F,deliverables/app_resource_constrained_extension_v1/results/inputs.jsonl,line 738; base_states[paired244-devext-9688bfa5bc943c8095f94b46],deliverables/app_resource_constrained_extension_v1/results/members.jsonl,line 738
F05b,PAIRED_BASE,02,retained_complete_paired_base,resource54,NORMAL,NORMAL,F,deliverables/app_resource_constrained_extension_v1/results/inputs.jsonl,line 739; base_states[paired244-devext-9688bfa5bc943c8095f94b46],deliverables/app_resource_constrained_extension_v1/results/members.jsonl,line 739
F05b,PAIRED_BASE,02,retained_complete_paired_base,resource54,NORMAL,NORMAL,F,deliverables/app_resource_constrained_extension_v1/results/inputs.jsonl,line 740; base_states[paired244-devext-9688bfa5bc943c8095f94b46],deliverables/app_resource_constrained_extension_v1/results/members.jsonl,line 740
F05b,PAIRED_BASE,02,retained_complete_paired_base,resource54,NORMAL,NORMAL,F,deliverables/app_resource_constrained_extension_v1/results/inputs.jsonl,line 741; base_states[paired244-devext-9688bfa5bc943c8095f94b46],deliverables/app_resource_constrained_extension_v1/results/members.jsonl,line 741
F05b,PAIRED_BASE,02,retained_complete_paired_base,resource54,NORMAL,NORMAL,F,deliverables/app_resource_constrained_extension_v1/results/inputs.jsonl,line 742; base_states[paired244-devext-9688bfa5bc943c8095f94b46],deliverables/app_resource_constrained_extension_v1/results/members.jsonl,line 742
F05b,PAIRED_BASE,02,retained_complete_paired_base,resource54,NORMAL,NORMAL,F,deliverables/app_resource_constrained_extension_v1/results/inputs.jsonl,line 743; base_states[paired244-devext-9688bfa5bc943c8095f94b46],deliverables/app_resource_constrained_extension_v1/results/members.jsonl,line 743
F05b,PAIRED_BASE,02,retained_complete_paired_base,resource54,NORMAL,NORMAL,F,deliverables/app_resource_constrained_extension_v1/results/inputs.jsonl,line 744; base_states[paired244-devext-9688bfa5bc943c8095f94b46],deliverables/app_resource_constrained_extension_v1/results/members.jsonl,line 744
F05a,APP_FULL,03,complete_app,b2b42,EFFECTIVE_INTERVENTION,App_language,F,deliverables/app_resource_constrained_extension_v1/results/inputs.jsonl,line 668; app_states[paired244-devext-09060772f27998b093caaea7],deliverables/app_resource_constrained_extension_v1/results/members.jsonl,line 668
F05a,APP_FULL,03,complete_app,b2b42,EFFECTIVE_INTERVENTION,App_language,F,deliverables/app_resource_constrained_extension_v1/results/inputs.jsonl,line 671; app_states[paired244-devext-09060772f27998b093caaea7],deliverables/app_resource_constrained_extension_v1/results/members.jsonl,line 671
F05a,APP_FULL,03,complete_app,b2b42,EFFECTIVE_INTERVENTION,App_timezone,T,deliverables/app_resource_constrained_extension_v1/results/inputs.jsonl,line 674; app_states[paired244-devext-09060772f27998b093caaea7],deliverables/app_resource_constrained_extension_v1/results/members.jsonl,line 674
F05a,APP_FULL,03,complete_app,b2b42,EFFECTIVE_INTERVENTION,App_timezone,T,deliverables/app_resource_constrained_extension_v1/results/inputs.jsonl,line 677; app_states[paired244-devext-09060772f27998b093caaea7],deliverables/app_resource_constrained_extension_v1/results/members.jsonl,line 677
F05a,APP_FULL,03,complete_app,pilot18,EFFECTIVE_INTERVENTION,Browser_language,F,deliverables/app_resource_constrained_extension_v1/results/inputs.jsonl,line 632; app_states[paired244-devext-09060772f27998b093caaea7],deliverables/app_resource_constrained_extension_v1/results/members.jsonl,line 632
F05a,APP_FULL,03,complete_app,pilot18,EFFECTIVE_INTERVENTION,Browser_language,F,deliverables/app_resource_constrained_extension_v1/results/inputs.jsonl,line 635; app_states[paired244-devext-09060772f27998b093caaea7],deliverables/app_resource_constrained_extension_v1/results/members.jsonl,line 635
F05a,APP_FULL,03,complete_app,pilot18,EFFECTIVE_INTERVENTION,Browser_language,F,deliverables/app_resource_constrained_extension_v1/results/inputs.jsonl,line 638; app_states[paired244-devext-09060772f27998b093caaea7],deliverables/app_resource_constrained_extension_v1/results/members.jsonl,line 638
F05a,APP_FULL,03,complete_app,b2b42,EFFECTIVE_INTERVENTION,Browser_language,F,deliverables/app_resource_constrained_extension_v1/results/inputs.jsonl,line 680; app_states[paired244-devext-09060772f27998b093caaea7],deliverables/app_resource_constrained_extension_v1/results/members.jsonl,line 680
F05a,APP_FULL,03,complete_app,b2b42,EFFECTIVE_INTERVENTION,Browser_language,F,deliverables/app_resource_constrained_extension_v1/results/inputs.jsonl,line 683; app_states[paired244-devext-09060772f27998b093caaea7],deliverables/app_resource_constrained_extension_v1/results/members.jsonl,line 683
F05a,APP_FULL,03,complete_app,pilot18,EFFECTIVE_INTERVENTION,Browser_timezone,F,deliverables/app_resource_constrained_extension_v1/results/inputs.jsonl,line 641; app_states[paired244-devext-09060772f27998b093caaea7],deliverables/app_resource_constrained_extension_v1/results/members.jsonl,line 641
F05a,APP_FULL,03,complete_app,pilot18,EFFECTIVE_INTERVENTION,Browser_timezone,F,deliverables/app_resource_constrained_extension_v1/results/inputs.jsonl,line 644; app_states[paired244-devext-09060772f27998b093caaea7],deliverables/app_resource_constrained_extension_v1/results/members.jsonl,line 644
F05a,APP_FULL,03,complete_app,pilot18,EFFECTIVE_INTERVENTION,Browser_timezone,F,deliverables/app_resource_constrained_extension_v1/results/inputs.jsonl,line 647; app_states[paired244-devext-09060772f27998b093caaea7],deliverables/app_resource_constrained_extension_v1/results/members.jsonl,line 647
F05a,APP_FULL,03,complete_app,b2b42,EFFECTIVE_INTERVENTION,Browser_timezone,F,deliverables/app_resource_constrained_extension_v1/results/inputs.jsonl,line 686; app_states[paired244-devext-09060772f27998b093caaea7],deliverables/app_resource_constrained_extension_v1/results/members.jsonl,line 686
F05a,APP_FULL,03,complete_app,b2b42,EFFECTIVE_INTERVENTION,Browser_timezone,F,deliverables/app_resource_constrained_extension_v1/results/inputs.jsonl,line 689; app_states[paired244-devext-09060772f27998b093caaea7],deliverables/app_resource_constrained_extension_v1/results/members.jsonl,line 689
F05a,APP_FULL,03,complete_app,pilot18,NORMAL,NORMAL,F,deliverables/app_resource_constrained_extension_v1/results/inputs.jsonl,line 631; app_states[paired244-devext-09060772f27998b093caaea7],deliverables/app_resource_constrained_extension_v1/results/members.jsonl,line 631
F05a,APP_FULL,03,complete_app,pilot18,NORMAL,NORMAL,F,deliverables/app_resource_constrained_extension_v1/results/inputs.jsonl,line 633; app_states[paired244-devext-09060772f27998b093caaea7],deliverables/app_resource_constrained_extension_v1/results/members.jsonl,line 633
F05a,APP_FULL,03,complete_app,pilot18,NORMAL,NORMAL,F,deliverables/app_resource_constrained_extension_v1/results/inputs.jsonl,line 634; app_states[paired244-devext-09060772f27998b093caaea7],deliverables/app_resource_constrained_extension_v1/results/members.jsonl,line 634
F05a,APP_FULL,03,complete_app,pilot18,NORMAL,NORMAL,F,deliverables/app_resource_constrained_extension_v1/results/inputs.jsonl,line 636; app_states[paired244-devext-09060772f27998b093caaea7],deliverables/app_resource_constrained_extension_v1/results/members.jsonl,line 636
F05a,APP_FULL,03,complete_app,pilot18,NORMAL,NORMAL,F,deliverables/app_resource_constrained_extension_v1/results/inputs.jsonl,line 637; app_states[paired244-devext-09060772f27998b093caaea7],deliverables/app_resource_constrained_extension_v1/results/members.jsonl,line 637
F05a,APP_FULL,03,complete_app,pilot18,NORMAL,NORMAL,F,deliverables/app_resource_constrained_extension_v1/results/inputs.jsonl,line 639; app_states[paired244-devext-09060772f27998b093caaea7],deliverables/app_resource_constrained_extension_v1/results/members.jsonl,line 639
F05a,APP_FULL,03,complete_app,pilot18,NORMAL,NORMAL,F,deliverables/app_resource_constrained_extension_v1/results/inputs.jsonl,line 640; app_states[paired244-devext-09060772f27998b093caaea7],deliverables/app_resource_constrained_extension_v1/results/members.jsonl,line 640
F05a,APP_FULL,03,complete_app,pilot18,NORMAL,NORMAL,F,deliverables/app_resource_constrained_extension_v1/results/inputs.jsonl,line 642; app_states[paired244-devext-09060772f27998b093caaea7],deliverables/app_resource_constrained_extension_v1/results/members.jsonl,line 642
F05a,APP_FULL,03,complete_app,pilot18,NORMAL,NORMAL,F,deliverables/app_resource_constrained_extension_v1/results/inputs.jsonl,line 643; app_states[paired244-devext-09060772f27998b093caaea7],deliverables/app_resource_constrained_extension_v1/results/members.jsonl,line 643
F05a,APP_FULL,03,complete_app,pilot18,NORMAL,NORMAL,F,deliverables/app_resource_constrained_extension_v1/results/inputs.jsonl,line 645; app_states[paired244-devext-09060772f27998b093caaea7],deliverables/app_resource_constrained_extension_v1/results/members.jsonl,line 645
F05a,APP_FULL,03,complete_app,pilot18,NORMAL,NORMAL,F,deliverables/app_resource_constrained_extension_v1/results/inputs.jsonl,line 646; app_states[paired244-devext-09060772f27998b093caaea7],deliverables/app_resource_constrained_extension_v1/results/members.jsonl,line 646
F05a,APP_FULL,03,complete_app,pilot18,NORMAL,NORMAL,F,deliverables/app_resource_constrained_extension_v1/results/inputs.jsonl,line 648; app_states[paired244-devext-09060772f27998b093caaea7],deliverables/app_resource_constrained_extension_v1/results/members.jsonl,line 648
F05a,APP_FULL,03,complete_app,b2b42,NORMAL,NORMAL,F,deliverables/app_resource_constrained_extension_v1/results/inputs.jsonl,line 649; app_states[paired244-devext-09060772f27998b093caaea7],deliverables/app_resource_constrained_extension_v1/results/members.jsonl,line 649
F05a,APP_FULL,03,complete_app,b2b42,NORMAL,NORMAL,F,deliverables/app_resource_constrained_extension_v1/results/inputs.jsonl,line 650; app_states[paired244-devext-09060772f27998b093caaea7],deliverables/app_resource_constrained_extension_v1/results/members.jsonl,line 650
F05a,APP_FULL,03,complete_app,b2b42,NORMAL,NORMAL,F,deliverables/app_resource_constrained_extension_v1/results/inputs.jsonl,line 651; app_states[paired244-devext-09060772f27998b093caaea7],deliverables/app_resource_constrained_extension_v1/results/members.jsonl,line 651
F05a,APP_FULL,03,complete_app,b2b42,NORMAL,NORMAL,F,deliverables/app_resource_constrained_extension_v1/results/inputs.jsonl,line 652; app_states[paired244-devext-09060772f27998b093caaea7],deliverables/app_resource_constrained_extension_v1/results/members.jsonl,line 652
F05a,APP_FULL,03,complete_app,b2b42,NORMAL,NORMAL,F,deliverables/app_resource_constrained_extension_v1/results/inputs.jsonl,line 653; app_states[paired244-devext-09060772f27998b093caaea7],deliverables/app_resource_constrained_extension_v1/results/members.jsonl,line 653
F05a,APP_FULL,03,complete_app,b2b42,NORMAL,NORMAL,F,deliverables/app_resource_constrained_extension_v1/results/inputs.jsonl,line 654; app_states[paired244-devext-09060772f27998b093caaea7],deliverables/app_resource_constrained_extension_v1/results/members.jsonl,line 654
F05a,APP_FULL,03,complete_app,b2b42,NORMAL,NORMAL,F,deliverables/app_resource_constrained_extension_v1/results/inputs.jsonl,line 655; app_states[paired244-devext-09060772f27998b093caaea7],deliverables/app_resource_constrained_extension_v1/results/members.jsonl,line 655
F05a,APP_FULL,03,complete_app,b2b42,NORMAL,NORMAL,F,deliverables/app_resource_constrained_extension_v1/results/inputs.jsonl,line 656; app_states[paired244-devext-09060772f27998b093caaea7],deliverables/app_resource_constrained_extension_v1/results/members.jsonl,line 656
F05a,APP_FULL,03,complete_app,b2b42,NORMAL,NORMAL,F,deliverables/app_resource_constrained_extension_v1/results/inputs.jsonl,line 657; app_states[paired244-devext-09060772f27998b093caaea7],deliverables/app_resource_constrained_extension_v1/results/members.jsonl,line 657
F05a,APP_FULL,03,complete_app,b2b42,NORMAL,NORMAL,F,deliverables/app_resource_constrained_extension_v1/results/inputs.jsonl,line 658; app_states[paired244-devext-09060772f27998b093caaea7],deliverables/app_resource_constrained_extension_v1/results/members.jsonl,line 658
F05a,APP_FULL,03,complete_app,b2b42,NORMAL,NORMAL,F,deliverables/app_resource_constrained_extension_v1/results/inputs.jsonl,line 659; app_states[paired244-devext-09060772f27998b093caaea7],deliverables/app_resource_constrained_extension_v1/results/members.jsonl,line 659
F05a,APP_FULL,03,complete_app,b2b42,NORMAL,NORMAL,F,deliverables/app_resource_constrained_extension_v1/results/inputs.jsonl,line 660; app_states[paired244-devext-09060772f27998b093caaea7],deliverables/app_resource_constrained_extension_v1/results/members.jsonl,line 660
F05a,APP_FULL,03,complete_app,b2b42,NORMAL,NORMAL,F,deliverables/app_resource_constrained_extension_v1/results/inputs.jsonl,line 661; app_states[paired244-devext-09060772f27998b093caaea7],deliverables/app_resource_constrained_extension_v1/results/members.jsonl,line 661
F05a,APP_FULL,03,complete_app,b2b42,NORMAL,NORMAL,F,deliverables/app_resource_constrained_extension_v1/results/inputs.jsonl,line 662; app_states[paired244-devext-09060772f27998b093caaea7],deliverables/app_resource_constrained_extension_v1/results/members.jsonl,line 662
F05a,APP_FULL,03,complete_app,b2b42,NORMAL,NORMAL,F,deliverables/app_resource_constrained_extension_v1/results/inputs.jsonl,line 663; app_states[paired244-devext-09060772f27998b093caaea7],deliverables/app_resource_constrained_extension_v1/results/members.jsonl,line 663
F05a,APP_FULL,03,complete_app,b2b42,NORMAL,NORMAL,F,deliverables/app_resource_constrained_extension_v1/results/inputs.jsonl,line 664; app_states[paired244-devext-09060772f27998b093caaea7],deliverables/app_resource_constrained_extension_v1/results/members.jsonl,line 664
F05a,APP_FULL,03,complete_app,b2b42,NORMAL,NORMAL,F,deliverables/app_resource_constrained_extension_v1/results/inputs.jsonl,line 665; app_states[paired244-devext-09060772f27998b093caaea7],deliverables/app_resource_constrained_extension_v1/results/members.jsonl,line 665
F05a,APP_FULL,03,complete_app,b2b42,NORMAL,NORMAL,F,deliverables/app_resource_constrained_extension_v1/results/inputs.jsonl,line 666; app_states[paired244-devext-09060772f27998b093caaea7],deliverables/app_resource_constrained_extension_v1/results/members.jsonl,line 666
F05a,APP_FULL,03,complete_app,b2b42,NORMAL,NORMAL,F,deliverables/app_resource_constrained_extension_v1/results/inputs.jsonl,line 667; app_states[paired244-devext-09060772f27998b093caaea7],deliverables/app_resource_constrained_extension_v1/results/members.jsonl,line 667
F05a,APP_FULL,03,complete_app,b2b42,NORMAL,NORMAL,F,deliverables/app_resource_constrained_extension_v1/results/inputs.jsonl,line 669; app_states[paired244-devext-09060772f27998b093caaea7],deliverables/app_resource_constrained_extension_v1/results/members.jsonl,line 669
F05a,APP_FULL,03,complete_app,b2b42,NORMAL,NORMAL,F,deliverables/app_resource_constrained_extension_v1/results/inputs.jsonl,line 670; app_states[paired244-devext-09060772f27998b093caaea7],deliverables/app_resource_constrained_extension_v1/results/members.jsonl,line 670
F05a,APP_FULL,03,complete_app,b2b42,NORMAL,NORMAL,F,deliverables/app_resource_constrained_extension_v1/results/inputs.jsonl,line 672; app_states[paired244-devext-09060772f27998b093caaea7],deliverables/app_resource_constrained_extension_v1/results/members.jsonl,line 672
F05a,APP_FULL,03,complete_app,b2b42,NORMAL,NORMAL,F,deliverables/app_resource_constrained_extension_v1/results/inputs.jsonl,line 673; app_states[paired244-devext-09060772f27998b093caaea7],deliverables/app_resource_constrained_extension_v1/results/members.jsonl,line 673
F05a,APP_FULL,03,complete_app,b2b42,NORMAL,NORMAL,F,deliverables/app_resource_constrained_extension_v1/results/inputs.jsonl,line 675; app_states[paired244-devext-09060772f27998b093caaea7],deliverables/app_resource_constrained_extension_v1/results/members.jsonl,line 675
F05a,APP_FULL,03,complete_app,b2b42,NORMAL,NORMAL,F,deliverables/app_resource_constrained_extension_v1/results/inputs.jsonl,line 676; app_states[paired244-devext-09060772f27998b093caaea7],deliverables/app_resource_constrained_extension_v1/results/members.jsonl,line 676
F05a,APP_FULL,03,complete_app,b2b42,NORMAL,NORMAL,F,deliverables/app_resource_constrained_extension_v1/results/inputs.jsonl,line 678; app_states[paired244-devext-09060772f27998b093caaea7],deliverables/app_resource_constrained_extension_v1/results/members.jsonl,line 678
F05a,APP_FULL,03,complete_app,b2b42,NORMAL,NORMAL,F,deliverables/app_resource_constrained_extension_v1/results/inputs.jsonl,line 679; app_states[paired244-devext-09060772f27998b093caaea7],deliverables/app_resource_constrained_extension_v1/results/members.jsonl,line 679
F05a,APP_FULL,03,complete_app,b2b42,NORMAL,NORMAL,F,deliverables/app_resource_constrained_extension_v1/results/inputs.jsonl,line 681; app_states[paired244-devext-09060772f27998b093caaea7],deliverables/app_resource_constrained_extension_v1/results/members.jsonl,line 681
F05a,APP_FULL,03,complete_app,b2b42,NORMAL,NORMAL,F,deliverables/app_resource_constrained_extension_v1/results/inputs.jsonl,line 682; app_states[paired244-devext-09060772f27998b093caaea7],deliverables/app_resource_constrained_extension_v1/results/members.jsonl,line 682
F05a,APP_FULL,03,complete_app,b2b42,NORMAL,NORMAL,F,deliverables/app_resource_constrained_extension_v1/results/inputs.jsonl,line 684; app_states[paired244-devext-09060772f27998b093caaea7],deliverables/app_resource_constrained_extension_v1/results/members.jsonl,line 684
F05a,APP_FULL,03,complete_app,b2b42,NORMAL,NORMAL,F,deliverables/app_resource_constrained_extension_v1/results/inputs.jsonl,line 685; app_states[paired244-devext-09060772f27998b093caaea7],deliverables/app_resource_constrained_extension_v1/results/members.jsonl,line 685
F05a,APP_FULL,03,complete_app,b2b42,NORMAL,NORMAL,F,deliverables/app_resource_constrained_extension_v1/results/inputs.jsonl,line 687; app_states[paired244-devext-09060772f27998b093caaea7],deliverables/app_resource_constrained_extension_v1/results/members.jsonl,line 687
F05a,APP_FULL,03,complete_app,b2b42,NORMAL,NORMAL,F,deliverables/app_resource_constrained_extension_v1/results/inputs.jsonl,line 688; app_states[paired244-devext-09060772f27998b093caaea7],deliverables/app_resource_constrained_extension_v1/results/members.jsonl,line 688
F05a,APP_FULL,03,complete_app,b2b42,NORMAL,NORMAL,F,deliverables/app_resource_constrained_extension_v1/results/inputs.jsonl,line 690; app_states[paired244-devext-09060772f27998b093caaea7],deliverables/app_resource_constrained_extension_v1/results/members.jsonl,line 690
F05b,APP_FULL,03,complete_app,resource54,EFFECTIVE_INTERVENTION,App_resource16_48,T,deliverables/app_resource_constrained_extension_v1/results/inputs.jsonl,line 692; app_states[paired244-devext-09060772f27998b093caaea7],deliverables/app_resource_constrained_extension_v1/results/members.jsonl,line 692
F05b,APP_FULL,03,complete_app,resource54,EFFECTIVE_INTERVENTION,App_resource16_48,T,deliverables/app_resource_constrained_extension_v1/results/inputs.jsonl,line 710; app_states[paired244-devext-09060772f27998b093caaea7],deliverables/app_resource_constrained_extension_v1/results/members.jsonl,line 710
F05b,APP_FULL,03,complete_app,resource54,EFFECTIVE_INTERVENTION,App_resource16_48,T,deliverables/app_resource_constrained_extension_v1/results/inputs.jsonl,line 728; app_states[paired244-devext-09060772f27998b093caaea7],deliverables/app_resource_constrained_extension_v1/results/members.jsonl,line 728
F05b,APP_FULL,03,complete_app,resource54,EFFECTIVE_INTERVENTION,App_memory4,T,deliverables/app_resource_constrained_extension_v1/results/inputs.jsonl,line 695; app_states[paired244-devext-09060772f27998b093caaea7],deliverables/app_resource_constrained_extension_v1/results/members.jsonl,line 695
F05b,APP_FULL,03,complete_app,resource54,EFFECTIVE_INTERVENTION,App_memory4,T,deliverables/app_resource_constrained_extension_v1/results/inputs.jsonl,line 713; app_states[paired244-devext-09060772f27998b093caaea7],deliverables/app_resource_constrained_extension_v1/results/members.jsonl,line 713
F05b,APP_FULL,03,complete_app,resource54,EFFECTIVE_INTERVENTION,App_memory4,T,deliverables/app_resource_constrained_extension_v1/results/inputs.jsonl,line 731; app_states[paired244-devext-09060772f27998b093caaea7],deliverables/app_resource_constrained_extension_v1/results/members.jsonl,line 731
F05b,APP_FULL,03,complete_app,resource54,EFFECTIVE_INTERVENTION,Browser_resource16_48,F,deliverables/app_resource_constrained_extension_v1/results/inputs.jsonl,line 698; app_states[paired244-devext-09060772f27998b093caaea7],deliverables/app_resource_constrained_extension_v1/results/members.jsonl,line 698
F05b,APP_FULL,03,complete_app,resource54,EFFECTIVE_INTERVENTION,Browser_resource16_48,F,deliverables/app_resource_constrained_extension_v1/results/inputs.jsonl,line 716; app_states[paired244-devext-09060772f27998b093caaea7],deliverables/app_resource_constrained_extension_v1/results/members.jsonl,line 716
F05b,APP_FULL,03,complete_app,resource54,EFFECTIVE_INTERVENTION,Browser_resource16_48,F,deliverables/app_resource_constrained_extension_v1/results/inputs.jsonl,line 734; app_states[paired244-devext-09060772f27998b093caaea7],deliverables/app_resource_constrained_extension_v1/results/members.jsonl,line 734
F05b,APP_FULL,03,complete_app,resource54,EFFECTIVE_INTERVENTION,Browser_memory4,F,deliverables/app_resource_constrained_extension_v1/results/inputs.jsonl,line 701; app_states[paired244-devext-09060772f27998b093caaea7],deliverables/app_resource_constrained_extension_v1/results/members.jsonl,line 701
F05b,APP_FULL,03,complete_app,resource54,EFFECTIVE_INTERVENTION,Browser_memory4,F,deliverables/app_resource_constrained_extension_v1/results/inputs.jsonl,line 719; app_states[paired244-devext-09060772f27998b093caaea7],deliverables/app_resource_constrained_extension_v1/results/members.jsonl,line 719
F05b,APP_FULL,03,complete_app,resource54,EFFECTIVE_INTERVENTION,Browser_memory4,F,deliverables/app_resource_constrained_extension_v1/results/inputs.jsonl,line 737; app_states[paired244-devext-09060772f27998b093caaea7],deliverables/app_resource_constrained_extension_v1/results/members.jsonl,line 737
F05b,APP_FULL,03,complete_app,resource54,NORMAL,NORMAL,F,deliverables/app_resource_constrained_extension_v1/results/inputs.jsonl,line 691; app_states[paired244-devext-09060772f27998b093caaea7],deliverables/app_resource_constrained_extension_v1/results/members.jsonl,line 691
F05b,APP_FULL,03,complete_app,resource54,NORMAL,NORMAL,F,deliverables/app_resource_constrained_extension_v1/results/inputs.jsonl,line 693; app_states[paired244-devext-09060772f27998b093caaea7],deliverables/app_resource_constrained_extension_v1/results/members.jsonl,line 693
F05b,APP_FULL,03,complete_app,resource54,NORMAL,NORMAL,F,deliverables/app_resource_constrained_extension_v1/results/inputs.jsonl,line 694; app_states[paired244-devext-09060772f27998b093caaea7],deliverables/app_resource_constrained_extension_v1/results/members.jsonl,line 694
F05b,APP_FULL,03,complete_app,resource54,NORMAL,NORMAL,F,deliverables/app_resource_constrained_extension_v1/results/inputs.jsonl,line 696; app_states[paired244-devext-09060772f27998b093caaea7],deliverables/app_resource_constrained_extension_v1/results/members.jsonl,line 696
F05b,APP_FULL,03,complete_app,resource54,NORMAL,NORMAL,F,deliverables/app_resource_constrained_extension_v1/results/inputs.jsonl,line 697; app_states[paired244-devext-09060772f27998b093caaea7],deliverables/app_resource_constrained_extension_v1/results/members.jsonl,line 697
F05b,APP_FULL,03,complete_app,resource54,NORMAL,NORMAL,F,deliverables/app_resource_constrained_extension_v1/results/inputs.jsonl,line 699; app_states[paired244-devext-09060772f27998b093caaea7],deliverables/app_resource_constrained_extension_v1/results/members.jsonl,line 699
F05b,APP_FULL,03,complete_app,resource54,NORMAL,NORMAL,F,deliverables/app_resource_constrained_extension_v1/results/inputs.jsonl,line 700; app_states[paired244-devext-09060772f27998b093caaea7],deliverables/app_resource_constrained_extension_v1/results/members.jsonl,line 700
F05b,APP_FULL,03,complete_app,resource54,NORMAL,NORMAL,F,deliverables/app_resource_constrained_extension_v1/results/inputs.jsonl,line 702; app_states[paired244-devext-09060772f27998b093caaea7],deliverables/app_resource_constrained_extension_v1/results/members.jsonl,line 702
F05b,APP_FULL,03,complete_app,resource54,NORMAL,NORMAL,F,deliverables/app_resource_constrained_extension_v1/results/inputs.jsonl,line 703; app_states[paired244-devext-09060772f27998b093caaea7],deliverables/app_resource_constrained_extension_v1/results/members.jsonl,line 703
F05b,APP_FULL,03,complete_app,resource54,NORMAL,NORMAL,F,deliverables/app_resource_constrained_extension_v1/results/inputs.jsonl,line 704; app_states[paired244-devext-09060772f27998b093caaea7],deliverables/app_resource_constrained_extension_v1/results/members.jsonl,line 704
F05b,APP_FULL,03,complete_app,resource54,NORMAL,NORMAL,F,deliverables/app_resource_constrained_extension_v1/results/inputs.jsonl,line 705; app_states[paired244-devext-09060772f27998b093caaea7],deliverables/app_resource_constrained_extension_v1/results/members.jsonl,line 705
F05b,APP_FULL,03,complete_app,resource54,NORMAL,NORMAL,F,deliverables/app_resource_constrained_extension_v1/results/inputs.jsonl,line 706; app_states[paired244-devext-09060772f27998b093caaea7],deliverables/app_resource_constrained_extension_v1/results/members.jsonl,line 706
F05b,APP_FULL,03,complete_app,resource54,NORMAL,NORMAL,F,deliverables/app_resource_constrained_extension_v1/results/inputs.jsonl,line 707; app_states[paired244-devext-09060772f27998b093caaea7],deliverables/app_resource_constrained_extension_v1/results/members.jsonl,line 707
F05b,APP_FULL,03,complete_app,resource54,NORMAL,NORMAL,F,deliverables/app_resource_constrained_extension_v1/results/inputs.jsonl,line 708; app_states[paired244-devext-09060772f27998b093caaea7],deliverables/app_resource_constrained_extension_v1/results/members.jsonl,line 708
F05b,APP_FULL,03,complete_app,resource54,NORMAL,NORMAL,F,deliverables/app_resource_constrained_extension_v1/results/inputs.jsonl,line 709; app_states[paired244-devext-09060772f27998b093caaea7],deliverables/app_resource_constrained_extension_v1/results/members.jsonl,line 709
F05b,APP_FULL,03,complete_app,resource54,NORMAL,NORMAL,F,deliverables/app_resource_constrained_extension_v1/results/inputs.jsonl,line 711; app_states[paired244-devext-09060772f27998b093caaea7],deliverables/app_resource_constrained_extension_v1/results/members.jsonl,line 711
F05b,APP_FULL,03,complete_app,resource54,NORMAL,NORMAL,F,deliverables/app_resource_constrained_extension_v1/results/inputs.jsonl,line 712; app_states[paired244-devext-09060772f27998b093caaea7],deliverables/app_resource_constrained_extension_v1/results/members.jsonl,line 712
F05b,APP_FULL,03,complete_app,resource54,NORMAL,NORMAL,F,deliverables/app_resource_constrained_extension_v1/results/inputs.jsonl,line 714; app_states[paired244-devext-09060772f27998b093caaea7],deliverables/app_resource_constrained_extension_v1/results/members.jsonl,line 714
F05b,APP_FULL,03,complete_app,resource54,NORMAL,NORMAL,F,deliverables/app_resource_constrained_extension_v1/results/inputs.jsonl,line 715; app_states[paired244-devext-09060772f27998b093caaea7],deliverables/app_resource_constrained_extension_v1/results/members.jsonl,line 715
F05b,APP_FULL,03,complete_app,resource54,NORMAL,NORMAL,F,deliverables/app_resource_constrained_extension_v1/results/inputs.jsonl,line 717; app_states[paired244-devext-09060772f27998b093caaea7],deliverables/app_resource_constrained_extension_v1/results/members.jsonl,line 717
F05b,APP_FULL,03,complete_app,resource54,NORMAL,NORMAL,F,deliverables/app_resource_constrained_extension_v1/results/inputs.jsonl,line 718; app_states[paired244-devext-09060772f27998b093caaea7],deliverables/app_resource_constrained_extension_v1/results/members.jsonl,line 718
F05b,APP_FULL,03,complete_app,resource54,NORMAL,NORMAL,F,deliverables/app_resource_constrained_extension_v1/results/inputs.jsonl,line 720; app_states[paired244-devext-09060772f27998b093caaea7],deliverables/app_resource_constrained_extension_v1/results/members.jsonl,line 720
F05b,APP_FULL,03,complete_app,resource54,NORMAL,NORMAL,F,deliverables/app_resource_constrained_extension_v1/results/inputs.jsonl,line 721; app_states[paired244-devext-09060772f27998b093caaea7],deliverables/app_resource_constrained_extension_v1/results/members.jsonl,line 721
F05b,APP_FULL,03,complete_app,resource54,NORMAL,NORMAL,F,deliverables/app_resource_constrained_extension_v1/results/inputs.jsonl,line 722; app_states[paired244-devext-09060772f27998b093caaea7],deliverables/app_resource_constrained_extension_v1/results/members.jsonl,line 722
F05b,APP_FULL,03,complete_app,resource54,NORMAL,NORMAL,F,deliverables/app_resource_constrained_extension_v1/results/inputs.jsonl,line 723; app_states[paired244-devext-09060772f27998b093caaea7],deliverables/app_resource_constrained_extension_v1/results/members.jsonl,line 723
F05b,APP_FULL,03,complete_app,resource54,NORMAL,NORMAL,F,deliverables/app_resource_constrained_extension_v1/results/inputs.jsonl,line 724; app_states[paired244-devext-09060772f27998b093caaea7],deliverables/app_resource_constrained_extension_v1/results/members.jsonl,line 724
F05b,APP_FULL,03,complete_app,resource54,NORMAL,NORMAL,F,deliverables/app_resource_constrained_extension_v1/results/inputs.jsonl,line 725; app_states[paired244-devext-09060772f27998b093caaea7],deliverables/app_resource_constrained_extension_v1/results/members.jsonl,line 725
F05b,APP_FULL,03,complete_app,resource54,NORMAL,NORMAL,F,deliverables/app_resource_constrained_extension_v1/results/inputs.jsonl,line 726; app_states[paired244-devext-09060772f27998b093caaea7],deliverables/app_resource_constrained_extension_v1/results/members.jsonl,line 726
F05b,APP_FULL,03,complete_app,resource54,NORMAL,NORMAL,F,deliverables/app_resource_constrained_extension_v1/results/inputs.jsonl,line 727; app_states[paired244-devext-09060772f27998b093caaea7],deliverables/app_resource_constrained_extension_v1/results/members.jsonl,line 727
F05b,APP_FULL,03,complete_app,resource54,NORMAL,NORMAL,F,deliverables/app_resource_constrained_extension_v1/results/inputs.jsonl,line 729; app_states[paired244-devext-09060772f27998b093caaea7],deliverables/app_resource_constrained_extension_v1/results/members.jsonl,line 729
F05b,APP_FULL,03,complete_app,resource54,NORMAL,NORMAL,F,deliverables/app_resource_constrained_extension_v1/results/inputs.jsonl,line 730; app_states[paired244-devext-09060772f27998b093caaea7],deliverables/app_resource_constrained_extension_v1/results/members.jsonl,line 730
F05b,APP_FULL,03,complete_app,resource54,NORMAL,NORMAL,F,deliverables/app_resource_constrained_extension_v1/results/inputs.jsonl,line 732; app_states[paired244-devext-09060772f27998b093caaea7],deliverables/app_resource_constrained_extension_v1/results/members.jsonl,line 732
F05b,APP_FULL,03,complete_app,resource54,NORMAL,NORMAL,F,deliverables/app_resource_constrained_extension_v1/results/inputs.jsonl,line 733; app_states[paired244-devext-09060772f27998b093caaea7],deliverables/app_resource_constrained_extension_v1/results/members.jsonl,line 733
F05b,APP_FULL,03,complete_app,resource54,NORMAL,NORMAL,F,deliverables/app_resource_constrained_extension_v1/results/inputs.jsonl,line 735; app_states[paired244-devext-09060772f27998b093caaea7],deliverables/app_resource_constrained_extension_v1/results/members.jsonl,line 735
F05b,APP_FULL,03,complete_app,resource54,NORMAL,NORMAL,F,deliverables/app_resource_constrained_extension_v1/results/inputs.jsonl,line 736; app_states[paired244-devext-09060772f27998b093caaea7],deliverables/app_resource_constrained_extension_v1/results/members.jsonl,line 736
F05b,APP_FULL,03,complete_app,resource54,NORMAL,NORMAL,F,deliverables/app_resource_constrained_extension_v1/results/inputs.jsonl,line 738; app_states[paired244-devext-09060772f27998b093caaea7],deliverables/app_resource_constrained_extension_v1/results/members.jsonl,line 738
F05b,APP_FULL,03,complete_app,resource54,NORMAL,NORMAL,F,deliverables/app_resource_constrained_extension_v1/results/inputs.jsonl,line 739; app_states[paired244-devext-09060772f27998b093caaea7],deliverables/app_resource_constrained_extension_v1/results/members.jsonl,line 739
F05b,APP_FULL,03,complete_app,resource54,NORMAL,NORMAL,F,deliverables/app_resource_constrained_extension_v1/results/inputs.jsonl,line 740; app_states[paired244-devext-09060772f27998b093caaea7],deliverables/app_resource_constrained_extension_v1/results/members.jsonl,line 740
F05b,APP_FULL,03,complete_app,resource54,NORMAL,NORMAL,F,deliverables/app_resource_constrained_extension_v1/results/inputs.jsonl,line 741; app_states[paired244-devext-09060772f27998b093caaea7],deliverables/app_resource_constrained_extension_v1/results/members.jsonl,line 741
F05b,APP_FULL,03,complete_app,resource54,NORMAL,NORMAL,F,deliverables/app_resource_constrained_extension_v1/results/inputs.jsonl,line 742; app_states[paired244-devext-09060772f27998b093caaea7],deliverables/app_resource_constrained_extension_v1/results/members.jsonl,line 742
F05b,APP_FULL,03,complete_app,resource54,NORMAL,NORMAL,F,deliverables/app_resource_constrained_extension_v1/results/inputs.jsonl,line 743; app_states[paired244-devext-09060772f27998b093caaea7],deliverables/app_resource_constrained_extension_v1/results/members.jsonl,line 743
F05b,APP_FULL,03,complete_app,resource54,NORMAL,NORMAL,F,deliverables/app_resource_constrained_extension_v1/results/inputs.jsonl,line 744; app_states[paired244-devext-09060772f27998b093caaea7],deliverables/app_resource_constrained_extension_v1/results/members.jsonl,line 744
F05a,PAIRED_BASE,03,retained_complete_paired_base,b2b42,EFFECTIVE_INTERVENTION,App_language,F,deliverables/app_resource_constrained_extension_v1/results/inputs.jsonl,line 668; base_states[paired244-devext-09060772f27998b093caaea7],deliverables/app_resource_constrained_extension_v1/results/members.jsonl,line 668
F05a,PAIRED_BASE,03,retained_complete_paired_base,b2b42,EFFECTIVE_INTERVENTION,App_language,F,deliverables/app_resource_constrained_extension_v1/results/inputs.jsonl,line 671; base_states[paired244-devext-09060772f27998b093caaea7],deliverables/app_resource_constrained_extension_v1/results/members.jsonl,line 671
F05a,PAIRED_BASE,03,retained_complete_paired_base,b2b42,EFFECTIVE_INTERVENTION,App_timezone,T,deliverables/app_resource_constrained_extension_v1/results/inputs.jsonl,line 674; base_states[paired244-devext-09060772f27998b093caaea7],deliverables/app_resource_constrained_extension_v1/results/members.jsonl,line 674
F05a,PAIRED_BASE,03,retained_complete_paired_base,b2b42,EFFECTIVE_INTERVENTION,App_timezone,T,deliverables/app_resource_constrained_extension_v1/results/inputs.jsonl,line 677; base_states[paired244-devext-09060772f27998b093caaea7],deliverables/app_resource_constrained_extension_v1/results/members.jsonl,line 677
F05a,PAIRED_BASE,03,retained_complete_paired_base,pilot18,EFFECTIVE_INTERVENTION,Browser_language,F,deliverables/app_resource_constrained_extension_v1/results/inputs.jsonl,line 632; base_states[paired244-devext-09060772f27998b093caaea7],deliverables/app_resource_constrained_extension_v1/results/members.jsonl,line 632
F05a,PAIRED_BASE,03,retained_complete_paired_base,pilot18,EFFECTIVE_INTERVENTION,Browser_language,F,deliverables/app_resource_constrained_extension_v1/results/inputs.jsonl,line 635; base_states[paired244-devext-09060772f27998b093caaea7],deliverables/app_resource_constrained_extension_v1/results/members.jsonl,line 635
F05a,PAIRED_BASE,03,retained_complete_paired_base,pilot18,EFFECTIVE_INTERVENTION,Browser_language,F,deliverables/app_resource_constrained_extension_v1/results/inputs.jsonl,line 638; base_states[paired244-devext-09060772f27998b093caaea7],deliverables/app_resource_constrained_extension_v1/results/members.jsonl,line 638
F05a,PAIRED_BASE,03,retained_complete_paired_base,b2b42,EFFECTIVE_INTERVENTION,Browser_language,F,deliverables/app_resource_constrained_extension_v1/results/inputs.jsonl,line 680; base_states[paired244-devext-09060772f27998b093caaea7],deliverables/app_resource_constrained_extension_v1/results/members.jsonl,line 680
F05a,PAIRED_BASE,03,retained_complete_paired_base,b2b42,EFFECTIVE_INTERVENTION,Browser_language,F,deliverables/app_resource_constrained_extension_v1/results/inputs.jsonl,line 683; base_states[paired244-devext-09060772f27998b093caaea7],deliverables/app_resource_constrained_extension_v1/results/members.jsonl,line 683
F05a,PAIRED_BASE,03,retained_complete_paired_base,pilot18,EFFECTIVE_INTERVENTION,Browser_timezone,T,deliverables/app_resource_constrained_extension_v1/results/inputs.jsonl,line 641; base_states[paired244-devext-09060772f27998b093caaea7],deliverables/app_resource_constrained_extension_v1/results/members.jsonl,line 641
F05a,PAIRED_BASE,03,retained_complete_paired_base,pilot18,EFFECTIVE_INTERVENTION,Browser_timezone,T,deliverables/app_resource_constrained_extension_v1/results/inputs.jsonl,line 644; base_states[paired244-devext-09060772f27998b093caaea7],deliverables/app_resource_constrained_extension_v1/results/members.jsonl,line 644
F05a,PAIRED_BASE,03,retained_complete_paired_base,pilot18,EFFECTIVE_INTERVENTION,Browser_timezone,T,deliverables/app_resource_constrained_extension_v1/results/inputs.jsonl,line 647; base_states[paired244-devext-09060772f27998b093caaea7],deliverables/app_resource_constrained_extension_v1/results/members.jsonl,line 647
F05a,PAIRED_BASE,03,retained_complete_paired_base,b2b42,EFFECTIVE_INTERVENTION,Browser_timezone,T,deliverables/app_resource_constrained_extension_v1/results/inputs.jsonl,line 686; base_states[paired244-devext-09060772f27998b093caaea7],deliverables/app_resource_constrained_extension_v1/results/members.jsonl,line 686
F05a,PAIRED_BASE,03,retained_complete_paired_base,b2b42,EFFECTIVE_INTERVENTION,Browser_timezone,T,deliverables/app_resource_constrained_extension_v1/results/inputs.jsonl,line 689; base_states[paired244-devext-09060772f27998b093caaea7],deliverables/app_resource_constrained_extension_v1/results/members.jsonl,line 689
F05a,PAIRED_BASE,03,retained_complete_paired_base,pilot18,NORMAL,NORMAL,F,deliverables/app_resource_constrained_extension_v1/results/inputs.jsonl,line 631; base_states[paired244-devext-09060772f27998b093caaea7],deliverables/app_resource_constrained_extension_v1/results/members.jsonl,line 631
F05a,PAIRED_BASE,03,retained_complete_paired_base,pilot18,NORMAL,NORMAL,F,deliverables/app_resource_constrained_extension_v1/results/inputs.jsonl,line 633; base_states[paired244-devext-09060772f27998b093caaea7],deliverables/app_resource_constrained_extension_v1/results/members.jsonl,line 633
F05a,PAIRED_BASE,03,retained_complete_paired_base,pilot18,NORMAL,NORMAL,F,deliverables/app_resource_constrained_extension_v1/results/inputs.jsonl,line 634; base_states[paired244-devext-09060772f27998b093caaea7],deliverables/app_resource_constrained_extension_v1/results/members.jsonl,line 634
F05a,PAIRED_BASE,03,retained_complete_paired_base,pilot18,NORMAL,NORMAL,F,deliverables/app_resource_constrained_extension_v1/results/inputs.jsonl,line 636; base_states[paired244-devext-09060772f27998b093caaea7],deliverables/app_resource_constrained_extension_v1/results/members.jsonl,line 636
F05a,PAIRED_BASE,03,retained_complete_paired_base,pilot18,NORMAL,NORMAL,F,deliverables/app_resource_constrained_extension_v1/results/inputs.jsonl,line 637; base_states[paired244-devext-09060772f27998b093caaea7],deliverables/app_resource_constrained_extension_v1/results/members.jsonl,line 637
F05a,PAIRED_BASE,03,retained_complete_paired_base,pilot18,NORMAL,NORMAL,F,deliverables/app_resource_constrained_extension_v1/results/inputs.jsonl,line 639; base_states[paired244-devext-09060772f27998b093caaea7],deliverables/app_resource_constrained_extension_v1/results/members.jsonl,line 639
F05a,PAIRED_BASE,03,retained_complete_paired_base,pilot18,NORMAL,NORMAL,F,deliverables/app_resource_constrained_extension_v1/results/inputs.jsonl,line 640; base_states[paired244-devext-09060772f27998b093caaea7],deliverables/app_resource_constrained_extension_v1/results/members.jsonl,line 640
F05a,PAIRED_BASE,03,retained_complete_paired_base,pilot18,NORMAL,NORMAL,F,deliverables/app_resource_constrained_extension_v1/results/inputs.jsonl,line 642; base_states[paired244-devext-09060772f27998b093caaea7],deliverables/app_resource_constrained_extension_v1/results/members.jsonl,line 642
F05a,PAIRED_BASE,03,retained_complete_paired_base,pilot18,NORMAL,NORMAL,F,deliverables/app_resource_constrained_extension_v1/results/inputs.jsonl,line 643; base_states[paired244-devext-09060772f27998b093caaea7],deliverables/app_resource_constrained_extension_v1/results/members.jsonl,line 643
F05a,PAIRED_BASE,03,retained_complete_paired_base,pilot18,NORMAL,NORMAL,F,deliverables/app_resource_constrained_extension_v1/results/inputs.jsonl,line 645; base_states[paired244-devext-09060772f27998b093caaea7],deliverables/app_resource_constrained_extension_v1/results/members.jsonl,line 645
F05a,PAIRED_BASE,03,retained_complete_paired_base,pilot18,NORMAL,NORMAL,F,deliverables/app_resource_constrained_extension_v1/results/inputs.jsonl,line 646; base_states[paired244-devext-09060772f27998b093caaea7],deliverables/app_resource_constrained_extension_v1/results/members.jsonl,line 646
F05a,PAIRED_BASE,03,retained_complete_paired_base,pilot18,NORMAL,NORMAL,F,deliverables/app_resource_constrained_extension_v1/results/inputs.jsonl,line 648; base_states[paired244-devext-09060772f27998b093caaea7],deliverables/app_resource_constrained_extension_v1/results/members.jsonl,line 648
F05a,PAIRED_BASE,03,retained_complete_paired_base,b2b42,NORMAL,NORMAL,F,deliverables/app_resource_constrained_extension_v1/results/inputs.jsonl,line 649; base_states[paired244-devext-09060772f27998b093caaea7],deliverables/app_resource_constrained_extension_v1/results/members.jsonl,line 649
F05a,PAIRED_BASE,03,retained_complete_paired_base,b2b42,NORMAL,NORMAL,F,deliverables/app_resource_constrained_extension_v1/results/inputs.jsonl,line 650; base_states[paired244-devext-09060772f27998b093caaea7],deliverables/app_resource_constrained_extension_v1/results/members.jsonl,line 650
F05a,PAIRED_BASE,03,retained_complete_paired_base,b2b42,NORMAL,NORMAL,F,deliverables/app_resource_constrained_extension_v1/results/inputs.jsonl,line 651; base_states[paired244-devext-09060772f27998b093caaea7],deliverables/app_resource_constrained_extension_v1/results/members.jsonl,line 651
F05a,PAIRED_BASE,03,retained_complete_paired_base,b2b42,NORMAL,NORMAL,F,deliverables/app_resource_constrained_extension_v1/results/inputs.jsonl,line 652; base_states[paired244-devext-09060772f27998b093caaea7],deliverables/app_resource_constrained_extension_v1/results/members.jsonl,line 652
F05a,PAIRED_BASE,03,retained_complete_paired_base,b2b42,NORMAL,NORMAL,F,deliverables/app_resource_constrained_extension_v1/results/inputs.jsonl,line 653; base_states[paired244-devext-09060772f27998b093caaea7],deliverables/app_resource_constrained_extension_v1/results/members.jsonl,line 653
F05a,PAIRED_BASE,03,retained_complete_paired_base,b2b42,NORMAL,NORMAL,F,deliverables/app_resource_constrained_extension_v1/results/inputs.jsonl,line 654; base_states[paired244-devext-09060772f27998b093caaea7],deliverables/app_resource_constrained_extension_v1/results/members.jsonl,line 654
F05a,PAIRED_BASE,03,retained_complete_paired_base,b2b42,NORMAL,NORMAL,F,deliverables/app_resource_constrained_extension_v1/results/inputs.jsonl,line 655; base_states[paired244-devext-09060772f27998b093caaea7],deliverables/app_resource_constrained_extension_v1/results/members.jsonl,line 655
F05a,PAIRED_BASE,03,retained_complete_paired_base,b2b42,NORMAL,NORMAL,F,deliverables/app_resource_constrained_extension_v1/results/inputs.jsonl,line 656; base_states[paired244-devext-09060772f27998b093caaea7],deliverables/app_resource_constrained_extension_v1/results/members.jsonl,line 656
F05a,PAIRED_BASE,03,retained_complete_paired_base,b2b42,NORMAL,NORMAL,F,deliverables/app_resource_constrained_extension_v1/results/inputs.jsonl,line 657; base_states[paired244-devext-09060772f27998b093caaea7],deliverables/app_resource_constrained_extension_v1/results/members.jsonl,line 657
F05a,PAIRED_BASE,03,retained_complete_paired_base,b2b42,NORMAL,NORMAL,F,deliverables/app_resource_constrained_extension_v1/results/inputs.jsonl,line 658; base_states[paired244-devext-09060772f27998b093caaea7],deliverables/app_resource_constrained_extension_v1/results/members.jsonl,line 658
F05a,PAIRED_BASE,03,retained_complete_paired_base,b2b42,NORMAL,NORMAL,F,deliverables/app_resource_constrained_extension_v1/results/inputs.jsonl,line 659; base_states[paired244-devext-09060772f27998b093caaea7],deliverables/app_resource_constrained_extension_v1/results/members.jsonl,line 659
F05a,PAIRED_BASE,03,retained_complete_paired_base,b2b42,NORMAL,NORMAL,F,deliverables/app_resource_constrained_extension_v1/results/inputs.jsonl,line 660; base_states[paired244-devext-09060772f27998b093caaea7],deliverables/app_resource_constrained_extension_v1/results/members.jsonl,line 660
F05a,PAIRED_BASE,03,retained_complete_paired_base,b2b42,NORMAL,NORMAL,F,deliverables/app_resource_constrained_extension_v1/results/inputs.jsonl,line 661; base_states[paired244-devext-09060772f27998b093caaea7],deliverables/app_resource_constrained_extension_v1/results/members.jsonl,line 661
F05a,PAIRED_BASE,03,retained_complete_paired_base,b2b42,NORMAL,NORMAL,F,deliverables/app_resource_constrained_extension_v1/results/inputs.jsonl,line 662; base_states[paired244-devext-09060772f27998b093caaea7],deliverables/app_resource_constrained_extension_v1/results/members.jsonl,line 662
F05a,PAIRED_BASE,03,retained_complete_paired_base,b2b42,NORMAL,NORMAL,F,deliverables/app_resource_constrained_extension_v1/results/inputs.jsonl,line 663; base_states[paired244-devext-09060772f27998b093caaea7],deliverables/app_resource_constrained_extension_v1/results/members.jsonl,line 663
F05a,PAIRED_BASE,03,retained_complete_paired_base,b2b42,NORMAL,NORMAL,F,deliverables/app_resource_constrained_extension_v1/results/inputs.jsonl,line 664; base_states[paired244-devext-09060772f27998b093caaea7],deliverables/app_resource_constrained_extension_v1/results/members.jsonl,line 664
F05a,PAIRED_BASE,03,retained_complete_paired_base,b2b42,NORMAL,NORMAL,F,deliverables/app_resource_constrained_extension_v1/results/inputs.jsonl,line 665; base_states[paired244-devext-09060772f27998b093caaea7],deliverables/app_resource_constrained_extension_v1/results/members.jsonl,line 665
F05a,PAIRED_BASE,03,retained_complete_paired_base,b2b42,NORMAL,NORMAL,F,deliverables/app_resource_constrained_extension_v1/results/inputs.jsonl,line 666; base_states[paired244-devext-09060772f27998b093caaea7],deliverables/app_resource_constrained_extension_v1/results/members.jsonl,line 666
F05a,PAIRED_BASE,03,retained_complete_paired_base,b2b42,NORMAL,NORMAL,F,deliverables/app_resource_constrained_extension_v1/results/inputs.jsonl,line 667; base_states[paired244-devext-09060772f27998b093caaea7],deliverables/app_resource_constrained_extension_v1/results/members.jsonl,line 667
F05a,PAIRED_BASE,03,retained_complete_paired_base,b2b42,NORMAL,NORMAL,F,deliverables/app_resource_constrained_extension_v1/results/inputs.jsonl,line 669; base_states[paired244-devext-09060772f27998b093caaea7],deliverables/app_resource_constrained_extension_v1/results/members.jsonl,line 669
F05a,PAIRED_BASE,03,retained_complete_paired_base,b2b42,NORMAL,NORMAL,F,deliverables/app_resource_constrained_extension_v1/results/inputs.jsonl,line 670; base_states[paired244-devext-09060772f27998b093caaea7],deliverables/app_resource_constrained_extension_v1/results/members.jsonl,line 670
F05a,PAIRED_BASE,03,retained_complete_paired_base,b2b42,NORMAL,NORMAL,F,deliverables/app_resource_constrained_extension_v1/results/inputs.jsonl,line 672; base_states[paired244-devext-09060772f27998b093caaea7],deliverables/app_resource_constrained_extension_v1/results/members.jsonl,line 672
F05a,PAIRED_BASE,03,retained_complete_paired_base,b2b42,NORMAL,NORMAL,F,deliverables/app_resource_constrained_extension_v1/results/inputs.jsonl,line 673; base_states[paired244-devext-09060772f27998b093caaea7],deliverables/app_resource_constrained_extension_v1/results/members.jsonl,line 673
F05a,PAIRED_BASE,03,retained_complete_paired_base,b2b42,NORMAL,NORMAL,F,deliverables/app_resource_constrained_extension_v1/results/inputs.jsonl,line 675; base_states[paired244-devext-09060772f27998b093caaea7],deliverables/app_resource_constrained_extension_v1/results/members.jsonl,line 675
F05a,PAIRED_BASE,03,retained_complete_paired_base,b2b42,NORMAL,NORMAL,F,deliverables/app_resource_constrained_extension_v1/results/inputs.jsonl,line 676; base_states[paired244-devext-09060772f27998b093caaea7],deliverables/app_resource_constrained_extension_v1/results/members.jsonl,line 676
F05a,PAIRED_BASE,03,retained_complete_paired_base,b2b42,NORMAL,NORMAL,F,deliverables/app_resource_constrained_extension_v1/results/inputs.jsonl,line 678; base_states[paired244-devext-09060772f27998b093caaea7],deliverables/app_resource_constrained_extension_v1/results/members.jsonl,line 678
F05a,PAIRED_BASE,03,retained_complete_paired_base,b2b42,NORMAL,NORMAL,F,deliverables/app_resource_constrained_extension_v1/results/inputs.jsonl,line 679; base_states[paired244-devext-09060772f27998b093caaea7],deliverables/app_resource_constrained_extension_v1/results/members.jsonl,line 679
F05a,PAIRED_BASE,03,retained_complete_paired_base,b2b42,NORMAL,NORMAL,F,deliverables/app_resource_constrained_extension_v1/results/inputs.jsonl,line 681; base_states[paired244-devext-09060772f27998b093caaea7],deliverables/app_resource_constrained_extension_v1/results/members.jsonl,line 681
F05a,PAIRED_BASE,03,retained_complete_paired_base,b2b42,NORMAL,NORMAL,F,deliverables/app_resource_constrained_extension_v1/results/inputs.jsonl,line 682; base_states[paired244-devext-09060772f27998b093caaea7],deliverables/app_resource_constrained_extension_v1/results/members.jsonl,line 682
F05a,PAIRED_BASE,03,retained_complete_paired_base,b2b42,NORMAL,NORMAL,F,deliverables/app_resource_constrained_extension_v1/results/inputs.jsonl,line 684; base_states[paired244-devext-09060772f27998b093caaea7],deliverables/app_resource_constrained_extension_v1/results/members.jsonl,line 684
F05a,PAIRED_BASE,03,retained_complete_paired_base,b2b42,NORMAL,NORMAL,F,deliverables/app_resource_constrained_extension_v1/results/inputs.jsonl,line 685; base_states[paired244-devext-09060772f27998b093caaea7],deliverables/app_resource_constrained_extension_v1/results/members.jsonl,line 685
F05a,PAIRED_BASE,03,retained_complete_paired_base,b2b42,NORMAL,NORMAL,F,deliverables/app_resource_constrained_extension_v1/results/inputs.jsonl,line 687; base_states[paired244-devext-09060772f27998b093caaea7],deliverables/app_resource_constrained_extension_v1/results/members.jsonl,line 687
F05a,PAIRED_BASE,03,retained_complete_paired_base,b2b42,NORMAL,NORMAL,F,deliverables/app_resource_constrained_extension_v1/results/inputs.jsonl,line 688; base_states[paired244-devext-09060772f27998b093caaea7],deliverables/app_resource_constrained_extension_v1/results/members.jsonl,line 688
F05a,PAIRED_BASE,03,retained_complete_paired_base,b2b42,NORMAL,NORMAL,F,deliverables/app_resource_constrained_extension_v1/results/inputs.jsonl,line 690; base_states[paired244-devext-09060772f27998b093caaea7],deliverables/app_resource_constrained_extension_v1/results/members.jsonl,line 690
F05b,PAIRED_BASE,03,retained_complete_paired_base,resource54,EFFECTIVE_INTERVENTION,App_resource16_48,T,deliverables/app_resource_constrained_extension_v1/results/inputs.jsonl,line 692; base_states[paired244-devext-09060772f27998b093caaea7],deliverables/app_resource_constrained_extension_v1/results/members.jsonl,line 692
F05b,PAIRED_BASE,03,retained_complete_paired_base,resource54,EFFECTIVE_INTERVENTION,App_resource16_48,T,deliverables/app_resource_constrained_extension_v1/results/inputs.jsonl,line 710; base_states[paired244-devext-09060772f27998b093caaea7],deliverables/app_resource_constrained_extension_v1/results/members.jsonl,line 710
F05b,PAIRED_BASE,03,retained_complete_paired_base,resource54,EFFECTIVE_INTERVENTION,App_resource16_48,T,deliverables/app_resource_constrained_extension_v1/results/inputs.jsonl,line 728; base_states[paired244-devext-09060772f27998b093caaea7],deliverables/app_resource_constrained_extension_v1/results/members.jsonl,line 728
F05b,PAIRED_BASE,03,retained_complete_paired_base,resource54,EFFECTIVE_INTERVENTION,App_memory4,T,deliverables/app_resource_constrained_extension_v1/results/inputs.jsonl,line 695; base_states[paired244-devext-09060772f27998b093caaea7],deliverables/app_resource_constrained_extension_v1/results/members.jsonl,line 695
F05b,PAIRED_BASE,03,retained_complete_paired_base,resource54,EFFECTIVE_INTERVENTION,App_memory4,T,deliverables/app_resource_constrained_extension_v1/results/inputs.jsonl,line 713; base_states[paired244-devext-09060772f27998b093caaea7],deliverables/app_resource_constrained_extension_v1/results/members.jsonl,line 713
F05b,PAIRED_BASE,03,retained_complete_paired_base,resource54,EFFECTIVE_INTERVENTION,App_memory4,T,deliverables/app_resource_constrained_extension_v1/results/inputs.jsonl,line 731; base_states[paired244-devext-09060772f27998b093caaea7],deliverables/app_resource_constrained_extension_v1/results/members.jsonl,line 731
F05b,PAIRED_BASE,03,retained_complete_paired_base,resource54,EFFECTIVE_INTERVENTION,Browser_resource16_48,F,deliverables/app_resource_constrained_extension_v1/results/inputs.jsonl,line 698; base_states[paired244-devext-09060772f27998b093caaea7],deliverables/app_resource_constrained_extension_v1/results/members.jsonl,line 698
F05b,PAIRED_BASE,03,retained_complete_paired_base,resource54,EFFECTIVE_INTERVENTION,Browser_resource16_48,F,deliverables/app_resource_constrained_extension_v1/results/inputs.jsonl,line 716; base_states[paired244-devext-09060772f27998b093caaea7],deliverables/app_resource_constrained_extension_v1/results/members.jsonl,line 716
F05b,PAIRED_BASE,03,retained_complete_paired_base,resource54,EFFECTIVE_INTERVENTION,Browser_resource16_48,F,deliverables/app_resource_constrained_extension_v1/results/inputs.jsonl,line 734; base_states[paired244-devext-09060772f27998b093caaea7],deliverables/app_resource_constrained_extension_v1/results/members.jsonl,line 734
F05b,PAIRED_BASE,03,retained_complete_paired_base,resource54,EFFECTIVE_INTERVENTION,Browser_memory4,F,deliverables/app_resource_constrained_extension_v1/results/inputs.jsonl,line 701; base_states[paired244-devext-09060772f27998b093caaea7],deliverables/app_resource_constrained_extension_v1/results/members.jsonl,line 701
F05b,PAIRED_BASE,03,retained_complete_paired_base,resource54,EFFECTIVE_INTERVENTION,Browser_memory4,F,deliverables/app_resource_constrained_extension_v1/results/inputs.jsonl,line 719; base_states[paired244-devext-09060772f27998b093caaea7],deliverables/app_resource_constrained_extension_v1/results/members.jsonl,line 719
F05b,PAIRED_BASE,03,retained_complete_paired_base,resource54,EFFECTIVE_INTERVENTION,Browser_memory4,F,deliverables/app_resource_constrained_extension_v1/results/inputs.jsonl,line 737; base_states[paired244-devext-09060772f27998b093caaea7],deliverables/app_resource_constrained_extension_v1/results/members.jsonl,line 737
F05b,PAIRED_BASE,03,retained_complete_paired_base,resource54,NORMAL,NORMAL,F,deliverables/app_resource_constrained_extension_v1/results/inputs.jsonl,line 691; base_states[paired244-devext-09060772f27998b093caaea7],deliverables/app_resource_constrained_extension_v1/results/members.jsonl,line 691
F05b,PAIRED_BASE,03,retained_complete_paired_base,resource54,NORMAL,NORMAL,F,deliverables/app_resource_constrained_extension_v1/results/inputs.jsonl,line 693; base_states[paired244-devext-09060772f27998b093caaea7],deliverables/app_resource_constrained_extension_v1/results/members.jsonl,line 693
F05b,PAIRED_BASE,03,retained_complete_paired_base,resource54,NORMAL,NORMAL,F,deliverables/app_resource_constrained_extension_v1/results/inputs.jsonl,line 694; base_states[paired244-devext-09060772f27998b093caaea7],deliverables/app_resource_constrained_extension_v1/results/members.jsonl,line 694
F05b,PAIRED_BASE,03,retained_complete_paired_base,resource54,NORMAL,NORMAL,F,deliverables/app_resource_constrained_extension_v1/results/inputs.jsonl,line 696; base_states[paired244-devext-09060772f27998b093caaea7],deliverables/app_resource_constrained_extension_v1/results/members.jsonl,line 696
F05b,PAIRED_BASE,03,retained_complete_paired_base,resource54,NORMAL,NORMAL,F,deliverables/app_resource_constrained_extension_v1/results/inputs.jsonl,line 697; base_states[paired244-devext-09060772f27998b093caaea7],deliverables/app_resource_constrained_extension_v1/results/members.jsonl,line 697
F05b,PAIRED_BASE,03,retained_complete_paired_base,resource54,NORMAL,NORMAL,F,deliverables/app_resource_constrained_extension_v1/results/inputs.jsonl,line 699; base_states[paired244-devext-09060772f27998b093caaea7],deliverables/app_resource_constrained_extension_v1/results/members.jsonl,line 699
F05b,PAIRED_BASE,03,retained_complete_paired_base,resource54,NORMAL,NORMAL,F,deliverables/app_resource_constrained_extension_v1/results/inputs.jsonl,line 700; base_states[paired244-devext-09060772f27998b093caaea7],deliverables/app_resource_constrained_extension_v1/results/members.jsonl,line 700
F05b,PAIRED_BASE,03,retained_complete_paired_base,resource54,NORMAL,NORMAL,F,deliverables/app_resource_constrained_extension_v1/results/inputs.jsonl,line 702; base_states[paired244-devext-09060772f27998b093caaea7],deliverables/app_resource_constrained_extension_v1/results/members.jsonl,line 702
F05b,PAIRED_BASE,03,retained_complete_paired_base,resource54,NORMAL,NORMAL,F,deliverables/app_resource_constrained_extension_v1/results/inputs.jsonl,line 703; base_states[paired244-devext-09060772f27998b093caaea7],deliverables/app_resource_constrained_extension_v1/results/members.jsonl,line 703
F05b,PAIRED_BASE,03,retained_complete_paired_base,resource54,NORMAL,NORMAL,F,deliverables/app_resource_constrained_extension_v1/results/inputs.jsonl,line 704; base_states[paired244-devext-09060772f27998b093caaea7],deliverables/app_resource_constrained_extension_v1/results/members.jsonl,line 704
F05b,PAIRED_BASE,03,retained_complete_paired_base,resource54,NORMAL,NORMAL,F,deliverables/app_resource_constrained_extension_v1/results/inputs.jsonl,line 705; base_states[paired244-devext-09060772f27998b093caaea7],deliverables/app_resource_constrained_extension_v1/results/members.jsonl,line 705
F05b,PAIRED_BASE,03,retained_complete_paired_base,resource54,NORMAL,NORMAL,F,deliverables/app_resource_constrained_extension_v1/results/inputs.jsonl,line 706; base_states[paired244-devext-09060772f27998b093caaea7],deliverables/app_resource_constrained_extension_v1/results/members.jsonl,line 706
F05b,PAIRED_BASE,03,retained_complete_paired_base,resource54,NORMAL,NORMAL,F,deliverables/app_resource_constrained_extension_v1/results/inputs.jsonl,line 707; base_states[paired244-devext-09060772f27998b093caaea7],deliverables/app_resource_constrained_extension_v1/results/members.jsonl,line 707
F05b,PAIRED_BASE,03,retained_complete_paired_base,resource54,NORMAL,NORMAL,F,deliverables/app_resource_constrained_extension_v1/results/inputs.jsonl,line 708; base_states[paired244-devext-09060772f27998b093caaea7],deliverables/app_resource_constrained_extension_v1/results/members.jsonl,line 708
F05b,PAIRED_BASE,03,retained_complete_paired_base,resource54,NORMAL,NORMAL,F,deliverables/app_resource_constrained_extension_v1/results/inputs.jsonl,line 709; base_states[paired244-devext-09060772f27998b093caaea7],deliverables/app_resource_constrained_extension_v1/results/members.jsonl,line 709
F05b,PAIRED_BASE,03,retained_complete_paired_base,resource54,NORMAL,NORMAL,F,deliverables/app_resource_constrained_extension_v1/results/inputs.jsonl,line 711; base_states[paired244-devext-09060772f27998b093caaea7],deliverables/app_resource_constrained_extension_v1/results/members.jsonl,line 711
F05b,PAIRED_BASE,03,retained_complete_paired_base,resource54,NORMAL,NORMAL,F,deliverables/app_resource_constrained_extension_v1/results/inputs.jsonl,line 712; base_states[paired244-devext-09060772f27998b093caaea7],deliverables/app_resource_constrained_extension_v1/results/members.jsonl,line 712
F05b,PAIRED_BASE,03,retained_complete_paired_base,resource54,NORMAL,NORMAL,F,deliverables/app_resource_constrained_extension_v1/results/inputs.jsonl,line 714; base_states[paired244-devext-09060772f27998b093caaea7],deliverables/app_resource_constrained_extension_v1/results/members.jsonl,line 714
F05b,PAIRED_BASE,03,retained_complete_paired_base,resource54,NORMAL,NORMAL,F,deliverables/app_resource_constrained_extension_v1/results/inputs.jsonl,line 715; base_states[paired244-devext-09060772f27998b093caaea7],deliverables/app_resource_constrained_extension_v1/results/members.jsonl,line 715
F05b,PAIRED_BASE,03,retained_complete_paired_base,resource54,NORMAL,NORMAL,F,deliverables/app_resource_constrained_extension_v1/results/inputs.jsonl,line 717; base_states[paired244-devext-09060772f27998b093caaea7],deliverables/app_resource_constrained_extension_v1/results/members.jsonl,line 717
F05b,PAIRED_BASE,03,retained_complete_paired_base,resource54,NORMAL,NORMAL,F,deliverables/app_resource_constrained_extension_v1/results/inputs.jsonl,line 718; base_states[paired244-devext-09060772f27998b093caaea7],deliverables/app_resource_constrained_extension_v1/results/members.jsonl,line 718
F05b,PAIRED_BASE,03,retained_complete_paired_base,resource54,NORMAL,NORMAL,F,deliverables/app_resource_constrained_extension_v1/results/inputs.jsonl,line 720; base_states[paired244-devext-09060772f27998b093caaea7],deliverables/app_resource_constrained_extension_v1/results/members.jsonl,line 720
F05b,PAIRED_BASE,03,retained_complete_paired_base,resource54,NORMAL,NORMAL,F,deliverables/app_resource_constrained_extension_v1/results/inputs.jsonl,line 721; base_states[paired244-devext-09060772f27998b093caaea7],deliverables/app_resource_constrained_extension_v1/results/members.jsonl,line 721
F05b,PAIRED_BASE,03,retained_complete_paired_base,resource54,NORMAL,NORMAL,F,deliverables/app_resource_constrained_extension_v1/results/inputs.jsonl,line 722; base_states[paired244-devext-09060772f27998b093caaea7],deliverables/app_resource_constrained_extension_v1/results/members.jsonl,line 722
F05b,PAIRED_BASE,03,retained_complete_paired_base,resource54,NORMAL,NORMAL,F,deliverables/app_resource_constrained_extension_v1/results/inputs.jsonl,line 723; base_states[paired244-devext-09060772f27998b093caaea7],deliverables/app_resource_constrained_extension_v1/results/members.jsonl,line 723
F05b,PAIRED_BASE,03,retained_complete_paired_base,resource54,NORMAL,NORMAL,F,deliverables/app_resource_constrained_extension_v1/results/inputs.jsonl,line 724; base_states[paired244-devext-09060772f27998b093caaea7],deliverables/app_resource_constrained_extension_v1/results/members.jsonl,line 724
F05b,PAIRED_BASE,03,retained_complete_paired_base,resource54,NORMAL,NORMAL,F,deliverables/app_resource_constrained_extension_v1/results/inputs.jsonl,line 725; base_states[paired244-devext-09060772f27998b093caaea7],deliverables/app_resource_constrained_extension_v1/results/members.jsonl,line 725
F05b,PAIRED_BASE,03,retained_complete_paired_base,resource54,NORMAL,NORMAL,F,deliverables/app_resource_constrained_extension_v1/results/inputs.jsonl,line 726; base_states[paired244-devext-09060772f27998b093caaea7],deliverables/app_resource_constrained_extension_v1/results/members.jsonl,line 726
F05b,PAIRED_BASE,03,retained_complete_paired_base,resource54,NORMAL,NORMAL,F,deliverables/app_resource_constrained_extension_v1/results/inputs.jsonl,line 727; base_states[paired244-devext-09060772f27998b093caaea7],deliverables/app_resource_constrained_extension_v1/results/members.jsonl,line 727
F05b,PAIRED_BASE,03,retained_complete_paired_base,resource54,NORMAL,NORMAL,F,deliverables/app_resource_constrained_extension_v1/results/inputs.jsonl,line 729; base_states[paired244-devext-09060772f27998b093caaea7],deliverables/app_resource_constrained_extension_v1/results/members.jsonl,line 729
F05b,PAIRED_BASE,03,retained_complete_paired_base,resource54,NORMAL,NORMAL,F,deliverables/app_resource_constrained_extension_v1/results/inputs.jsonl,line 730; base_states[paired244-devext-09060772f27998b093caaea7],deliverables/app_resource_constrained_extension_v1/results/members.jsonl,line 730
F05b,PAIRED_BASE,03,retained_complete_paired_base,resource54,NORMAL,NORMAL,F,deliverables/app_resource_constrained_extension_v1/results/inputs.jsonl,line 732; base_states[paired244-devext-09060772f27998b093caaea7],deliverables/app_resource_constrained_extension_v1/results/members.jsonl,line 732
F05b,PAIRED_BASE,03,retained_complete_paired_base,resource54,NORMAL,NORMAL,F,deliverables/app_resource_constrained_extension_v1/results/inputs.jsonl,line 733; base_states[paired244-devext-09060772f27998b093caaea7],deliverables/app_resource_constrained_extension_v1/results/members.jsonl,line 733
F05b,PAIRED_BASE,03,retained_complete_paired_base,resource54,NORMAL,NORMAL,F,deliverables/app_resource_constrained_extension_v1/results/inputs.jsonl,line 735; base_states[paired244-devext-09060772f27998b093caaea7],deliverables/app_resource_constrained_extension_v1/results/members.jsonl,line 735
F05b,PAIRED_BASE,03,retained_complete_paired_base,resource54,NORMAL,NORMAL,F,deliverables/app_resource_constrained_extension_v1/results/inputs.jsonl,line 736; base_states[paired244-devext-09060772f27998b093caaea7],deliverables/app_resource_constrained_extension_v1/results/members.jsonl,line 736
F05b,PAIRED_BASE,03,retained_complete_paired_base,resource54,NORMAL,NORMAL,F,deliverables/app_resource_constrained_extension_v1/results/inputs.jsonl,line 738; base_states[paired244-devext-09060772f27998b093caaea7],deliverables/app_resource_constrained_extension_v1/results/members.jsonl,line 738
F05b,PAIRED_BASE,03,retained_complete_paired_base,resource54,NORMAL,NORMAL,F,deliverables/app_resource_constrained_extension_v1/results/inputs.jsonl,line 739; base_states[paired244-devext-09060772f27998b093caaea7],deliverables/app_resource_constrained_extension_v1/results/members.jsonl,line 739
F05b,PAIRED_BASE,03,retained_complete_paired_base,resource54,NORMAL,NORMAL,F,deliverables/app_resource_constrained_extension_v1/results/inputs.jsonl,line 740; base_states[paired244-devext-09060772f27998b093caaea7],deliverables/app_resource_constrained_extension_v1/results/members.jsonl,line 740
F05b,PAIRED_BASE,03,retained_complete_paired_base,resource54,NORMAL,NORMAL,F,deliverables/app_resource_constrained_extension_v1/results/inputs.jsonl,line 741; base_states[paired244-devext-09060772f27998b093caaea7],deliverables/app_resource_constrained_extension_v1/results/members.jsonl,line 741
F05b,PAIRED_BASE,03,retained_complete_paired_base,resource54,NORMAL,NORMAL,F,deliverables/app_resource_constrained_extension_v1/results/inputs.jsonl,line 742; base_states[paired244-devext-09060772f27998b093caaea7],deliverables/app_resource_constrained_extension_v1/results/members.jsonl,line 742
F05b,PAIRED_BASE,03,retained_complete_paired_base,resource54,NORMAL,NORMAL,F,deliverables/app_resource_constrained_extension_v1/results/inputs.jsonl,line 743; base_states[paired244-devext-09060772f27998b093caaea7],deliverables/app_resource_constrained_extension_v1/results/members.jsonl,line 743
F05b,PAIRED_BASE,03,retained_complete_paired_base,resource54,NORMAL,NORMAL,F,deliverables/app_resource_constrained_extension_v1/results/inputs.jsonl,line 744; base_states[paired244-devext-09060772f27998b093caaea7],deliverables/app_resource_constrained_extension_v1/results/members.jsonl,line 744
F05b,M,fixed,fixed_resource_condition,resource54,EFFECTIVE_INTERVENTION,App_resource16_48,F,deliverables/app_resource_constrained_extension_v1/results/inputs.jsonl,line 692; conditions[M],deliverables/app_resource_constrained_extension_v1/results/members.jsonl,line 692
F05b,M,fixed,fixed_resource_condition,resource54,EFFECTIVE_INTERVENTION,App_resource16_48,F,deliverables/app_resource_constrained_extension_v1/results/inputs.jsonl,line 710; conditions[M],deliverables/app_resource_constrained_extension_v1/results/members.jsonl,line 710
F05b,M,fixed,fixed_resource_condition,resource54,EFFECTIVE_INTERVENTION,App_resource16_48,F,deliverables/app_resource_constrained_extension_v1/results/inputs.jsonl,line 728; conditions[M],deliverables/app_resource_constrained_extension_v1/results/members.jsonl,line 728
F05b,M,fixed,fixed_resource_condition,resource54,EFFECTIVE_INTERVENTION,App_memory4,F,deliverables/app_resource_constrained_extension_v1/results/inputs.jsonl,line 695; conditions[M],deliverables/app_resource_constrained_extension_v1/results/members.jsonl,line 695
F05b,M,fixed,fixed_resource_condition,resource54,EFFECTIVE_INTERVENTION,App_memory4,F,deliverables/app_resource_constrained_extension_v1/results/inputs.jsonl,line 713; conditions[M],deliverables/app_resource_constrained_extension_v1/results/members.jsonl,line 713
F05b,M,fixed,fixed_resource_condition,resource54,EFFECTIVE_INTERVENTION,App_memory4,F,deliverables/app_resource_constrained_extension_v1/results/inputs.jsonl,line 731; conditions[M],deliverables/app_resource_constrained_extension_v1/results/members.jsonl,line 731
F05b,M,fixed,fixed_resource_condition,resource54,EFFECTIVE_INTERVENTION,Browser_resource16_48,T,deliverables/app_resource_constrained_extension_v1/results/inputs.jsonl,line 698; conditions[M],deliverables/app_resource_constrained_extension_v1/results/members.jsonl,line 698
F05b,M,fixed,fixed_resource_condition,resource54,EFFECTIVE_INTERVENTION,Browser_resource16_48,T,deliverables/app_resource_constrained_extension_v1/results/inputs.jsonl,line 716; conditions[M],deliverables/app_resource_constrained_extension_v1/results/members.jsonl,line 716
F05b,M,fixed,fixed_resource_condition,resource54,EFFECTIVE_INTERVENTION,Browser_resource16_48,T,deliverables/app_resource_constrained_extension_v1/results/inputs.jsonl,line 734; conditions[M],deliverables/app_resource_constrained_extension_v1/results/members.jsonl,line 734
F05b,M,fixed,fixed_resource_condition,resource54,EFFECTIVE_INTERVENTION,Browser_memory4,T,deliverables/app_resource_constrained_extension_v1/results/inputs.jsonl,line 701; conditions[M],deliverables/app_resource_constrained_extension_v1/results/members.jsonl,line 701
F05b,M,fixed,fixed_resource_condition,resource54,EFFECTIVE_INTERVENTION,Browser_memory4,T,deliverables/app_resource_constrained_extension_v1/results/inputs.jsonl,line 719; conditions[M],deliverables/app_resource_constrained_extension_v1/results/members.jsonl,line 719
F05b,M,fixed,fixed_resource_condition,resource54,EFFECTIVE_INTERVENTION,Browser_memory4,T,deliverables/app_resource_constrained_extension_v1/results/inputs.jsonl,line 737; conditions[M],deliverables/app_resource_constrained_extension_v1/results/members.jsonl,line 737
F05b,M,fixed,fixed_resource_condition,resource54,NORMAL,NORMAL,F,deliverables/app_resource_constrained_extension_v1/results/inputs.jsonl,line 691; conditions[M],deliverables/app_resource_constrained_extension_v1/results/members.jsonl,line 691
F05b,M,fixed,fixed_resource_condition,resource54,NORMAL,NORMAL,F,deliverables/app_resource_constrained_extension_v1/results/inputs.jsonl,line 693; conditions[M],deliverables/app_resource_constrained_extension_v1/results/members.jsonl,line 693
F05b,M,fixed,fixed_resource_condition,resource54,NORMAL,NORMAL,F,deliverables/app_resource_constrained_extension_v1/results/inputs.jsonl,line 694; conditions[M],deliverables/app_resource_constrained_extension_v1/results/members.jsonl,line 694
F05b,M,fixed,fixed_resource_condition,resource54,NORMAL,NORMAL,F,deliverables/app_resource_constrained_extension_v1/results/inputs.jsonl,line 696; conditions[M],deliverables/app_resource_constrained_extension_v1/results/members.jsonl,line 696
F05b,M,fixed,fixed_resource_condition,resource54,NORMAL,NORMAL,F,deliverables/app_resource_constrained_extension_v1/results/inputs.jsonl,line 697; conditions[M],deliverables/app_resource_constrained_extension_v1/results/members.jsonl,line 697
F05b,M,fixed,fixed_resource_condition,resource54,NORMAL,NORMAL,F,deliverables/app_resource_constrained_extension_v1/results/inputs.jsonl,line 699; conditions[M],deliverables/app_resource_constrained_extension_v1/results/members.jsonl,line 699
F05b,M,fixed,fixed_resource_condition,resource54,NORMAL,NORMAL,F,deliverables/app_resource_constrained_extension_v1/results/inputs.jsonl,line 700; conditions[M],deliverables/app_resource_constrained_extension_v1/results/members.jsonl,line 700
F05b,M,fixed,fixed_resource_condition,resource54,NORMAL,NORMAL,F,deliverables/app_resource_constrained_extension_v1/results/inputs.jsonl,line 702; conditions[M],deliverables/app_resource_constrained_extension_v1/results/members.jsonl,line 702
F05b,M,fixed,fixed_resource_condition,resource54,NORMAL,NORMAL,F,deliverables/app_resource_constrained_extension_v1/results/inputs.jsonl,line 703; conditions[M],deliverables/app_resource_constrained_extension_v1/results/members.jsonl,line 703
F05b,M,fixed,fixed_resource_condition,resource54,NORMAL,NORMAL,F,deliverables/app_resource_constrained_extension_v1/results/inputs.jsonl,line 704; conditions[M],deliverables/app_resource_constrained_extension_v1/results/members.jsonl,line 704
F05b,M,fixed,fixed_resource_condition,resource54,NORMAL,NORMAL,F,deliverables/app_resource_constrained_extension_v1/results/inputs.jsonl,line 705; conditions[M],deliverables/app_resource_constrained_extension_v1/results/members.jsonl,line 705
F05b,M,fixed,fixed_resource_condition,resource54,NORMAL,NORMAL,F,deliverables/app_resource_constrained_extension_v1/results/inputs.jsonl,line 706; conditions[M],deliverables/app_resource_constrained_extension_v1/results/members.jsonl,line 706
F05b,M,fixed,fixed_resource_condition,resource54,NORMAL,NORMAL,F,deliverables/app_resource_constrained_extension_v1/results/inputs.jsonl,line 707; conditions[M],deliverables/app_resource_constrained_extension_v1/results/members.jsonl,line 707
F05b,M,fixed,fixed_resource_condition,resource54,NORMAL,NORMAL,F,deliverables/app_resource_constrained_extension_v1/results/inputs.jsonl,line 708; conditions[M],deliverables/app_resource_constrained_extension_v1/results/members.jsonl,line 708
F05b,M,fixed,fixed_resource_condition,resource54,NORMAL,NORMAL,F,deliverables/app_resource_constrained_extension_v1/results/inputs.jsonl,line 709; conditions[M],deliverables/app_resource_constrained_extension_v1/results/members.jsonl,line 709
F05b,M,fixed,fixed_resource_condition,resource54,NORMAL,NORMAL,F,deliverables/app_resource_constrained_extension_v1/results/inputs.jsonl,line 711; conditions[M],deliverables/app_resource_constrained_extension_v1/results/members.jsonl,line 711
F05b,M,fixed,fixed_resource_condition,resource54,NORMAL,NORMAL,F,deliverables/app_resource_constrained_extension_v1/results/inputs.jsonl,line 712; conditions[M],deliverables/app_resource_constrained_extension_v1/results/members.jsonl,line 712
F05b,M,fixed,fixed_resource_condition,resource54,NORMAL,NORMAL,F,deliverables/app_resource_constrained_extension_v1/results/inputs.jsonl,line 714; conditions[M],deliverables/app_resource_constrained_extension_v1/results/members.jsonl,line 714
F05b,M,fixed,fixed_resource_condition,resource54,NORMAL,NORMAL,F,deliverables/app_resource_constrained_extension_v1/results/inputs.jsonl,line 715; conditions[M],deliverables/app_resource_constrained_extension_v1/results/members.jsonl,line 715
F05b,M,fixed,fixed_resource_condition,resource54,NORMAL,NORMAL,F,deliverables/app_resource_constrained_extension_v1/results/inputs.jsonl,line 717; conditions[M],deliverables/app_resource_constrained_extension_v1/results/members.jsonl,line 717
F05b,M,fixed,fixed_resource_condition,resource54,NORMAL,NORMAL,F,deliverables/app_resource_constrained_extension_v1/results/inputs.jsonl,line 718; conditions[M],deliverables/app_resource_constrained_extension_v1/results/members.jsonl,line 718
F05b,M,fixed,fixed_resource_condition,resource54,NORMAL,NORMAL,F,deliverables/app_resource_constrained_extension_v1/results/inputs.jsonl,line 720; conditions[M],deliverables/app_resource_constrained_extension_v1/results/members.jsonl,line 720
F05b,M,fixed,fixed_resource_condition,resource54,NORMAL,NORMAL,F,deliverables/app_resource_constrained_extension_v1/results/inputs.jsonl,line 721; conditions[M],deliverables/app_resource_constrained_extension_v1/results/members.jsonl,line 721
F05b,M,fixed,fixed_resource_condition,resource54,NORMAL,NORMAL,F,deliverables/app_resource_constrained_extension_v1/results/inputs.jsonl,line 722; conditions[M],deliverables/app_resource_constrained_extension_v1/results/members.jsonl,line 722
F05b,M,fixed,fixed_resource_condition,resource54,NORMAL,NORMAL,F,deliverables/app_resource_constrained_extension_v1/results/inputs.jsonl,line 723; conditions[M],deliverables/app_resource_constrained_extension_v1/results/members.jsonl,line 723
F05b,M,fixed,fixed_resource_condition,resource54,NORMAL,NORMAL,F,deliverables/app_resource_constrained_extension_v1/results/inputs.jsonl,line 724; conditions[M],deliverables/app_resource_constrained_extension_v1/results/members.jsonl,line 724
F05b,M,fixed,fixed_resource_condition,resource54,NORMAL,NORMAL,F,deliverables/app_resource_constrained_extension_v1/results/inputs.jsonl,line 725; conditions[M],deliverables/app_resource_constrained_extension_v1/results/members.jsonl,line 725
F05b,M,fixed,fixed_resource_condition,resource54,NORMAL,NORMAL,F,deliverables/app_resource_constrained_extension_v1/results/inputs.jsonl,line 726; conditions[M],deliverables/app_resource_constrained_extension_v1/results/members.jsonl,line 726
F05b,M,fixed,fixed_resource_condition,resource54,NORMAL,NORMAL,F,deliverables/app_resource_constrained_extension_v1/results/inputs.jsonl,line 727; conditions[M],deliverables/app_resource_constrained_extension_v1/results/members.jsonl,line 727
F05b,M,fixed,fixed_resource_condition,resource54,NORMAL,NORMAL,F,deliverables/app_resource_constrained_extension_v1/results/inputs.jsonl,line 729; conditions[M],deliverables/app_resource_constrained_extension_v1/results/members.jsonl,line 729
F05b,M,fixed,fixed_resource_condition,resource54,NORMAL,NORMAL,F,deliverables/app_resource_constrained_extension_v1/results/inputs.jsonl,line 730; conditions[M],deliverables/app_resource_constrained_extension_v1/results/members.jsonl,line 730
F05b,M,fixed,fixed_resource_condition,resource54,NORMAL,NORMAL,F,deliverables/app_resource_constrained_extension_v1/results/inputs.jsonl,line 732; conditions[M],deliverables/app_resource_constrained_extension_v1/results/members.jsonl,line 732
F05b,M,fixed,fixed_resource_condition,resource54,NORMAL,NORMAL,F,deliverables/app_resource_constrained_extension_v1/results/inputs.jsonl,line 733; conditions[M],deliverables/app_resource_constrained_extension_v1/results/members.jsonl,line 733
F05b,M,fixed,fixed_resource_condition,resource54,NORMAL,NORMAL,F,deliverables/app_resource_constrained_extension_v1/results/inputs.jsonl,line 735; conditions[M],deliverables/app_resource_constrained_extension_v1/results/members.jsonl,line 735
F05b,M,fixed,fixed_resource_condition,resource54,NORMAL,NORMAL,F,deliverables/app_resource_constrained_extension_v1/results/inputs.jsonl,line 736; conditions[M],deliverables/app_resource_constrained_extension_v1/results/members.jsonl,line 736
F05b,M,fixed,fixed_resource_condition,resource54,NORMAL,NORMAL,F,deliverables/app_resource_constrained_extension_v1/results/inputs.jsonl,line 738; conditions[M],deliverables/app_resource_constrained_extension_v1/results/members.jsonl,line 738
F05b,M,fixed,fixed_resource_condition,resource54,NORMAL,NORMAL,F,deliverables/app_resource_constrained_extension_v1/results/inputs.jsonl,line 739; conditions[M],deliverables/app_resource_constrained_extension_v1/results/members.jsonl,line 739
F05b,M,fixed,fixed_resource_condition,resource54,NORMAL,NORMAL,F,deliverables/app_resource_constrained_extension_v1/results/inputs.jsonl,line 740; conditions[M],deliverables/app_resource_constrained_extension_v1/results/members.jsonl,line 740
F05b,M,fixed,fixed_resource_condition,resource54,NORMAL,NORMAL,F,deliverables/app_resource_constrained_extension_v1/results/inputs.jsonl,line 741; conditions[M],deliverables/app_resource_constrained_extension_v1/results/members.jsonl,line 741
F05b,M,fixed,fixed_resource_condition,resource54,NORMAL,NORMAL,F,deliverables/app_resource_constrained_extension_v1/results/inputs.jsonl,line 742; conditions[M],deliverables/app_resource_constrained_extension_v1/results/members.jsonl,line 742
F05b,M,fixed,fixed_resource_condition,resource54,NORMAL,NORMAL,F,deliverables/app_resource_constrained_extension_v1/results/inputs.jsonl,line 743; conditions[M],deliverables/app_resource_constrained_extension_v1/results/members.jsonl,line 743
F05b,M,fixed,fixed_resource_condition,resource54,NORMAL,NORMAL,F,deliverables/app_resource_constrained_extension_v1/results/inputs.jsonl,line 744; conditions[M],deliverables/app_resource_constrained_extension_v1/results/members.jsonl,line 744
F05b,B,fixed,fixed_resource_condition,resource54,EFFECTIVE_INTERVENTION,App_resource16_48,F,deliverables/app_resource_constrained_extension_v1/results/inputs.jsonl,line 692; conditions[B],deliverables/app_resource_constrained_extension_v1/results/members.jsonl,line 692
F05b,B,fixed,fixed_resource_condition,resource54,EFFECTIVE_INTERVENTION,App_resource16_48,F,deliverables/app_resource_constrained_extension_v1/results/inputs.jsonl,line 710; conditions[B],deliverables/app_resource_constrained_extension_v1/results/members.jsonl,line 710
F05b,B,fixed,fixed_resource_condition,resource54,EFFECTIVE_INTERVENTION,App_resource16_48,F,deliverables/app_resource_constrained_extension_v1/results/inputs.jsonl,line 728; conditions[B],deliverables/app_resource_constrained_extension_v1/results/members.jsonl,line 728
F05b,B,fixed,fixed_resource_condition,resource54,EFFECTIVE_INTERVENTION,App_memory4,F,deliverables/app_resource_constrained_extension_v1/results/inputs.jsonl,line 695; conditions[B],deliverables/app_resource_constrained_extension_v1/results/members.jsonl,line 695
F05b,B,fixed,fixed_resource_condition,resource54,EFFECTIVE_INTERVENTION,App_memory4,F,deliverables/app_resource_constrained_extension_v1/results/inputs.jsonl,line 713; conditions[B],deliverables/app_resource_constrained_extension_v1/results/members.jsonl,line 713
F05b,B,fixed,fixed_resource_condition,resource54,EFFECTIVE_INTERVENTION,App_memory4,F,deliverables/app_resource_constrained_extension_v1/results/inputs.jsonl,line 731; conditions[B],deliverables/app_resource_constrained_extension_v1/results/members.jsonl,line 731
F05b,B,fixed,fixed_resource_condition,resource54,EFFECTIVE_INTERVENTION,Browser_resource16_48,T,deliverables/app_resource_constrained_extension_v1/results/inputs.jsonl,line 698; conditions[B],deliverables/app_resource_constrained_extension_v1/results/members.jsonl,line 698
F05b,B,fixed,fixed_resource_condition,resource54,EFFECTIVE_INTERVENTION,Browser_resource16_48,T,deliverables/app_resource_constrained_extension_v1/results/inputs.jsonl,line 716; conditions[B],deliverables/app_resource_constrained_extension_v1/results/members.jsonl,line 716
F05b,B,fixed,fixed_resource_condition,resource54,EFFECTIVE_INTERVENTION,Browser_resource16_48,T,deliverables/app_resource_constrained_extension_v1/results/inputs.jsonl,line 734; conditions[B],deliverables/app_resource_constrained_extension_v1/results/members.jsonl,line 734
F05b,B,fixed,fixed_resource_condition,resource54,EFFECTIVE_INTERVENTION,Browser_memory4,F,deliverables/app_resource_constrained_extension_v1/results/inputs.jsonl,line 701; conditions[B],deliverables/app_resource_constrained_extension_v1/results/members.jsonl,line 701
F05b,B,fixed,fixed_resource_condition,resource54,EFFECTIVE_INTERVENTION,Browser_memory4,F,deliverables/app_resource_constrained_extension_v1/results/inputs.jsonl,line 719; conditions[B],deliverables/app_resource_constrained_extension_v1/results/members.jsonl,line 719
F05b,B,fixed,fixed_resource_condition,resource54,EFFECTIVE_INTERVENTION,Browser_memory4,F,deliverables/app_resource_constrained_extension_v1/results/inputs.jsonl,line 737; conditions[B],deliverables/app_resource_constrained_extension_v1/results/members.jsonl,line 737
F05b,B,fixed,fixed_resource_condition,resource54,NORMAL,NORMAL,F,deliverables/app_resource_constrained_extension_v1/results/inputs.jsonl,line 691; conditions[B],deliverables/app_resource_constrained_extension_v1/results/members.jsonl,line 691
F05b,B,fixed,fixed_resource_condition,resource54,NORMAL,NORMAL,F,deliverables/app_resource_constrained_extension_v1/results/inputs.jsonl,line 693; conditions[B],deliverables/app_resource_constrained_extension_v1/results/members.jsonl,line 693
F05b,B,fixed,fixed_resource_condition,resource54,NORMAL,NORMAL,F,deliverables/app_resource_constrained_extension_v1/results/inputs.jsonl,line 694; conditions[B],deliverables/app_resource_constrained_extension_v1/results/members.jsonl,line 694
F05b,B,fixed,fixed_resource_condition,resource54,NORMAL,NORMAL,F,deliverables/app_resource_constrained_extension_v1/results/inputs.jsonl,line 696; conditions[B],deliverables/app_resource_constrained_extension_v1/results/members.jsonl,line 696
F05b,B,fixed,fixed_resource_condition,resource54,NORMAL,NORMAL,F,deliverables/app_resource_constrained_extension_v1/results/inputs.jsonl,line 697; conditions[B],deliverables/app_resource_constrained_extension_v1/results/members.jsonl,line 697
F05b,B,fixed,fixed_resource_condition,resource54,NORMAL,NORMAL,F,deliverables/app_resource_constrained_extension_v1/results/inputs.jsonl,line 699; conditions[B],deliverables/app_resource_constrained_extension_v1/results/members.jsonl,line 699
F05b,B,fixed,fixed_resource_condition,resource54,NORMAL,NORMAL,F,deliverables/app_resource_constrained_extension_v1/results/inputs.jsonl,line 700; conditions[B],deliverables/app_resource_constrained_extension_v1/results/members.jsonl,line 700
F05b,B,fixed,fixed_resource_condition,resource54,NORMAL,NORMAL,F,deliverables/app_resource_constrained_extension_v1/results/inputs.jsonl,line 702; conditions[B],deliverables/app_resource_constrained_extension_v1/results/members.jsonl,line 702
F05b,B,fixed,fixed_resource_condition,resource54,NORMAL,NORMAL,F,deliverables/app_resource_constrained_extension_v1/results/inputs.jsonl,line 703; conditions[B],deliverables/app_resource_constrained_extension_v1/results/members.jsonl,line 703
F05b,B,fixed,fixed_resource_condition,resource54,NORMAL,NORMAL,F,deliverables/app_resource_constrained_extension_v1/results/inputs.jsonl,line 704; conditions[B],deliverables/app_resource_constrained_extension_v1/results/members.jsonl,line 704
F05b,B,fixed,fixed_resource_condition,resource54,NORMAL,NORMAL,F,deliverables/app_resource_constrained_extension_v1/results/inputs.jsonl,line 705; conditions[B],deliverables/app_resource_constrained_extension_v1/results/members.jsonl,line 705
F05b,B,fixed,fixed_resource_condition,resource54,NORMAL,NORMAL,F,deliverables/app_resource_constrained_extension_v1/results/inputs.jsonl,line 706; conditions[B],deliverables/app_resource_constrained_extension_v1/results/members.jsonl,line 706
F05b,B,fixed,fixed_resource_condition,resource54,NORMAL,NORMAL,F,deliverables/app_resource_constrained_extension_v1/results/inputs.jsonl,line 707; conditions[B],deliverables/app_resource_constrained_extension_v1/results/members.jsonl,line 707
F05b,B,fixed,fixed_resource_condition,resource54,NORMAL,NORMAL,F,deliverables/app_resource_constrained_extension_v1/results/inputs.jsonl,line 708; conditions[B],deliverables/app_resource_constrained_extension_v1/results/members.jsonl,line 708
F05b,B,fixed,fixed_resource_condition,resource54,NORMAL,NORMAL,F,deliverables/app_resource_constrained_extension_v1/results/inputs.jsonl,line 709; conditions[B],deliverables/app_resource_constrained_extension_v1/results/members.jsonl,line 709
F05b,B,fixed,fixed_resource_condition,resource54,NORMAL,NORMAL,F,deliverables/app_resource_constrained_extension_v1/results/inputs.jsonl,line 711; conditions[B],deliverables/app_resource_constrained_extension_v1/results/members.jsonl,line 711
F05b,B,fixed,fixed_resource_condition,resource54,NORMAL,NORMAL,F,deliverables/app_resource_constrained_extension_v1/results/inputs.jsonl,line 712; conditions[B],deliverables/app_resource_constrained_extension_v1/results/members.jsonl,line 712
F05b,B,fixed,fixed_resource_condition,resource54,NORMAL,NORMAL,F,deliverables/app_resource_constrained_extension_v1/results/inputs.jsonl,line 714; conditions[B],deliverables/app_resource_constrained_extension_v1/results/members.jsonl,line 714
F05b,B,fixed,fixed_resource_condition,resource54,NORMAL,NORMAL,F,deliverables/app_resource_constrained_extension_v1/results/inputs.jsonl,line 715; conditions[B],deliverables/app_resource_constrained_extension_v1/results/members.jsonl,line 715
F05b,B,fixed,fixed_resource_condition,resource54,NORMAL,NORMAL,F,deliverables/app_resource_constrained_extension_v1/results/inputs.jsonl,line 717; conditions[B],deliverables/app_resource_constrained_extension_v1/results/members.jsonl,line 717
F05b,B,fixed,fixed_resource_condition,resource54,NORMAL,NORMAL,F,deliverables/app_resource_constrained_extension_v1/results/inputs.jsonl,line 718; conditions[B],deliverables/app_resource_constrained_extension_v1/results/members.jsonl,line 718
F05b,B,fixed,fixed_resource_condition,resource54,NORMAL,NORMAL,F,deliverables/app_resource_constrained_extension_v1/results/inputs.jsonl,line 720; conditions[B],deliverables/app_resource_constrained_extension_v1/results/members.jsonl,line 720
F05b,B,fixed,fixed_resource_condition,resource54,NORMAL,NORMAL,F,deliverables/app_resource_constrained_extension_v1/results/inputs.jsonl,line 721; conditions[B],deliverables/app_resource_constrained_extension_v1/results/members.jsonl,line 721
F05b,B,fixed,fixed_resource_condition,resource54,NORMAL,NORMAL,F,deliverables/app_resource_constrained_extension_v1/results/inputs.jsonl,line 722; conditions[B],deliverables/app_resource_constrained_extension_v1/results/members.jsonl,line 722
F05b,B,fixed,fixed_resource_condition,resource54,NORMAL,NORMAL,F,deliverables/app_resource_constrained_extension_v1/results/inputs.jsonl,line 723; conditions[B],deliverables/app_resource_constrained_extension_v1/results/members.jsonl,line 723
F05b,B,fixed,fixed_resource_condition,resource54,NORMAL,NORMAL,F,deliverables/app_resource_constrained_extension_v1/results/inputs.jsonl,line 724; conditions[B],deliverables/app_resource_constrained_extension_v1/results/members.jsonl,line 724
F05b,B,fixed,fixed_resource_condition,resource54,NORMAL,NORMAL,F,deliverables/app_resource_constrained_extension_v1/results/inputs.jsonl,line 725; conditions[B],deliverables/app_resource_constrained_extension_v1/results/members.jsonl,line 725
F05b,B,fixed,fixed_resource_condition,resource54,NORMAL,NORMAL,F,deliverables/app_resource_constrained_extension_v1/results/inputs.jsonl,line 726; conditions[B],deliverables/app_resource_constrained_extension_v1/results/members.jsonl,line 726
F05b,B,fixed,fixed_resource_condition,resource54,NORMAL,NORMAL,F,deliverables/app_resource_constrained_extension_v1/results/inputs.jsonl,line 727; conditions[B],deliverables/app_resource_constrained_extension_v1/results/members.jsonl,line 727
F05b,B,fixed,fixed_resource_condition,resource54,NORMAL,NORMAL,F,deliverables/app_resource_constrained_extension_v1/results/inputs.jsonl,line 729; conditions[B],deliverables/app_resource_constrained_extension_v1/results/members.jsonl,line 729
F05b,B,fixed,fixed_resource_condition,resource54,NORMAL,NORMAL,F,deliverables/app_resource_constrained_extension_v1/results/inputs.jsonl,line 730; conditions[B],deliverables/app_resource_constrained_extension_v1/results/members.jsonl,line 730
F05b,B,fixed,fixed_resource_condition,resource54,NORMAL,NORMAL,F,deliverables/app_resource_constrained_extension_v1/results/inputs.jsonl,line 732; conditions[B],deliverables/app_resource_constrained_extension_v1/results/members.jsonl,line 732
F05b,B,fixed,fixed_resource_condition,resource54,NORMAL,NORMAL,F,deliverables/app_resource_constrained_extension_v1/results/inputs.jsonl,line 733; conditions[B],deliverables/app_resource_constrained_extension_v1/results/members.jsonl,line 733
F05b,B,fixed,fixed_resource_condition,resource54,NORMAL,NORMAL,F,deliverables/app_resource_constrained_extension_v1/results/inputs.jsonl,line 735; conditions[B],deliverables/app_resource_constrained_extension_v1/results/members.jsonl,line 735
F05b,B,fixed,fixed_resource_condition,resource54,NORMAL,NORMAL,F,deliverables/app_resource_constrained_extension_v1/results/inputs.jsonl,line 736; conditions[B],deliverables/app_resource_constrained_extension_v1/results/members.jsonl,line 736
F05b,B,fixed,fixed_resource_condition,resource54,NORMAL,NORMAL,F,deliverables/app_resource_constrained_extension_v1/results/inputs.jsonl,line 738; conditions[B],deliverables/app_resource_constrained_extension_v1/results/members.jsonl,line 738
F05b,B,fixed,fixed_resource_condition,resource54,NORMAL,NORMAL,F,deliverables/app_resource_constrained_extension_v1/results/inputs.jsonl,line 739; conditions[B],deliverables/app_resource_constrained_extension_v1/results/members.jsonl,line 739
F05b,B,fixed,fixed_resource_condition,resource54,NORMAL,NORMAL,F,deliverables/app_resource_constrained_extension_v1/results/inputs.jsonl,line 740; conditions[B],deliverables/app_resource_constrained_extension_v1/results/members.jsonl,line 740
F05b,B,fixed,fixed_resource_condition,resource54,NORMAL,NORMAL,F,deliverables/app_resource_constrained_extension_v1/results/inputs.jsonl,line 741; conditions[B],deliverables/app_resource_constrained_extension_v1/results/members.jsonl,line 741
F05b,B,fixed,fixed_resource_condition,resource54,NORMAL,NORMAL,F,deliverables/app_resource_constrained_extension_v1/results/inputs.jsonl,line 742; conditions[B],deliverables/app_resource_constrained_extension_v1/results/members.jsonl,line 742
F05b,B,fixed,fixed_resource_condition,resource54,NORMAL,NORMAL,F,deliverables/app_resource_constrained_extension_v1/results/inputs.jsonl,line 743; conditions[B],deliverables/app_resource_constrained_extension_v1/results/members.jsonl,line 743
F05b,B,fixed,fixed_resource_condition,resource54,NORMAL,NORMAL,F,deliverables/app_resource_constrained_extension_v1/results/inputs.jsonl,line 744; conditions[B],deliverables/app_resource_constrained_extension_v1/results/members.jsonl,line 744
F05b,W,fixed,fixed_resource_condition,resource54,EFFECTIVE_INTERVENTION,App_resource16_48,T,deliverables/app_resource_constrained_extension_v1/results/inputs.jsonl,line 692; conditions[W],deliverables/app_resource_constrained_extension_v1/results/members.jsonl,line 692
F05b,W,fixed,fixed_resource_condition,resource54,EFFECTIVE_INTERVENTION,App_resource16_48,T,deliverables/app_resource_constrained_extension_v1/results/inputs.jsonl,line 710; conditions[W],deliverables/app_resource_constrained_extension_v1/results/members.jsonl,line 710
F05b,W,fixed,fixed_resource_condition,resource54,EFFECTIVE_INTERVENTION,App_resource16_48,T,deliverables/app_resource_constrained_extension_v1/results/inputs.jsonl,line 728; conditions[W],deliverables/app_resource_constrained_extension_v1/results/members.jsonl,line 728
F05b,W,fixed,fixed_resource_condition,resource54,EFFECTIVE_INTERVENTION,App_memory4,T,deliverables/app_resource_constrained_extension_v1/results/inputs.jsonl,line 695; conditions[W],deliverables/app_resource_constrained_extension_v1/results/members.jsonl,line 695
F05b,W,fixed,fixed_resource_condition,resource54,EFFECTIVE_INTERVENTION,App_memory4,T,deliverables/app_resource_constrained_extension_v1/results/inputs.jsonl,line 713; conditions[W],deliverables/app_resource_constrained_extension_v1/results/members.jsonl,line 713
F05b,W,fixed,fixed_resource_condition,resource54,EFFECTIVE_INTERVENTION,App_memory4,T,deliverables/app_resource_constrained_extension_v1/results/inputs.jsonl,line 731; conditions[W],deliverables/app_resource_constrained_extension_v1/results/members.jsonl,line 731
F05b,W,fixed,fixed_resource_condition,resource54,EFFECTIVE_INTERVENTION,Browser_resource16_48,T,deliverables/app_resource_constrained_extension_v1/results/inputs.jsonl,line 698; conditions[W],deliverables/app_resource_constrained_extension_v1/results/members.jsonl,line 698
F05b,W,fixed,fixed_resource_condition,resource54,EFFECTIVE_INTERVENTION,Browser_resource16_48,T,deliverables/app_resource_constrained_extension_v1/results/inputs.jsonl,line 716; conditions[W],deliverables/app_resource_constrained_extension_v1/results/members.jsonl,line 716
F05b,W,fixed,fixed_resource_condition,resource54,EFFECTIVE_INTERVENTION,Browser_resource16_48,T,deliverables/app_resource_constrained_extension_v1/results/inputs.jsonl,line 734; conditions[W],deliverables/app_resource_constrained_extension_v1/results/members.jsonl,line 734
F05b,W,fixed,fixed_resource_condition,resource54,EFFECTIVE_INTERVENTION,Browser_memory4,T,deliverables/app_resource_constrained_extension_v1/results/inputs.jsonl,line 701; conditions[W],deliverables/app_resource_constrained_extension_v1/results/members.jsonl,line 701
F05b,W,fixed,fixed_resource_condition,resource54,EFFECTIVE_INTERVENTION,Browser_memory4,T,deliverables/app_resource_constrained_extension_v1/results/inputs.jsonl,line 719; conditions[W],deliverables/app_resource_constrained_extension_v1/results/members.jsonl,line 719
F05b,W,fixed,fixed_resource_condition,resource54,EFFECTIVE_INTERVENTION,Browser_memory4,T,deliverables/app_resource_constrained_extension_v1/results/inputs.jsonl,line 737; conditions[W],deliverables/app_resource_constrained_extension_v1/results/members.jsonl,line 737
F05b,W,fixed,fixed_resource_condition,resource54,NORMAL,NORMAL,F,deliverables/app_resource_constrained_extension_v1/results/inputs.jsonl,line 691; conditions[W],deliverables/app_resource_constrained_extension_v1/results/members.jsonl,line 691
F05b,W,fixed,fixed_resource_condition,resource54,NORMAL,NORMAL,F,deliverables/app_resource_constrained_extension_v1/results/inputs.jsonl,line 693; conditions[W],deliverables/app_resource_constrained_extension_v1/results/members.jsonl,line 693
F05b,W,fixed,fixed_resource_condition,resource54,NORMAL,NORMAL,F,deliverables/app_resource_constrained_extension_v1/results/inputs.jsonl,line 694; conditions[W],deliverables/app_resource_constrained_extension_v1/results/members.jsonl,line 694
F05b,W,fixed,fixed_resource_condition,resource54,NORMAL,NORMAL,F,deliverables/app_resource_constrained_extension_v1/results/inputs.jsonl,line 696; conditions[W],deliverables/app_resource_constrained_extension_v1/results/members.jsonl,line 696
F05b,W,fixed,fixed_resource_condition,resource54,NORMAL,NORMAL,F,deliverables/app_resource_constrained_extension_v1/results/inputs.jsonl,line 697; conditions[W],deliverables/app_resource_constrained_extension_v1/results/members.jsonl,line 697
F05b,W,fixed,fixed_resource_condition,resource54,NORMAL,NORMAL,F,deliverables/app_resource_constrained_extension_v1/results/inputs.jsonl,line 699; conditions[W],deliverables/app_resource_constrained_extension_v1/results/members.jsonl,line 699
F05b,W,fixed,fixed_resource_condition,resource54,NORMAL,NORMAL,F,deliverables/app_resource_constrained_extension_v1/results/inputs.jsonl,line 700; conditions[W],deliverables/app_resource_constrained_extension_v1/results/members.jsonl,line 700
F05b,W,fixed,fixed_resource_condition,resource54,NORMAL,NORMAL,F,deliverables/app_resource_constrained_extension_v1/results/inputs.jsonl,line 702; conditions[W],deliverables/app_resource_constrained_extension_v1/results/members.jsonl,line 702
F05b,W,fixed,fixed_resource_condition,resource54,NORMAL,NORMAL,F,deliverables/app_resource_constrained_extension_v1/results/inputs.jsonl,line 703; conditions[W],deliverables/app_resource_constrained_extension_v1/results/members.jsonl,line 703
F05b,W,fixed,fixed_resource_condition,resource54,NORMAL,NORMAL,F,deliverables/app_resource_constrained_extension_v1/results/inputs.jsonl,line 704; conditions[W],deliverables/app_resource_constrained_extension_v1/results/members.jsonl,line 704
F05b,W,fixed,fixed_resource_condition,resource54,NORMAL,NORMAL,F,deliverables/app_resource_constrained_extension_v1/results/inputs.jsonl,line 705; conditions[W],deliverables/app_resource_constrained_extension_v1/results/members.jsonl,line 705
F05b,W,fixed,fixed_resource_condition,resource54,NORMAL,NORMAL,F,deliverables/app_resource_constrained_extension_v1/results/inputs.jsonl,line 706; conditions[W],deliverables/app_resource_constrained_extension_v1/results/members.jsonl,line 706
F05b,W,fixed,fixed_resource_condition,resource54,NORMAL,NORMAL,F,deliverables/app_resource_constrained_extension_v1/results/inputs.jsonl,line 707; conditions[W],deliverables/app_resource_constrained_extension_v1/results/members.jsonl,line 707
F05b,W,fixed,fixed_resource_condition,resource54,NORMAL,NORMAL,F,deliverables/app_resource_constrained_extension_v1/results/inputs.jsonl,line 708; conditions[W],deliverables/app_resource_constrained_extension_v1/results/members.jsonl,line 708
F05b,W,fixed,fixed_resource_condition,resource54,NORMAL,NORMAL,F,deliverables/app_resource_constrained_extension_v1/results/inputs.jsonl,line 709; conditions[W],deliverables/app_resource_constrained_extension_v1/results/members.jsonl,line 709
F05b,W,fixed,fixed_resource_condition,resource54,NORMAL,NORMAL,F,deliverables/app_resource_constrained_extension_v1/results/inputs.jsonl,line 711; conditions[W],deliverables/app_resource_constrained_extension_v1/results/members.jsonl,line 711
F05b,W,fixed,fixed_resource_condition,resource54,NORMAL,NORMAL,F,deliverables/app_resource_constrained_extension_v1/results/inputs.jsonl,line 712; conditions[W],deliverables/app_resource_constrained_extension_v1/results/members.jsonl,line 712
F05b,W,fixed,fixed_resource_condition,resource54,NORMAL,NORMAL,F,deliverables/app_resource_constrained_extension_v1/results/inputs.jsonl,line 714; conditions[W],deliverables/app_resource_constrained_extension_v1/results/members.jsonl,line 714
F05b,W,fixed,fixed_resource_condition,resource54,NORMAL,NORMAL,F,deliverables/app_resource_constrained_extension_v1/results/inputs.jsonl,line 715; conditions[W],deliverables/app_resource_constrained_extension_v1/results/members.jsonl,line 715
F05b,W,fixed,fixed_resource_condition,resource54,NORMAL,NORMAL,F,deliverables/app_resource_constrained_extension_v1/results/inputs.jsonl,line 717; conditions[W],deliverables/app_resource_constrained_extension_v1/results/members.jsonl,line 717
F05b,W,fixed,fixed_resource_condition,resource54,NORMAL,NORMAL,F,deliverables/app_resource_constrained_extension_v1/results/inputs.jsonl,line 718; conditions[W],deliverables/app_resource_constrained_extension_v1/results/members.jsonl,line 718
F05b,W,fixed,fixed_resource_condition,resource54,NORMAL,NORMAL,F,deliverables/app_resource_constrained_extension_v1/results/inputs.jsonl,line 720; conditions[W],deliverables/app_resource_constrained_extension_v1/results/members.jsonl,line 720
F05b,W,fixed,fixed_resource_condition,resource54,NORMAL,NORMAL,F,deliverables/app_resource_constrained_extension_v1/results/inputs.jsonl,line 721; conditions[W],deliverables/app_resource_constrained_extension_v1/results/members.jsonl,line 721
F05b,W,fixed,fixed_resource_condition,resource54,NORMAL,NORMAL,F,deliverables/app_resource_constrained_extension_v1/results/inputs.jsonl,line 722; conditions[W],deliverables/app_resource_constrained_extension_v1/results/members.jsonl,line 722
F05b,W,fixed,fixed_resource_condition,resource54,NORMAL,NORMAL,F,deliverables/app_resource_constrained_extension_v1/results/inputs.jsonl,line 723; conditions[W],deliverables/app_resource_constrained_extension_v1/results/members.jsonl,line 723
F05b,W,fixed,fixed_resource_condition,resource54,NORMAL,NORMAL,F,deliverables/app_resource_constrained_extension_v1/results/inputs.jsonl,line 724; conditions[W],deliverables/app_resource_constrained_extension_v1/results/members.jsonl,line 724
F05b,W,fixed,fixed_resource_condition,resource54,NORMAL,NORMAL,F,deliverables/app_resource_constrained_extension_v1/results/inputs.jsonl,line 725; conditions[W],deliverables/app_resource_constrained_extension_v1/results/members.jsonl,line 725
F05b,W,fixed,fixed_resource_condition,resource54,NORMAL,NORMAL,F,deliverables/app_resource_constrained_extension_v1/results/inputs.jsonl,line 726; conditions[W],deliverables/app_resource_constrained_extension_v1/results/members.jsonl,line 726
F05b,W,fixed,fixed_resource_condition,resource54,NORMAL,NORMAL,F,deliverables/app_resource_constrained_extension_v1/results/inputs.jsonl,line 727; conditions[W],deliverables/app_resource_constrained_extension_v1/results/members.jsonl,line 727
F05b,W,fixed,fixed_resource_condition,resource54,NORMAL,NORMAL,F,deliverables/app_resource_constrained_extension_v1/results/inputs.jsonl,line 729; conditions[W],deliverables/app_resource_constrained_extension_v1/results/members.jsonl,line 729
F05b,W,fixed,fixed_resource_condition,resource54,NORMAL,NORMAL,F,deliverables/app_resource_constrained_extension_v1/results/inputs.jsonl,line 730; conditions[W],deliverables/app_resource_constrained_extension_v1/results/members.jsonl,line 730
F05b,W,fixed,fixed_resource_condition,resource54,NORMAL,NORMAL,F,deliverables/app_resource_constrained_extension_v1/results/inputs.jsonl,line 732; conditions[W],deliverables/app_resource_constrained_extension_v1/results/members.jsonl,line 732
F05b,W,fixed,fixed_resource_condition,resource54,NORMAL,NORMAL,F,deliverables/app_resource_constrained_extension_v1/results/inputs.jsonl,line 733; conditions[W],deliverables/app_resource_constrained_extension_v1/results/members.jsonl,line 733
F05b,W,fixed,fixed_resource_condition,resource54,NORMAL,NORMAL,F,deliverables/app_resource_constrained_extension_v1/results/inputs.jsonl,line 735; conditions[W],deliverables/app_resource_constrained_extension_v1/results/members.jsonl,line 735
F05b,W,fixed,fixed_resource_condition,resource54,NORMAL,NORMAL,F,deliverables/app_resource_constrained_extension_v1/results/inputs.jsonl,line 736; conditions[W],deliverables/app_resource_constrained_extension_v1/results/members.jsonl,line 736
F05b,W,fixed,fixed_resource_condition,resource54,NORMAL,NORMAL,F,deliverables/app_resource_constrained_extension_v1/results/inputs.jsonl,line 738; conditions[W],deliverables/app_resource_constrained_extension_v1/results/members.jsonl,line 738
F05b,W,fixed,fixed_resource_condition,resource54,NORMAL,NORMAL,F,deliverables/app_resource_constrained_extension_v1/results/inputs.jsonl,line 739; conditions[W],deliverables/app_resource_constrained_extension_v1/results/members.jsonl,line 739
F05b,W,fixed,fixed_resource_condition,resource54,NORMAL,NORMAL,F,deliverables/app_resource_constrained_extension_v1/results/inputs.jsonl,line 740; conditions[W],deliverables/app_resource_constrained_extension_v1/results/members.jsonl,line 740
F05b,W,fixed,fixed_resource_condition,resource54,NORMAL,NORMAL,F,deliverables/app_resource_constrained_extension_v1/results/inputs.jsonl,line 741; conditions[W],deliverables/app_resource_constrained_extension_v1/results/members.jsonl,line 741
F05b,W,fixed,fixed_resource_condition,resource54,NORMAL,NORMAL,F,deliverables/app_resource_constrained_extension_v1/results/inputs.jsonl,line 742; conditions[W],deliverables/app_resource_constrained_extension_v1/results/members.jsonl,line 742
F05b,W,fixed,fixed_resource_condition,resource54,NORMAL,NORMAL,F,deliverables/app_resource_constrained_extension_v1/results/inputs.jsonl,line 743; conditions[W],deliverables/app_resource_constrained_extension_v1/results/members.jsonl,line 743
F05b,W,fixed,fixed_resource_condition,resource54,NORMAL,NORMAL,F,deliverables/app_resource_constrained_extension_v1/results/inputs.jsonl,line 744; conditions[W],deliverables/app_resource_constrained_extension_v1/results/members.jsonl,line 744
