fold,set_id,group,event,event_count,source_path,source_locator
WEBGL1-LOEO-v1-01,S0,selection,new_detection,0,deliverables/app_resource_constrained_extension_v1/results/summary/member_deltas.json,/0/events/new_detection
WEBGL1-LOEO-v1-01,S0,selection,lost_detection,0,deliverables/app_resource_constrained_extension_v1/results/summary/member_deltas.json,/0/events/lost_detection
WEBGL1-LOEO-v1-01,S0,selection,new_normal_alarm,0,deliverables/app_resource_constrained_extension_v1/results/summary/member_deltas.json,/0/events/new_normal_alarm
WEBGL1-LOEO-v1-01,S0,selection,lost_normal_alarm,0,deliverables/app_resource_constrained_extension_v1/results/summary/member_deltas.json,/0/events/lost_normal_alarm
WEBGL1-LOEO-v1-01,S0,selection,F_to_U,0,deliverables/app_resource_constrained_extension_v1/results/summary/member_deltas.json,/0/events/F_to_U
WEBGL1-LOEO-v1-01,S0,selection,U_to_T,0,deliverables/app_resource_constrained_extension_v1/results/summary/member_deltas.json,/0/events/U_to_T
WEBGL1-LOEO-v1-01,S0,selection,to_FAILED,0,deliverables/app_resource_constrained_extension_v1/results/summary/member_deltas.json,/0/events/to_FAILED
WEBGL1-LOEO-v1-01,S0,historical_evaluation,new_detection,0,deliverables/app_resource_constrained_extension_v1/results/summary/member_deltas.json,/1/events/new_detection
WEBGL1-LOEO-v1-01,S0,historical_evaluation,lost_detection,0,deliverables/app_resource_constrained_extension_v1/results/summary/member_deltas.json,/1/events/lost_detection
WEBGL1-LOEO-v1-01,S0,historical_evaluation,new_normal_alarm,0,deliverables/app_resource_constrained_extension_v1/results/summary/member_deltas.json,/1/events/new_normal_alarm
WEBGL1-LOEO-v1-01,S0,historical_evaluation,lost_normal_alarm,0,deliverables/app_resource_constrained_extension_v1/results/summary/member_deltas.json,/1/events/lost_normal_alarm
WEBGL1-LOEO-v1-01,S0,historical_evaluation,F_to_U,0,deliverables/app_resource_constrained_extension_v1/results/summary/member_deltas.json,/1/events/F_to_U
WEBGL1-LOEO-v1-01,S0,historical_evaluation,U_to_T,0,deliverables/app_resource_constrained_extension_v1/results/summary/member_deltas.json,/1/events/U_to_T
WEBGL1-LOEO-v1-01,S0,historical_evaluation,to_FAILED,0,deliverables/app_resource_constrained_extension_v1/results/summary/member_deltas.json,/1/events/to_FAILED
WEBGL1-LOEO-v1-01,S0,mtc_discovery,new_detection,0,deliverables/app_resource_constrained_extension_v1/results/summary/member_deltas.json,/2/events/new_detection
WEBGL1-LOEO-v1-01,S0,mtc_discovery,lost_detection,0,deliverables/app_resource_constrained_extension_v1/results/summary/member_deltas.json,/2/events/lost_detection
WEBGL1-LOEO-v1-01,S0,mtc_discovery,new_normal_alarm,0,deliverables/app_resource_constrained_extension_v1/results/summary/member_deltas.json,/2/events/new_normal_alarm
WEBGL1-LOEO-v1-01,S0,mtc_discovery,lost_normal_alarm,0,deliverables/app_resource_constrained_extension_v1/results/summary/member_deltas.json,/2/events/lost_normal_alarm
WEBGL1-LOEO-v1-01,S0,mtc_discovery,F_to_U,0,deliverables/app_resource_constrained_extension_v1/results/summary/member_deltas.json,/2/events/F_to_U
WEBGL1-LOEO-v1-01,S0,mtc_discovery,U_to_T,0,deliverables/app_resource_constrained_extension_v1/results/summary/member_deltas.json,/2/events/U_to_T
WEBGL1-LOEO-v1-01,S0,mtc_discovery,to_FAILED,0,deliverables/app_resource_constrained_extension_v1/results/summary/member_deltas.json,/2/events/to_FAILED
WEBGL1-LOEO-v1-01,S0,pilot18,new_detection,0,deliverables/app_resource_constrained_extension_v1/results/summary/member_deltas.json,/3/events/new_detection
WEBGL1-LOEO-v1-01,S0,pilot18,lost_detection,0,deliverables/app_resource_constrained_extension_v1/results/summary/member_deltas.json,/3/events/lost_detection
WEBGL1-LOEO-v1-01,S0,pilot18,new_normal_alarm,0,deliverables/app_resource_constrained_extension_v1/results/summary/member_deltas.json,/3/events/new_normal_alarm
WEBGL1-LOEO-v1-01,S0,pilot18,lost_normal_alarm,0,deliverables/app_resource_constrained_extension_v1/results/summary/member_deltas.json,/3/events/lost_normal_alarm
WEBGL1-LOEO-v1-01,S0,pilot18,F_to_U,0,deliverables/app_resource_constrained_extension_v1/results/summary/member_deltas.json,/3/events/F_to_U
WEBGL1-LOEO-v1-01,S0,pilot18,U_to_T,0,deliverables/app_resource_constrained_extension_v1/results/summary/member_deltas.json,/3/events/U_to_T
WEBGL1-LOEO-v1-01,S0,pilot18,to_FAILED,0,deliverables/app_resource_constrained_extension_v1/results/summary/member_deltas.json,/3/events/to_FAILED
WEBGL1-LOEO-v1-01,S0,b2b42,new_detection,0,deliverables/app_resource_constrained_extension_v1/results/summary/member_deltas.json,/4/events/new_detection
WEBGL1-LOEO-v1-01,S0,b2b42,lost_detection,0,deliverables/app_resource_constrained_extension_v1/results/summary/member_deltas.json,/4/events/lost_detection
WEBGL1-LOEO-v1-01,S0,b2b42,new_normal_alarm,0,deliverables/app_resource_constrained_extension_v1/results/summary/member_deltas.json,/4/events/new_normal_alarm
WEBGL1-LOEO-v1-01,S0,b2b42,lost_normal_alarm,0,deliverables/app_resource_constrained_extension_v1/results/summary/member_deltas.json,/4/events/lost_normal_alarm
WEBGL1-LOEO-v1-01,S0,b2b42,F_to_U,0,deliverables/app_resource_constrained_extension_v1/results/summary/member_deltas.json,/4/events/F_to_U
WEBGL1-LOEO-v1-01,S0,b2b42,U_to_T,0,deliverables/app_resource_constrained_extension_v1/results/summary/member_deltas.json,/4/events/U_to_T
WEBGL1-LOEO-v1-01,S0,b2b42,to_FAILED,0,deliverables/app_resource_constrained_extension_v1/results/summary/member_deltas.json,/4/events/to_FAILED
WEBGL1-LOEO-v1-01,S0,resource54,new_detection,0,deliverables/app_resource_constrained_extension_v1/results/summary/member_deltas.json,/5/events/new_detection
WEBGL1-LOEO-v1-01,S0,resource54,lost_detection,0,deliverables/app_resource_constrained_extension_v1/results/summary/member_deltas.json,/5/events/lost_detection
WEBGL1-LOEO-v1-01,S0,resource54,new_normal_alarm,0,deliverables/app_resource_constrained_extension_v1/results/summary/member_deltas.json,/5/events/new_normal_alarm
WEBGL1-LOEO-v1-01,S0,resource54,lost_normal_alarm,0,deliverables/app_resource_constrained_extension_v1/results/summary/member_deltas.json,/5/events/lost_normal_alarm
WEBGL1-LOEO-v1-01,S0,resource54,F_to_U,0,deliverables/app_resource_constrained_extension_v1/results/summary/member_deltas.json,/5/events/F_to_U
WEBGL1-LOEO-v1-01,S0,resource54,U_to_T,0,deliverables/app_resource_constrained_extension_v1/results/summary/member_deltas.json,/5/events/U_to_T
WEBGL1-LOEO-v1-01,S0,resource54,to_FAILED,0,deliverables/app_resource_constrained_extension_v1/results/summary/member_deltas.json,/5/events/to_FAILED
WEBGL1-LOEO-v1-01,S0,mtc_reserved_validation,new_detection,0,deliverables/app_resource_constrained_extension_v1/results/summary/member_deltas.json,/6/events/new_detection
WEBGL1-LOEO-v1-01,S0,mtc_reserved_validation,lost_detection,0,deliverables/app_resource_constrained_extension_v1/results/summary/member_deltas.json,/6/events/lost_detection
WEBGL1-LOEO-v1-01,S0,mtc_reserved_validation,new_normal_alarm,0,deliverables/app_resource_constrained_extension_v1/results/summary/member_deltas.json,/6/events/new_normal_alarm
WEBGL1-LOEO-v1-01,S0,mtc_reserved_validation,lost_normal_alarm,0,deliverables/app_resource_constrained_extension_v1/results/summary/member_deltas.json,/6/events/lost_normal_alarm
WEBGL1-LOEO-v1-01,S0,mtc_reserved_validation,F_to_U,0,deliverables/app_resource_constrained_extension_v1/results/summary/member_deltas.json,/6/events/F_to_U
WEBGL1-LOEO-v1-01,S0,mtc_reserved_validation,U_to_T,0,deliverables/app_resource_constrained_extension_v1/results/summary/member_deltas.json,/6/events/U_to_T
WEBGL1-LOEO-v1-01,S0,mtc_reserved_validation,to_FAILED,0,deliverables/app_resource_constrained_extension_v1/results/summary/member_deltas.json,/6/events/to_FAILED
WEBGL1-LOEO-v1-01,S0,mtc_development,new_detection,0,deliverables/app_resource_constrained_extension_v1/results/summary/member_deltas.json,/7/events/new_detection
WEBGL1-LOEO-v1-01,S0,mtc_development,lost_detection,0,deliverables/app_resource_constrained_extension_v1/results/summary/member_deltas.json,/7/events/lost_detection
WEBGL1-LOEO-v1-01,S0,mtc_development,new_normal_alarm,0,deliverables/app_resource_constrained_extension_v1/results/summary/member_deltas.json,/7/events/new_normal_alarm
WEBGL1-LOEO-v1-01,S0,mtc_development,lost_normal_alarm,0,deliverables/app_resource_constrained_extension_v1/results/summary/member_deltas.json,/7/events/lost_normal_alarm
WEBGL1-LOEO-v1-01,S0,mtc_development,F_to_U,0,deliverables/app_resource_constrained_extension_v1/results/summary/member_deltas.json,/7/events/F_to_U
WEBGL1-LOEO-v1-01,S0,mtc_development,U_to_T,0,deliverables/app_resource_constrained_extension_v1/results/summary/member_deltas.json,/7/events/U_to_T
WEBGL1-LOEO-v1-01,S0,mtc_development,to_FAILED,0,deliverables/app_resource_constrained_extension_v1/results/summary/member_deltas.json,/7/events/to_FAILED
WEBGL1-LOEO-v1-01,M,selection,new_detection,6,deliverables/app_resource_constrained_extension_v1/results/summary/member_deltas.json,/8/events/new_detection
WEBGL1-LOEO-v1-01,M,selection,lost_detection,0,deliverables/app_resource_constrained_extension_v1/results/summary/member_deltas.json,/8/events/lost_detection
WEBGL1-LOEO-v1-01,M,selection,new_normal_alarm,2,deliverables/app_resource_constrained_extension_v1/results/summary/member_deltas.json,/8/events/new_normal_alarm
WEBGL1-LOEO-v1-01,M,selection,lost_normal_alarm,0,deliverables/app_resource_constrained_extension_v1/results/summary/member_deltas.json,/8/events/lost_normal_alarm
WEBGL1-LOEO-v1-01,M,selection,F_to_U,7,deliverables/app_resource_constrained_extension_v1/results/summary/member_deltas.json,/8/events/F_to_U
WEBGL1-LOEO-v1-01,M,selection,U_to_T,0,deliverables/app_resource_constrained_extension_v1/results/summary/member_deltas.json,/8/events/U_to_T
WEBGL1-LOEO-v1-01,M,selection,to_FAILED,0,deliverables/app_resource_constrained_extension_v1/results/summary/member_deltas.json,/8/events/to_FAILED
WEBGL1-LOEO-v1-01,M,historical_evaluation,new_detection,0,deliverables/app_resource_constrained_extension_v1/results/summary/member_deltas.json,/9/events/new_detection
WEBGL1-LOEO-v1-01,M,historical_evaluation,lost_detection,0,deliverables/app_resource_constrained_extension_v1/results/summary/member_deltas.json,/9/events/lost_detection
WEBGL1-LOEO-v1-01,M,historical_evaluation,new_normal_alarm,1,deliverables/app_resource_constrained_extension_v1/results/summary/member_deltas.json,/9/events/new_normal_alarm
WEBGL1-LOEO-v1-01,M,historical_evaluation,lost_normal_alarm,0,deliverables/app_resource_constrained_extension_v1/results/summary/member_deltas.json,/9/events/lost_normal_alarm
WEBGL1-LOEO-v1-01,M,historical_evaluation,F_to_U,2,deliverables/app_resource_constrained_extension_v1/results/summary/member_deltas.json,/9/events/F_to_U
WEBGL1-LOEO-v1-01,M,historical_evaluation,U_to_T,0,deliverables/app_resource_constrained_extension_v1/results/summary/member_deltas.json,/9/events/U_to_T
WEBGL1-LOEO-v1-01,M,historical_evaluation,to_FAILED,0,deliverables/app_resource_constrained_extension_v1/results/summary/member_deltas.json,/9/events/to_FAILED
WEBGL1-LOEO-v1-01,M,mtc_discovery,new_detection,0,deliverables/app_resource_constrained_extension_v1/results/summary/member_deltas.json,/10/events/new_detection
WEBGL1-LOEO-v1-01,M,mtc_discovery,lost_detection,0,deliverables/app_resource_constrained_extension_v1/results/summary/member_deltas.json,/10/events/lost_detection
WEBGL1-LOEO-v1-01,M,mtc_discovery,new_normal_alarm,2,deliverables/app_resource_constrained_extension_v1/results/summary/member_deltas.json,/10/events/new_normal_alarm
WEBGL1-LOEO-v1-01,M,mtc_discovery,lost_normal_alarm,0,deliverables/app_resource_constrained_extension_v1/results/summary/member_deltas.json,/10/events/lost_normal_alarm
WEBGL1-LOEO-v1-01,M,mtc_discovery,F_to_U,7,deliverables/app_resource_constrained_extension_v1/results/summary/member_deltas.json,/10/events/F_to_U
WEBGL1-LOEO-v1-01,M,mtc_discovery,U_to_T,0,deliverables/app_resource_constrained_extension_v1/results/summary/member_deltas.json,/10/events/U_to_T
WEBGL1-LOEO-v1-01,M,mtc_discovery,to_FAILED,0,deliverables/app_resource_constrained_extension_v1/results/summary/member_deltas.json,/10/events/to_FAILED
WEBGL1-LOEO-v1-01,M,pilot18,new_detection,0,deliverables/app_resource_constrained_extension_v1/results/summary/member_deltas.json,/11/events/new_detection
WEBGL1-LOEO-v1-01,M,pilot18,lost_detection,0,deliverables/app_resource_constrained_extension_v1/results/summary/member_deltas.json,/11/events/lost_detection
WEBGL1-LOEO-v1-01,M,pilot18,new_normal_alarm,0,deliverables/app_resource_constrained_extension_v1/results/summary/member_deltas.json,/11/events/new_normal_alarm
WEBGL1-LOEO-v1-01,M,pilot18,lost_normal_alarm,0,deliverables/app_resource_constrained_extension_v1/results/summary/member_deltas.json,/11/events/lost_normal_alarm
WEBGL1-LOEO-v1-01,M,pilot18,F_to_U,0,deliverables/app_resource_constrained_extension_v1/results/summary/member_deltas.json,/11/events/F_to_U
WEBGL1-LOEO-v1-01,M,pilot18,U_to_T,0,deliverables/app_resource_constrained_extension_v1/results/summary/member_deltas.json,/11/events/U_to_T
WEBGL1-LOEO-v1-01,M,pilot18,to_FAILED,0,deliverables/app_resource_constrained_extension_v1/results/summary/member_deltas.json,/11/events/to_FAILED
WEBGL1-LOEO-v1-01,M,b2b42,new_detection,0,deliverables/app_resource_constrained_extension_v1/results/summary/member_deltas.json,/12/events/new_detection
WEBGL1-LOEO-v1-01,M,b2b42,lost_detection,0,deliverables/app_resource_constrained_extension_v1/results/summary/member_deltas.json,/12/events/lost_detection
WEBGL1-LOEO-v1-01,M,b2b42,new_normal_alarm,0,deliverables/app_resource_constrained_extension_v1/results/summary/member_deltas.json,/12/events/new_normal_alarm
WEBGL1-LOEO-v1-01,M,b2b42,lost_normal_alarm,0,deliverables/app_resource_constrained_extension_v1/results/summary/member_deltas.json,/12/events/lost_normal_alarm
WEBGL1-LOEO-v1-01,M,b2b42,F_to_U,0,deliverables/app_resource_constrained_extension_v1/results/summary/member_deltas.json,/12/events/F_to_U
WEBGL1-LOEO-v1-01,M,b2b42,U_to_T,0,deliverables/app_resource_constrained_extension_v1/results/summary/member_deltas.json,/12/events/U_to_T
WEBGL1-LOEO-v1-01,M,b2b42,to_FAILED,0,deliverables/app_resource_constrained_extension_v1/results/summary/member_deltas.json,/12/events/to_FAILED
WEBGL1-LOEO-v1-01,M,resource54,new_detection,6,deliverables/app_resource_constrained_extension_v1/results/summary/member_deltas.json,/13/events/new_detection
WEBGL1-LOEO-v1-01,M,resource54,lost_detection,0,deliverables/app_resource_constrained_extension_v1/results/summary/member_deltas.json,/13/events/lost_detection
WEBGL1-LOEO-v1-01,M,resource54,new_normal_alarm,0,deliverables/app_resource_constrained_extension_v1/results/summary/member_deltas.json,/13/events/new_normal_alarm
WEBGL1-LOEO-v1-01,M,resource54,lost_normal_alarm,0,deliverables/app_resource_constrained_extension_v1/results/summary/member_deltas.json,/13/events/lost_normal_alarm
WEBGL1-LOEO-v1-01,M,resource54,F_to_U,0,deliverables/app_resource_constrained_extension_v1/results/summary/member_deltas.json,/13/events/F_to_U
WEBGL1-LOEO-v1-01,M,resource54,U_to_T,0,deliverables/app_resource_constrained_extension_v1/results/summary/member_deltas.json,/13/events/U_to_T
WEBGL1-LOEO-v1-01,M,resource54,to_FAILED,0,deliverables/app_resource_constrained_extension_v1/results/summary/member_deltas.json,/13/events/to_FAILED
WEBGL1-LOEO-v1-01,M,mtc_reserved_validation,new_detection,0,deliverables/app_resource_constrained_extension_v1/results/summary/member_deltas.json,/14/events/new_detection
WEBGL1-LOEO-v1-01,M,mtc_reserved_validation,lost_detection,0,deliverables/app_resource_constrained_extension_v1/results/summary/member_deltas.json,/14/events/lost_detection
WEBGL1-LOEO-v1-01,M,mtc_reserved_validation,new_normal_alarm,1,deliverables/app_resource_constrained_extension_v1/results/summary/member_deltas.json,/14/events/new_normal_alarm
WEBGL1-LOEO-v1-01,M,mtc_reserved_validation,lost_normal_alarm,0,deliverables/app_resource_constrained_extension_v1/results/summary/member_deltas.json,/14/events/lost_normal_alarm
WEBGL1-LOEO-v1-01,M,mtc_reserved_validation,F_to_U,2,deliverables/app_resource_constrained_extension_v1/results/summary/member_deltas.json,/14/events/F_to_U
WEBGL1-LOEO-v1-01,M,mtc_reserved_validation,U_to_T,0,deliverables/app_resource_constrained_extension_v1/results/summary/member_deltas.json,/14/events/U_to_T
WEBGL1-LOEO-v1-01,M,mtc_reserved_validation,to_FAILED,0,deliverables/app_resource_constrained_extension_v1/results/summary/member_deltas.json,/14/events/to_FAILED
WEBGL1-LOEO-v1-01,M,mtc_development,new_detection,0,deliverables/app_resource_constrained_extension_v1/results/summary/member_deltas.json,/15/events/new_detection
WEBGL1-LOEO-v1-01,M,mtc_development,lost_detection,0,deliverables/app_resource_constrained_extension_v1/results/summary/member_deltas.json,/15/events/lost_detection
WEBGL1-LOEO-v1-01,M,mtc_development,new_normal_alarm,0,deliverables/app_resource_constrained_extension_v1/results/summary/member_deltas.json,/15/events/new_normal_alarm
WEBGL1-LOEO-v1-01,M,mtc_development,lost_normal_alarm,0,deliverables/app_resource_constrained_extension_v1/results/summary/member_deltas.json,/15/events/lost_normal_alarm
WEBGL1-LOEO-v1-01,M,mtc_development,F_to_U,0,deliverables/app_resource_constrained_extension_v1/results/summary/member_deltas.json,/15/events/F_to_U
WEBGL1-LOEO-v1-01,M,mtc_development,U_to_T,0,deliverables/app_resource_constrained_extension_v1/results/summary/member_deltas.json,/15/events/U_to_T
WEBGL1-LOEO-v1-01,M,mtc_development,to_FAILED,0,deliverables/app_resource_constrained_extension_v1/results/summary/member_deltas.json,/15/events/to_FAILED
WEBGL1-LOEO-v1-01,W,selection,new_detection,6,deliverables/app_resource_constrained_extension_v1/results/summary/member_deltas.json,/16/events/new_detection
WEBGL1-LOEO-v1-01,W,selection,lost_detection,0,deliverables/app_resource_constrained_extension_v1/results/summary/member_deltas.json,/16/events/lost_detection
WEBGL1-LOEO-v1-01,W,selection,new_normal_alarm,40,deliverables/app_resource_constrained_extension_v1/results/summary/member_deltas.json,/16/events/new_normal_alarm
WEBGL1-LOEO-v1-01,W,selection,lost_normal_alarm,0,deliverables/app_resource_constrained_extension_v1/results/summary/member_deltas.json,/16/events/lost_normal_alarm
WEBGL1-LOEO-v1-01,W,selection,F_to_U,7,deliverables/app_resource_constrained_extension_v1/results/summary/member_deltas.json,/16/events/F_to_U
WEBGL1-LOEO-v1-01,W,selection,U_to_T,0,deliverables/app_resource_constrained_extension_v1/results/summary/member_deltas.json,/16/events/U_to_T
WEBGL1-LOEO-v1-01,W,selection,to_FAILED,0,deliverables/app_resource_constrained_extension_v1/results/summary/member_deltas.json,/16/events/to_FAILED
WEBGL1-LOEO-v1-01,W,historical_evaluation,new_detection,0,deliverables/app_resource_constrained_extension_v1/results/summary/member_deltas.json,/17/events/new_detection
WEBGL1-LOEO-v1-01,W,historical_evaluation,lost_detection,0,deliverables/app_resource_constrained_extension_v1/results/summary/member_deltas.json,/17/events/lost_detection
WEBGL1-LOEO-v1-01,W,historical_evaluation,new_normal_alarm,22,deliverables/app_resource_constrained_extension_v1/results/summary/member_deltas.json,/17/events/new_normal_alarm
WEBGL1-LOEO-v1-01,W,historical_evaluation,lost_normal_alarm,0,deliverables/app_resource_constrained_extension_v1/results/summary/member_deltas.json,/17/events/lost_normal_alarm
WEBGL1-LOEO-v1-01,W,historical_evaluation,F_to_U,2,deliverables/app_resource_constrained_extension_v1/results/summary/member_deltas.json,/17/events/F_to_U
WEBGL1-LOEO-v1-01,W,historical_evaluation,U_to_T,0,deliverables/app_resource_constrained_extension_v1/results/summary/member_deltas.json,/17/events/U_to_T
WEBGL1-LOEO-v1-01,W,historical_evaluation,to_FAILED,0,deliverables/app_resource_constrained_extension_v1/results/summary/member_deltas.json,/17/events/to_FAILED
WEBGL1-LOEO-v1-01,W,mtc_discovery,new_detection,0,deliverables/app_resource_constrained_extension_v1/results/summary/member_deltas.json,/18/events/new_detection
WEBGL1-LOEO-v1-01,W,mtc_discovery,lost_detection,0,deliverables/app_resource_constrained_extension_v1/results/summary/member_deltas.json,/18/events/lost_detection
WEBGL1-LOEO-v1-01,W,mtc_discovery,new_normal_alarm,40,deliverables/app_resource_constrained_extension_v1/results/summary/member_deltas.json,/18/events/new_normal_alarm
WEBGL1-LOEO-v1-01,W,mtc_discovery,lost_normal_alarm,0,deliverables/app_resource_constrained_extension_v1/results/summary/member_deltas.json,/18/events/lost_normal_alarm
WEBGL1-LOEO-v1-01,W,mtc_discovery,F_to_U,7,deliverables/app_resource_constrained_extension_v1/results/summary/member_deltas.json,/18/events/F_to_U
WEBGL1-LOEO-v1-01,W,mtc_discovery,U_to_T,0,deliverables/app_resource_constrained_extension_v1/results/summary/member_deltas.json,/18/events/U_to_T
WEBGL1-LOEO-v1-01,W,mtc_discovery,to_FAILED,0,deliverables/app_resource_constrained_extension_v1/results/summary/member_deltas.json,/18/events/to_FAILED
WEBGL1-LOEO-v1-01,W,pilot18,new_detection,0,deliverables/app_resource_constrained_extension_v1/results/summary/member_deltas.json,/19/events/new_detection
WEBGL1-LOEO-v1-01,W,pilot18,lost_detection,0,deliverables/app_resource_constrained_extension_v1/results/summary/member_deltas.json,/19/events/lost_detection
WEBGL1-LOEO-v1-01,W,pilot18,new_normal_alarm,0,deliverables/app_resource_constrained_extension_v1/results/summary/member_deltas.json,/19/events/new_normal_alarm
WEBGL1-LOEO-v1-01,W,pilot18,lost_normal_alarm,0,deliverables/app_resource_constrained_extension_v1/results/summary/member_deltas.json,/19/events/lost_normal_alarm
WEBGL1-LOEO-v1-01,W,pilot18,F_to_U,0,deliverables/app_resource_constrained_extension_v1/results/summary/member_deltas.json,/19/events/F_to_U
WEBGL1-LOEO-v1-01,W,pilot18,U_to_T,0,deliverables/app_resource_constrained_extension_v1/results/summary/member_deltas.json,/19/events/U_to_T
WEBGL1-LOEO-v1-01,W,pilot18,to_FAILED,0,deliverables/app_resource_constrained_extension_v1/results/summary/member_deltas.json,/19/events/to_FAILED
WEBGL1-LOEO-v1-01,W,b2b42,new_detection,0,deliverables/app_resource_constrained_extension_v1/results/summary/member_deltas.json,/20/events/new_detection
WEBGL1-LOEO-v1-01,W,b2b42,lost_detection,0,deliverables/app_resource_constrained_extension_v1/results/summary/member_deltas.json,/20/events/lost_detection
WEBGL1-LOEO-v1-01,W,b2b42,new_normal_alarm,0,deliverables/app_resource_constrained_extension_v1/results/summary/member_deltas.json,/20/events/new_normal_alarm
WEBGL1-LOEO-v1-01,W,b2b42,lost_normal_alarm,0,deliverables/app_resource_constrained_extension_v1/results/summary/member_deltas.json,/20/events/lost_normal_alarm
WEBGL1-LOEO-v1-01,W,b2b42,F_to_U,0,deliverables/app_resource_constrained_extension_v1/results/summary/member_deltas.json,/20/events/F_to_U
WEBGL1-LOEO-v1-01,W,b2b42,U_to_T,0,deliverables/app_resource_constrained_extension_v1/results/summary/member_deltas.json,/20/events/U_to_T
WEBGL1-LOEO-v1-01,W,b2b42,to_FAILED,0,deliverables/app_resource_constrained_extension_v1/results/summary/member_deltas.json,/20/events/to_FAILED
WEBGL1-LOEO-v1-01,W,resource54,new_detection,6,deliverables/app_resource_constrained_extension_v1/results/summary/member_deltas.json,/21/events/new_detection
WEBGL1-LOEO-v1-01,W,resource54,lost_detection,0,deliverables/app_resource_constrained_extension_v1/results/summary/member_deltas.json,/21/events/lost_detection
WEBGL1-LOEO-v1-01,W,resource54,new_normal_alarm,0,deliverables/app_resource_constrained_extension_v1/results/summary/member_deltas.json,/21/events/new_normal_alarm
WEBGL1-LOEO-v1-01,W,resource54,lost_normal_alarm,0,deliverables/app_resource_constrained_extension_v1/results/summary/member_deltas.json,/21/events/lost_normal_alarm
WEBGL1-LOEO-v1-01,W,resource54,F_to_U,0,deliverables/app_resource_constrained_extension_v1/results/summary/member_deltas.json,/21/events/F_to_U
WEBGL1-LOEO-v1-01,W,resource54,U_to_T,0,deliverables/app_resource_constrained_extension_v1/results/summary/member_deltas.json,/21/events/U_to_T
WEBGL1-LOEO-v1-01,W,resource54,to_FAILED,0,deliverables/app_resource_constrained_extension_v1/results/summary/member_deltas.json,/21/events/to_FAILED
WEBGL1-LOEO-v1-01,W,mtc_reserved_validation,new_detection,0,deliverables/app_resource_constrained_extension_v1/results/summary/member_deltas.json,/22/events/new_detection
WEBGL1-LOEO-v1-01,W,mtc_reserved_validation,lost_detection,0,deliverables/app_resource_constrained_extension_v1/results/summary/member_deltas.json,/22/events/lost_detection
WEBGL1-LOEO-v1-01,W,mtc_reserved_validation,new_normal_alarm,16,deliverables/app_resource_constrained_extension_v1/results/summary/member_deltas.json,/22/events/new_normal_alarm
WEBGL1-LOEO-v1-01,W,mtc_reserved_validation,lost_normal_alarm,0,deliverables/app_resource_constrained_extension_v1/results/summary/member_deltas.json,/22/events/lost_normal_alarm
WEBGL1-LOEO-v1-01,W,mtc_reserved_validation,F_to_U,2,deliverables/app_resource_constrained_extension_v1/results/summary/member_deltas.json,/22/events/F_to_U
WEBGL1-LOEO-v1-01,W,mtc_reserved_validation,U_to_T,0,deliverables/app_resource_constrained_extension_v1/results/summary/member_deltas.json,/22/events/U_to_T
WEBGL1-LOEO-v1-01,W,mtc_reserved_validation,to_FAILED,0,deliverables/app_resource_constrained_extension_v1/results/summary/member_deltas.json,/22/events/to_FAILED
WEBGL1-LOEO-v1-01,W,mtc_development,new_detection,0,deliverables/app_resource_constrained_extension_v1/results/summary/member_deltas.json,/23/events/new_detection
WEBGL1-LOEO-v1-01,W,mtc_development,lost_detection,0,deliverables/app_resource_constrained_extension_v1/results/summary/member_deltas.json,/23/events/lost_detection
WEBGL1-LOEO-v1-01,W,mtc_development,new_normal_alarm,6,deliverables/app_resource_constrained_extension_v1/results/summary/member_deltas.json,/23/events/new_normal_alarm
WEBGL1-LOEO-v1-01,W,mtc_development,lost_normal_alarm,0,deliverables/app_resource_constrained_extension_v1/results/summary/member_deltas.json,/23/events/lost_normal_alarm
WEBGL1-LOEO-v1-01,W,mtc_development,F_to_U,0,deliverables/app_resource_constrained_extension_v1/results/summary/member_deltas.json,/23/events/F_to_U
WEBGL1-LOEO-v1-01,W,mtc_development,U_to_T,0,deliverables/app_resource_constrained_extension_v1/results/summary/member_deltas.json,/23/events/U_to_T
WEBGL1-LOEO-v1-01,W,mtc_development,to_FAILED,0,deliverables/app_resource_constrained_extension_v1/results/summary/member_deltas.json,/23/events/to_FAILED
WEBGL1-LOEO-v1-01,B,selection,new_detection,3,deliverables/app_resource_constrained_extension_v1/results/summary/member_deltas.json,/24/events/new_detection
WEBGL1-LOEO-v1-01,B,selection,lost_detection,0,deliverables/app_resource_constrained_extension_v1/results/summary/member_deltas.json,/24/events/lost_detection
WEBGL1-LOEO-v1-01,B,selection,new_normal_alarm,0,deliverables/app_resource_constrained_extension_v1/results/summary/member_deltas.json,/24/events/new_normal_alarm
WEBGL1-LOEO-v1-01,B,selection,lost_normal_alarm,0,deliverables/app_resource_constrained_extension_v1/results/summary/member_deltas.json,/24/events/lost_normal_alarm
WEBGL1-LOEO-v1-01,B,selection,F_to_U,7,deliverables/app_resource_constrained_extension_v1/results/summary/member_deltas.json,/24/events/F_to_U
WEBGL1-LOEO-v1-01,B,selection,U_to_T,0,deliverables/app_resource_constrained_extension_v1/results/summary/member_deltas.json,/24/events/U_to_T
WEBGL1-LOEO-v1-01,B,selection,to_FAILED,0,deliverables/app_resource_constrained_extension_v1/results/summary/member_deltas.json,/24/events/to_FAILED
WEBGL1-LOEO-v1-01,B,historical_evaluation,new_detection,0,deliverables/app_resource_constrained_extension_v1/results/summary/member_deltas.json,/25/events/new_detection
WEBGL1-LOEO-v1-01,B,historical_evaluation,lost_detection,0,deliverables/app_resource_constrained_extension_v1/results/summary/member_deltas.json,/25/events/lost_detection
WEBGL1-LOEO-v1-01,B,historical_evaluation,new_normal_alarm,0,deliverables/app_resource_constrained_extension_v1/results/summary/member_deltas.json,/25/events/new_normal_alarm
WEBGL1-LOEO-v1-01,B,historical_evaluation,lost_normal_alarm,0,deliverables/app_resource_constrained_extension_v1/results/summary/member_deltas.json,/25/events/lost_normal_alarm
WEBGL1-LOEO-v1-01,B,historical_evaluation,F_to_U,2,deliverables/app_resource_constrained_extension_v1/results/summary/member_deltas.json,/25/events/F_to_U
WEBGL1-LOEO-v1-01,B,historical_evaluation,U_to_T,0,deliverables/app_resource_constrained_extension_v1/results/summary/member_deltas.json,/25/events/U_to_T
WEBGL1-LOEO-v1-01,B,historical_evaluation,to_FAILED,0,deliverables/app_resource_constrained_extension_v1/results/summary/member_deltas.json,/25/events/to_FAILED
WEBGL1-LOEO-v1-01,B,mtc_discovery,new_detection,0,deliverables/app_resource_constrained_extension_v1/results/summary/member_deltas.json,/26/events/new_detection
WEBGL1-LOEO-v1-01,B,mtc_discovery,lost_detection,0,deliverables/app_resource_constrained_extension_v1/results/summary/member_deltas.json,/26/events/lost_detection
WEBGL1-LOEO-v1-01,B,mtc_discovery,new_normal_alarm,0,deliverables/app_resource_constrained_extension_v1/results/summary/member_deltas.json,/26/events/new_normal_alarm
WEBGL1-LOEO-v1-01,B,mtc_discovery,lost_normal_alarm,0,deliverables/app_resource_constrained_extension_v1/results/summary/member_deltas.json,/26/events/lost_normal_alarm
WEBGL1-LOEO-v1-01,B,mtc_discovery,F_to_U,7,deliverables/app_resource_constrained_extension_v1/results/summary/member_deltas.json,/26/events/F_to_U
WEBGL1-LOEO-v1-01,B,mtc_discovery,U_to_T,0,deliverables/app_resource_constrained_extension_v1/results/summary/member_deltas.json,/26/events/U_to_T
WEBGL1-LOEO-v1-01,B,mtc_discovery,to_FAILED,0,deliverables/app_resource_constrained_extension_v1/results/summary/member_deltas.json,/26/events/to_FAILED
WEBGL1-LOEO-v1-01,B,pilot18,new_detection,0,deliverables/app_resource_constrained_extension_v1/results/summary/member_deltas.json,/27/events/new_detection
WEBGL1-LOEO-v1-01,B,pilot18,lost_detection,0,deliverables/app_resource_constrained_extension_v1/results/summary/member_deltas.json,/27/events/lost_detection
WEBGL1-LOEO-v1-01,B,pilot18,new_normal_alarm,0,deliverables/app_resource_constrained_extension_v1/results/summary/member_deltas.json,/27/events/new_normal_alarm
WEBGL1-LOEO-v1-01,B,pilot18,lost_normal_alarm,0,deliverables/app_resource_constrained_extension_v1/results/summary/member_deltas.json,/27/events/lost_normal_alarm
WEBGL1-LOEO-v1-01,B,pilot18,F_to_U,0,deliverables/app_resource_constrained_extension_v1/results/summary/member_deltas.json,/27/events/F_to_U
WEBGL1-LOEO-v1-01,B,pilot18,U_to_T,0,deliverables/app_resource_constrained_extension_v1/results/summary/member_deltas.json,/27/events/U_to_T
WEBGL1-LOEO-v1-01,B,pilot18,to_FAILED,0,deliverables/app_resource_constrained_extension_v1/results/summary/member_deltas.json,/27/events/to_FAILED
WEBGL1-LOEO-v1-01,B,b2b42,new_detection,0,deliverables/app_resource_constrained_extension_v1/results/summary/member_deltas.json,/28/events/new_detection
WEBGL1-LOEO-v1-01,B,b2b42,lost_detection,0,deliverables/app_resource_constrained_extension_v1/results/summary/member_deltas.json,/28/events/lost_detection
WEBGL1-LOEO-v1-01,B,b2b42,new_normal_alarm,0,deliverables/app_resource_constrained_extension_v1/results/summary/member_deltas.json,/28/events/new_normal_alarm
WEBGL1-LOEO-v1-01,B,b2b42,lost_normal_alarm,0,deliverables/app_resource_constrained_extension_v1/results/summary/member_deltas.json,/28/events/lost_normal_alarm
WEBGL1-LOEO-v1-01,B,b2b42,F_to_U,0,deliverables/app_resource_constrained_extension_v1/results/summary/member_deltas.json,/28/events/F_to_U
WEBGL1-LOEO-v1-01,B,b2b42,U_to_T,0,deliverables/app_resource_constrained_extension_v1/results/summary/member_deltas.json,/28/events/U_to_T
WEBGL1-LOEO-v1-01,B,b2b42,to_FAILED,0,deliverables/app_resource_constrained_extension_v1/results/summary/member_deltas.json,/28/events/to_FAILED
WEBGL1-LOEO-v1-01,B,resource54,new_detection,3,deliverables/app_resource_constrained_extension_v1/results/summary/member_deltas.json,/29/events/new_detection
WEBGL1-LOEO-v1-01,B,resource54,lost_detection,0,deliverables/app_resource_constrained_extension_v1/results/summary/member_deltas.json,/29/events/lost_detection
WEBGL1-LOEO-v1-01,B,resource54,new_normal_alarm,0,deliverables/app_resource_constrained_extension_v1/results/summary/member_deltas.json,/29/events/new_normal_alarm
WEBGL1-LOEO-v1-01,B,resource54,lost_normal_alarm,0,deliverables/app_resource_constrained_extension_v1/results/summary/member_deltas.json,/29/events/lost_normal_alarm
WEBGL1-LOEO-v1-01,B,resource54,F_to_U,0,deliverables/app_resource_constrained_extension_v1/results/summary/member_deltas.json,/29/events/F_to_U
WEBGL1-LOEO-v1-01,B,resource54,U_to_T,0,deliverables/app_resource_constrained_extension_v1/results/summary/member_deltas.json,/29/events/U_to_T
WEBGL1-LOEO-v1-01,B,resource54,to_FAILED,0,deliverables/app_resource_constrained_extension_v1/results/summary/member_deltas.json,/29/events/to_FAILED
WEBGL1-LOEO-v1-01,B,mtc_reserved_validation,new_detection,0,deliverables/app_resource_constrained_extension_v1/results/summary/member_deltas.json,/30/events/new_detection
WEBGL1-LOEO-v1-01,B,mtc_reserved_validation,lost_detection,0,deliverables/app_resource_constrained_extension_v1/results/summary/member_deltas.json,/30/events/lost_detection
WEBGL1-LOEO-v1-01,B,mtc_reserved_validation,new_normal_alarm,0,deliverables/app_resource_constrained_extension_v1/results/summary/member_deltas.json,/30/events/new_normal_alarm
WEBGL1-LOEO-v1-01,B,mtc_reserved_validation,lost_normal_alarm,0,deliverables/app_resource_constrained_extension_v1/results/summary/member_deltas.json,/30/events/lost_normal_alarm
WEBGL1-LOEO-v1-01,B,mtc_reserved_validation,F_to_U,2,deliverables/app_resource_constrained_extension_v1/results/summary/member_deltas.json,/30/events/F_to_U
WEBGL1-LOEO-v1-01,B,mtc_reserved_validation,U_to_T,0,deliverables/app_resource_constrained_extension_v1/results/summary/member_deltas.json,/30/events/U_to_T
WEBGL1-LOEO-v1-01,B,mtc_reserved_validation,to_FAILED,0,deliverables/app_resource_constrained_extension_v1/results/summary/member_deltas.json,/30/events/to_FAILED
WEBGL1-LOEO-v1-01,B,mtc_development,new_detection,0,deliverables/app_resource_constrained_extension_v1/results/summary/member_deltas.json,/31/events/new_detection
WEBGL1-LOEO-v1-01,B,mtc_development,lost_detection,0,deliverables/app_resource_constrained_extension_v1/results/summary/member_deltas.json,/31/events/lost_detection
WEBGL1-LOEO-v1-01,B,mtc_development,new_normal_alarm,0,deliverables/app_resource_constrained_extension_v1/results/summary/member_deltas.json,/31/events/new_normal_alarm
WEBGL1-LOEO-v1-01,B,mtc_development,lost_normal_alarm,0,deliverables/app_resource_constrained_extension_v1/results/summary/member_deltas.json,/31/events/lost_normal_alarm
WEBGL1-LOEO-v1-01,B,mtc_development,F_to_U,0,deliverables/app_resource_constrained_extension_v1/results/summary/member_deltas.json,/31/events/F_to_U
WEBGL1-LOEO-v1-01,B,mtc_development,U_to_T,0,deliverables/app_resource_constrained_extension_v1/results/summary/member_deltas.json,/31/events/U_to_T
WEBGL1-LOEO-v1-01,B,mtc_development,to_FAILED,0,deliverables/app_resource_constrained_extension_v1/results/summary/member_deltas.json,/31/events/to_FAILED
WEBGL1-LOEO-v1-01,MW,selection,new_detection,6,deliverables/app_resource_constrained_extension_v1/results/summary/member_deltas.json,/32/events/new_detection
WEBGL1-LOEO-v1-01,MW,selection,lost_detection,0,deliverables/app_resource_constrained_extension_v1/results/summary/member_deltas.json,/32/events/lost_detection
WEBGL1-LOEO-v1-01,MW,selection,new_normal_alarm,40,deliverables/app_resource_constrained_extension_v1/results/summary/member_deltas.json,/32/events/new_normal_alarm
WEBGL1-LOEO-v1-01,MW,selection,lost_normal_alarm,0,deliverables/app_resource_constrained_extension_v1/results/summary/member_deltas.json,/32/events/lost_normal_alarm
WEBGL1-LOEO-v1-01,MW,selection,F_to_U,7,deliverables/app_resource_constrained_extension_v1/results/summary/member_deltas.json,/32/events/F_to_U
WEBGL1-LOEO-v1-01,MW,selection,U_to_T,0,deliverables/app_resource_constrained_extension_v1/results/summary/member_deltas.json,/32/events/U_to_T
WEBGL1-LOEO-v1-01,MW,selection,to_FAILED,0,deliverables/app_resource_constrained_extension_v1/results/summary/member_deltas.json,/32/events/to_FAILED
WEBGL1-LOEO-v1-01,MW,historical_evaluation,new_detection,0,deliverables/app_resource_constrained_extension_v1/results/summary/member_deltas.json,/33/events/new_detection
WEBGL1-LOEO-v1-01,MW,historical_evaluation,lost_detection,0,deliverables/app_resource_constrained_extension_v1/results/summary/member_deltas.json,/33/events/lost_detection
WEBGL1-LOEO-v1-01,MW,historical_evaluation,new_normal_alarm,22,deliverables/app_resource_constrained_extension_v1/results/summary/member_deltas.json,/33/events/new_normal_alarm
WEBGL1-LOEO-v1-01,MW,historical_evaluation,lost_normal_alarm,0,deliverables/app_resource_constrained_extension_v1/results/summary/member_deltas.json,/33/events/lost_normal_alarm
WEBGL1-LOEO-v1-01,MW,historical_evaluation,F_to_U,2,deliverables/app_resource_constrained_extension_v1/results/summary/member_deltas.json,/33/events/F_to_U
WEBGL1-LOEO-v1-01,MW,historical_evaluation,U_to_T,0,deliverables/app_resource_constrained_extension_v1/results/summary/member_deltas.json,/33/events/U_to_T
WEBGL1-LOEO-v1-01,MW,historical_evaluation,to_FAILED,0,deliverables/app_resource_constrained_extension_v1/results/summary/member_deltas.json,/33/events/to_FAILED
WEBGL1-LOEO-v1-01,MW,mtc_discovery,new_detection,0,deliverables/app_resource_constrained_extension_v1/results/summary/member_deltas.json,/34/events/new_detection
WEBGL1-LOEO-v1-01,MW,mtc_discovery,lost_detection,0,deliverables/app_resource_constrained_extension_v1/results/summary/member_deltas.json,/34/events/lost_detection
WEBGL1-LOEO-v1-01,MW,mtc_discovery,new_normal_alarm,40,deliverables/app_resource_constrained_extension_v1/results/summary/member_deltas.json,/34/events/new_normal_alarm
WEBGL1-LOEO-v1-01,MW,mtc_discovery,lost_normal_alarm,0,deliverables/app_resource_constrained_extension_v1/results/summary/member_deltas.json,/34/events/lost_normal_alarm
WEBGL1-LOEO-v1-01,MW,mtc_discovery,F_to_U,7,deliverables/app_resource_constrained_extension_v1/results/summary/member_deltas.json,/34/events/F_to_U
WEBGL1-LOEO-v1-01,MW,mtc_discovery,U_to_T,0,deliverables/app_resource_constrained_extension_v1/results/summary/member_deltas.json,/34/events/U_to_T
WEBGL1-LOEO-v1-01,MW,mtc_discovery,to_FAILED,0,deliverables/app_resource_constrained_extension_v1/results/summary/member_deltas.json,/34/events/to_FAILED
WEBGL1-LOEO-v1-01,MW,pilot18,new_detection,0,deliverables/app_resource_constrained_extension_v1/results/summary/member_deltas.json,/35/events/new_detection
WEBGL1-LOEO-v1-01,MW,pilot18,lost_detection,0,deliverables/app_resource_constrained_extension_v1/results/summary/member_deltas.json,/35/events/lost_detection
WEBGL1-LOEO-v1-01,MW,pilot18,new_normal_alarm,0,deliverables/app_resource_constrained_extension_v1/results/summary/member_deltas.json,/35/events/new_normal_alarm
WEBGL1-LOEO-v1-01,MW,pilot18,lost_normal_alarm,0,deliverables/app_resource_constrained_extension_v1/results/summary/member_deltas.json,/35/events/lost_normal_alarm
WEBGL1-LOEO-v1-01,MW,pilot18,F_to_U,0,deliverables/app_resource_constrained_extension_v1/results/summary/member_deltas.json,/35/events/F_to_U
WEBGL1-LOEO-v1-01,MW,pilot18,U_to_T,0,deliverables/app_resource_constrained_extension_v1/results/summary/member_deltas.json,/35/events/U_to_T
WEBGL1-LOEO-v1-01,MW,pilot18,to_FAILED,0,deliverables/app_resource_constrained_extension_v1/results/summary/member_deltas.json,/35/events/to_FAILED
WEBGL1-LOEO-v1-01,MW,b2b42,new_detection,0,deliverables/app_resource_constrained_extension_v1/results/summary/member_deltas.json,/36/events/new_detection
WEBGL1-LOEO-v1-01,MW,b2b42,lost_detection,0,deliverables/app_resource_constrained_extension_v1/results/summary/member_deltas.json,/36/events/lost_detection
WEBGL1-LOEO-v1-01,MW,b2b42,new_normal_alarm,0,deliverables/app_resource_constrained_extension_v1/results/summary/member_deltas.json,/36/events/new_normal_alarm
WEBGL1-LOEO-v1-01,MW,b2b42,lost_normal_alarm,0,deliverables/app_resource_constrained_extension_v1/results/summary/member_deltas.json,/36/events/lost_normal_alarm
WEBGL1-LOEO-v1-01,MW,b2b42,F_to_U,0,deliverables/app_resource_constrained_extension_v1/results/summary/member_deltas.json,/36/events/F_to_U
WEBGL1-LOEO-v1-01,MW,b2b42,U_to_T,0,deliverables/app_resource_constrained_extension_v1/results/summary/member_deltas.json,/36/events/U_to_T
WEBGL1-LOEO-v1-01,MW,b2b42,to_FAILED,0,deliverables/app_resource_constrained_extension_v1/results/summary/member_deltas.json,/36/events/to_FAILED
WEBGL1-LOEO-v1-01,MW,resource54,new_detection,6,deliverables/app_resource_constrained_extension_v1/results/summary/member_deltas.json,/37/events/new_detection
WEBGL1-LOEO-v1-01,MW,resource54,lost_detection,0,deliverables/app_resource_constrained_extension_v1/results/summary/member_deltas.json,/37/events/lost_detection
WEBGL1-LOEO-v1-01,MW,resource54,new_normal_alarm,0,deliverables/app_resource_constrained_extension_v1/results/summary/member_deltas.json,/37/events/new_normal_alarm
WEBGL1-LOEO-v1-01,MW,resource54,lost_normal_alarm,0,deliverables/app_resource_constrained_extension_v1/results/summary/member_deltas.json,/37/events/lost_normal_alarm
WEBGL1-LOEO-v1-01,MW,resource54,F_to_U,0,deliverables/app_resource_constrained_extension_v1/results/summary/member_deltas.json,/37/events/F_to_U
WEBGL1-LOEO-v1-01,MW,resource54,U_to_T,0,deliverables/app_resource_constrained_extension_v1/results/summary/member_deltas.json,/37/events/U_to_T
WEBGL1-LOEO-v1-01,MW,resource54,to_FAILED,0,deliverables/app_resource_constrained_extension_v1/results/summary/member_deltas.json,/37/events/to_FAILED
WEBGL1-LOEO-v1-01,MW,mtc_reserved_validation,new_detection,0,deliverables/app_resource_constrained_extension_v1/results/summary/member_deltas.json,/38/events/new_detection
WEBGL1-LOEO-v1-01,MW,mtc_reserved_validation,lost_detection,0,deliverables/app_resource_constrained_extension_v1/results/summary/member_deltas.json,/38/events/lost_detection
WEBGL1-LOEO-v1-01,MW,mtc_reserved_validation,new_normal_alarm,16,deliverables/app_resource_constrained_extension_v1/results/summary/member_deltas.json,/38/events/new_normal_alarm
WEBGL1-LOEO-v1-01,MW,mtc_reserved_validation,lost_normal_alarm,0,deliverables/app_resource_constrained_extension_v1/results/summary/member_deltas.json,/38/events/lost_normal_alarm
WEBGL1-LOEO-v1-01,MW,mtc_reserved_validation,F_to_U,2,deliverables/app_resource_constrained_extension_v1/results/summary/member_deltas.json,/38/events/F_to_U
WEBGL1-LOEO-v1-01,MW,mtc_reserved_validation,U_to_T,0,deliverables/app_resource_constrained_extension_v1/results/summary/member_deltas.json,/38/events/U_to_T
WEBGL1-LOEO-v1-01,MW,mtc_reserved_validation,to_FAILED,0,deliverables/app_resource_constrained_extension_v1/results/summary/member_deltas.json,/38/events/to_FAILED
WEBGL1-LOEO-v1-01,MW,mtc_development,new_detection,0,deliverables/app_resource_constrained_extension_v1/results/summary/member_deltas.json,/39/events/new_detection
WEBGL1-LOEO-v1-01,MW,mtc_development,lost_detection,0,deliverables/app_resource_constrained_extension_v1/results/summary/member_deltas.json,/39/events/lost_detection
WEBGL1-LOEO-v1-01,MW,mtc_development,new_normal_alarm,6,deliverables/app_resource_constrained_extension_v1/results/summary/member_deltas.json,/39/events/new_normal_alarm
WEBGL1-LOEO-v1-01,MW,mtc_development,lost_normal_alarm,0,deliverables/app_resource_constrained_extension_v1/results/summary/member_deltas.json,/39/events/lost_normal_alarm
WEBGL1-LOEO-v1-01,MW,mtc_development,F_to_U,0,deliverables/app_resource_constrained_extension_v1/results/summary/member_deltas.json,/39/events/F_to_U
WEBGL1-LOEO-v1-01,MW,mtc_development,U_to_T,0,deliverables/app_resource_constrained_extension_v1/results/summary/member_deltas.json,/39/events/U_to_T
WEBGL1-LOEO-v1-01,MW,mtc_development,to_FAILED,0,deliverables/app_resource_constrained_extension_v1/results/summary/member_deltas.json,/39/events/to_FAILED
WEBGL1-LOEO-v1-01,MB,selection,new_detection,6,deliverables/app_resource_constrained_extension_v1/results/summary/member_deltas.json,/40/events/new_detection
WEBGL1-LOEO-v1-01,MB,selection,lost_detection,0,deliverables/app_resource_constrained_extension_v1/results/summary/member_deltas.json,/40/events/lost_detection
WEBGL1-LOEO-v1-01,MB,selection,new_normal_alarm,2,deliverables/app_resource_constrained_extension_v1/results/summary/member_deltas.json,/40/events/new_normal_alarm
WEBGL1-LOEO-v1-01,MB,selection,lost_normal_alarm,0,deliverables/app_resource_constrained_extension_v1/results/summary/member_deltas.json,/40/events/lost_normal_alarm
WEBGL1-LOEO-v1-01,MB,selection,F_to_U,7,deliverables/app_resource_constrained_extension_v1/results/summary/member_deltas.json,/40/events/F_to_U
WEBGL1-LOEO-v1-01,MB,selection,U_to_T,0,deliverables/app_resource_constrained_extension_v1/results/summary/member_deltas.json,/40/events/U_to_T
WEBGL1-LOEO-v1-01,MB,selection,to_FAILED,0,deliverables/app_resource_constrained_extension_v1/results/summary/member_deltas.json,/40/events/to_FAILED
WEBGL1-LOEO-v1-01,MB,historical_evaluation,new_detection,0,deliverables/app_resource_constrained_extension_v1/results/summary/member_deltas.json,/41/events/new_detection
WEBGL1-LOEO-v1-01,MB,historical_evaluation,lost_detection,0,deliverables/app_resource_constrained_extension_v1/results/summary/member_deltas.json,/41/events/lost_detection
WEBGL1-LOEO-v1-01,MB,historical_evaluation,new_normal_alarm,1,deliverables/app_resource_constrained_extension_v1/results/summary/member_deltas.json,/41/events/new_normal_alarm
WEBGL1-LOEO-v1-01,MB,historical_evaluation,lost_normal_alarm,0,deliverables/app_resource_constrained_extension_v1/results/summary/member_deltas.json,/41/events/lost_normal_alarm
WEBGL1-LOEO-v1-01,MB,historical_evaluation,F_to_U,2,deliverables/app_resource_constrained_extension_v1/results/summary/member_deltas.json,/41/events/F_to_U
WEBGL1-LOEO-v1-01,MB,historical_evaluation,U_to_T,0,deliverables/app_resource_constrained_extension_v1/results/summary/member_deltas.json,/41/events/U_to_T
WEBGL1-LOEO-v1-01,MB,historical_evaluation,to_FAILED,0,deliverables/app_resource_constrained_extension_v1/results/summary/member_deltas.json,/41/events/to_FAILED
WEBGL1-LOEO-v1-01,MB,mtc_discovery,new_detection,0,deliverables/app_resource_constrained_extension_v1/results/summary/member_deltas.json,/42/events/new_detection
WEBGL1-LOEO-v1-01,MB,mtc_discovery,lost_detection,0,deliverables/app_resource_constrained_extension_v1/results/summary/member_deltas.json,/42/events/lost_detection
WEBGL1-LOEO-v1-01,MB,mtc_discovery,new_normal_alarm,2,deliverables/app_resource_constrained_extension_v1/results/summary/member_deltas.json,/42/events/new_normal_alarm
WEBGL1-LOEO-v1-01,MB,mtc_discovery,lost_normal_alarm,0,deliverables/app_resource_constrained_extension_v1/results/summary/member_deltas.json,/42/events/lost_normal_alarm
WEBGL1-LOEO-v1-01,MB,mtc_discovery,F_to_U,7,deliverables/app_resource_constrained_extension_v1/results/summary/member_deltas.json,/42/events/F_to_U
WEBGL1-LOEO-v1-01,MB,mtc_discovery,U_to_T,0,deliverables/app_resource_constrained_extension_v1/results/summary/member_deltas.json,/42/events/U_to_T
WEBGL1-LOEO-v1-01,MB,mtc_discovery,to_FAILED,0,deliverables/app_resource_constrained_extension_v1/results/summary/member_deltas.json,/42/events/to_FAILED
WEBGL1-LOEO-v1-01,MB,pilot18,new_detection,0,deliverables/app_resource_constrained_extension_v1/results/summary/member_deltas.json,/43/events/new_detection
WEBGL1-LOEO-v1-01,MB,pilot18,lost_detection,0,deliverables/app_resource_constrained_extension_v1/results/summary/member_deltas.json,/43/events/lost_detection
WEBGL1-LOEO-v1-01,MB,pilot18,new_normal_alarm,0,deliverables/app_resource_constrained_extension_v1/results/summary/member_deltas.json,/43/events/new_normal_alarm
WEBGL1-LOEO-v1-01,MB,pilot18,lost_normal_alarm,0,deliverables/app_resource_constrained_extension_v1/results/summary/member_deltas.json,/43/events/lost_normal_alarm
WEBGL1-LOEO-v1-01,MB,pilot18,F_to_U,0,deliverables/app_resource_constrained_extension_v1/results/summary/member_deltas.json,/43/events/F_to_U
WEBGL1-LOEO-v1-01,MB,pilot18,U_to_T,0,deliverables/app_resource_constrained_extension_v1/results/summary/member_deltas.json,/43/events/U_to_T
WEBGL1-LOEO-v1-01,MB,pilot18,to_FAILED,0,deliverables/app_resource_constrained_extension_v1/results/summary/member_deltas.json,/43/events/to_FAILED
WEBGL1-LOEO-v1-01,MB,b2b42,new_detection,0,deliverables/app_resource_constrained_extension_v1/results/summary/member_deltas.json,/44/events/new_detection
WEBGL1-LOEO-v1-01,MB,b2b42,lost_detection,0,deliverables/app_resource_constrained_extension_v1/results/summary/member_deltas.json,/44/events/lost_detection
WEBGL1-LOEO-v1-01,MB,b2b42,new_normal_alarm,0,deliverables/app_resource_constrained_extension_v1/results/summary/member_deltas.json,/44/events/new_normal_alarm
WEBGL1-LOEO-v1-01,MB,b2b42,lost_normal_alarm,0,deliverables/app_resource_constrained_extension_v1/results/summary/member_deltas.json,/44/events/lost_normal_alarm
WEBGL1-LOEO-v1-01,MB,b2b42,F_to_U,0,deliverables/app_resource_constrained_extension_v1/results/summary/member_deltas.json,/44/events/F_to_U
WEBGL1-LOEO-v1-01,MB,b2b42,U_to_T,0,deliverables/app_resource_constrained_extension_v1/results/summary/member_deltas.json,/44/events/U_to_T
WEBGL1-LOEO-v1-01,MB,b2b42,to_FAILED,0,deliverables/app_resource_constrained_extension_v1/results/summary/member_deltas.json,/44/events/to_FAILED
WEBGL1-LOEO-v1-01,MB,resource54,new_detection,6,deliverables/app_resource_constrained_extension_v1/results/summary/member_deltas.json,/45/events/new_detection
WEBGL1-LOEO-v1-01,MB,resource54,lost_detection,0,deliverables/app_resource_constrained_extension_v1/results/summary/member_deltas.json,/45/events/lost_detection
WEBGL1-LOEO-v1-01,MB,resource54,new_normal_alarm,0,deliverables/app_resource_constrained_extension_v1/results/summary/member_deltas.json,/45/events/new_normal_alarm
WEBGL1-LOEO-v1-01,MB,resource54,lost_normal_alarm,0,deliverables/app_resource_constrained_extension_v1/results/summary/member_deltas.json,/45/events/lost_normal_alarm
WEBGL1-LOEO-v1-01,MB,resource54,F_to_U,0,deliverables/app_resource_constrained_extension_v1/results/summary/member_deltas.json,/45/events/F_to_U
WEBGL1-LOEO-v1-01,MB,resource54,U_to_T,0,deliverables/app_resource_constrained_extension_v1/results/summary/member_deltas.json,/45/events/U_to_T
WEBGL1-LOEO-v1-01,MB,resource54,to_FAILED,0,deliverables/app_resource_constrained_extension_v1/results/summary/member_deltas.json,/45/events/to_FAILED
WEBGL1-LOEO-v1-01,MB,mtc_reserved_validation,new_detection,0,deliverables/app_resource_constrained_extension_v1/results/summary/member_deltas.json,/46/events/new_detection
WEBGL1-LOEO-v1-01,MB,mtc_reserved_validation,lost_detection,0,deliverables/app_resource_constrained_extension_v1/results/summary/member_deltas.json,/46/events/lost_detection
WEBGL1-LOEO-v1-01,MB,mtc_reserved_validation,new_normal_alarm,1,deliverables/app_resource_constrained_extension_v1/results/summary/member_deltas.json,/46/events/new_normal_alarm
WEBGL1-LOEO-v1-01,MB,mtc_reserved_validation,lost_normal_alarm,0,deliverables/app_resource_constrained_extension_v1/results/summary/member_deltas.json,/46/events/lost_normal_alarm
WEBGL1-LOEO-v1-01,MB,mtc_reserved_validation,F_to_U,2,deliverables/app_resource_constrained_extension_v1/results/summary/member_deltas.json,/46/events/F_to_U
WEBGL1-LOEO-v1-01,MB,mtc_reserved_validation,U_to_T,0,deliverables/app_resource_constrained_extension_v1/results/summary/member_deltas.json,/46/events/U_to_T
WEBGL1-LOEO-v1-01,MB,mtc_reserved_validation,to_FAILED,0,deliverables/app_resource_constrained_extension_v1/results/summary/member_deltas.json,/46/events/to_FAILED
WEBGL1-LOEO-v1-01,MB,mtc_development,new_detection,0,deliverables/app_resource_constrained_extension_v1/results/summary/member_deltas.json,/47/events/new_detection
WEBGL1-LOEO-v1-01,MB,mtc_development,lost_detection,0,deliverables/app_resource_constrained_extension_v1/results/summary/member_deltas.json,/47/events/lost_detection
WEBGL1-LOEO-v1-01,MB,mtc_development,new_normal_alarm,0,deliverables/app_resource_constrained_extension_v1/results/summary/member_deltas.json,/47/events/new_normal_alarm
WEBGL1-LOEO-v1-01,MB,mtc_development,lost_normal_alarm,0,deliverables/app_resource_constrained_extension_v1/results/summary/member_deltas.json,/47/events/lost_normal_alarm
WEBGL1-LOEO-v1-01,MB,mtc_development,F_to_U,0,deliverables/app_resource_constrained_extension_v1/results/summary/member_deltas.json,/47/events/F_to_U
WEBGL1-LOEO-v1-01,MB,mtc_development,U_to_T,0,deliverables/app_resource_constrained_extension_v1/results/summary/member_deltas.json,/47/events/U_to_T
WEBGL1-LOEO-v1-01,MB,mtc_development,to_FAILED,0,deliverables/app_resource_constrained_extension_v1/results/summary/member_deltas.json,/47/events/to_FAILED
WEBGL1-LOEO-v1-01,WB,selection,new_detection,6,deliverables/app_resource_constrained_extension_v1/results/summary/member_deltas.json,/48/events/new_detection
WEBGL1-LOEO-v1-01,WB,selection,lost_detection,0,deliverables/app_resource_constrained_extension_v1/results/summary/member_deltas.json,/48/events/lost_detection
WEBGL1-LOEO-v1-01,WB,selection,new_normal_alarm,40,deliverables/app_resource_constrained_extension_v1/results/summary/member_deltas.json,/48/events/new_normal_alarm
WEBGL1-LOEO-v1-01,WB,selection,lost_normal_alarm,0,deliverables/app_resource_constrained_extension_v1/results/summary/member_deltas.json,/48/events/lost_normal_alarm
WEBGL1-LOEO-v1-01,WB,selection,F_to_U,7,deliverables/app_resource_constrained_extension_v1/results/summary/member_deltas.json,/48/events/F_to_U
WEBGL1-LOEO-v1-01,WB,selection,U_to_T,0,deliverables/app_resource_constrained_extension_v1/results/summary/member_deltas.json,/48/events/U_to_T
WEBGL1-LOEO-v1-01,WB,selection,to_FAILED,0,deliverables/app_resource_constrained_extension_v1/results/summary/member_deltas.json,/48/events/to_FAILED
WEBGL1-LOEO-v1-01,WB,historical_evaluation,new_detection,0,deliverables/app_resource_constrained_extension_v1/results/summary/member_deltas.json,/49/events/new_detection
WEBGL1-LOEO-v1-01,WB,historical_evaluation,lost_detection,0,deliverables/app_resource_constrained_extension_v1/results/summary/member_deltas.json,/49/events/lost_detection
WEBGL1-LOEO-v1-01,WB,historical_evaluation,new_normal_alarm,22,deliverables/app_resource_constrained_extension_v1/results/summary/member_deltas.json,/49/events/new_normal_alarm
WEBGL1-LOEO-v1-01,WB,historical_evaluation,lost_normal_alarm,0,deliverables/app_resource_constrained_extension_v1/results/summary/member_deltas.json,/49/events/lost_normal_alarm
WEBGL1-LOEO-v1-01,WB,historical_evaluation,F_to_U,2,deliverables/app_resource_constrained_extension_v1/results/summary/member_deltas.json,/49/events/F_to_U
WEBGL1-LOEO-v1-01,WB,historical_evaluation,U_to_T,0,deliverables/app_resource_constrained_extension_v1/results/summary/member_deltas.json,/49/events/U_to_T
WEBGL1-LOEO-v1-01,WB,historical_evaluation,to_FAILED,0,deliverables/app_resource_constrained_extension_v1/results/summary/member_deltas.json,/49/events/to_FAILED
WEBGL1-LOEO-v1-01,WB,mtc_discovery,new_detection,0,deliverables/app_resource_constrained_extension_v1/results/summary/member_deltas.json,/50/events/new_detection
WEBGL1-LOEO-v1-01,WB,mtc_discovery,lost_detection,0,deliverables/app_resource_constrained_extension_v1/results/summary/member_deltas.json,/50/events/lost_detection
WEBGL1-LOEO-v1-01,WB,mtc_discovery,new_normal_alarm,40,deliverables/app_resource_constrained_extension_v1/results/summary/member_deltas.json,/50/events/new_normal_alarm
WEBGL1-LOEO-v1-01,WB,mtc_discovery,lost_normal_alarm,0,deliverables/app_resource_constrained_extension_v1/results/summary/member_deltas.json,/50/events/lost_normal_alarm
WEBGL1-LOEO-v1-01,WB,mtc_discovery,F_to_U,7,deliverables/app_resource_constrained_extension_v1/results/summary/member_deltas.json,/50/events/F_to_U
WEBGL1-LOEO-v1-01,WB,mtc_discovery,U_to_T,0,deliverables/app_resource_constrained_extension_v1/results/summary/member_deltas.json,/50/events/U_to_T
WEBGL1-LOEO-v1-01,WB,mtc_discovery,to_FAILED,0,deliverables/app_resource_constrained_extension_v1/results/summary/member_deltas.json,/50/events/to_FAILED
WEBGL1-LOEO-v1-01,WB,pilot18,new_detection,0,deliverables/app_resource_constrained_extension_v1/results/summary/member_deltas.json,/51/events/new_detection
WEBGL1-LOEO-v1-01,WB,pilot18,lost_detection,0,deliverables/app_resource_constrained_extension_v1/results/summary/member_deltas.json,/51/events/lost_detection
WEBGL1-LOEO-v1-01,WB,pilot18,new_normal_alarm,0,deliverables/app_resource_constrained_extension_v1/results/summary/member_deltas.json,/51/events/new_normal_alarm
WEBGL1-LOEO-v1-01,WB,pilot18,lost_normal_alarm,0,deliverables/app_resource_constrained_extension_v1/results/summary/member_deltas.json,/51/events/lost_normal_alarm
WEBGL1-LOEO-v1-01,WB,pilot18,F_to_U,0,deliverables/app_resource_constrained_extension_v1/results/summary/member_deltas.json,/51/events/F_to_U
WEBGL1-LOEO-v1-01,WB,pilot18,U_to_T,0,deliverables/app_resource_constrained_extension_v1/results/summary/member_deltas.json,/51/events/U_to_T
WEBGL1-LOEO-v1-01,WB,pilot18,to_FAILED,0,deliverables/app_resource_constrained_extension_v1/results/summary/member_deltas.json,/51/events/to_FAILED
WEBGL1-LOEO-v1-01,WB,b2b42,new_detection,0,deliverables/app_resource_constrained_extension_v1/results/summary/member_deltas.json,/52/events/new_detection
WEBGL1-LOEO-v1-01,WB,b2b42,lost_detection,0,deliverables/app_resource_constrained_extension_v1/results/summary/member_deltas.json,/52/events/lost_detection
WEBGL1-LOEO-v1-01,WB,b2b42,new_normal_alarm,0,deliverables/app_resource_constrained_extension_v1/results/summary/member_deltas.json,/52/events/new_normal_alarm
WEBGL1-LOEO-v1-01,WB,b2b42,lost_normal_alarm,0,deliverables/app_resource_constrained_extension_v1/results/summary/member_deltas.json,/52/events/lost_normal_alarm
WEBGL1-LOEO-v1-01,WB,b2b42,F_to_U,0,deliverables/app_resource_constrained_extension_v1/results/summary/member_deltas.json,/52/events/F_to_U
WEBGL1-LOEO-v1-01,WB,b2b42,U_to_T,0,deliverables/app_resource_constrained_extension_v1/results/summary/member_deltas.json,/52/events/U_to_T
WEBGL1-LOEO-v1-01,WB,b2b42,to_FAILED,0,deliverables/app_resource_constrained_extension_v1/results/summary/member_deltas.json,/52/events/to_FAILED
WEBGL1-LOEO-v1-01,WB,resource54,new_detection,6,deliverables/app_resource_constrained_extension_v1/results/summary/member_deltas.json,/53/events/new_detection
WEBGL1-LOEO-v1-01,WB,resource54,lost_detection,0,deliverables/app_resource_constrained_extension_v1/results/summary/member_deltas.json,/53/events/lost_detection
WEBGL1-LOEO-v1-01,WB,resource54,new_normal_alarm,0,deliverables/app_resource_constrained_extension_v1/results/summary/member_deltas.json,/53/events/new_normal_alarm
WEBGL1-LOEO-v1-01,WB,resource54,lost_normal_alarm,0,deliverables/app_resource_constrained_extension_v1/results/summary/member_deltas.json,/53/events/lost_normal_alarm
WEBGL1-LOEO-v1-01,WB,resource54,F_to_U,0,deliverables/app_resource_constrained_extension_v1/results/summary/member_deltas.json,/53/events/F_to_U
WEBGL1-LOEO-v1-01,WB,resource54,U_to_T,0,deliverables/app_resource_constrained_extension_v1/results/summary/member_deltas.json,/53/events/U_to_T
WEBGL1-LOEO-v1-01,WB,resource54,to_FAILED,0,deliverables/app_resource_constrained_extension_v1/results/summary/member_deltas.json,/53/events/to_FAILED
WEBGL1-LOEO-v1-01,WB,mtc_reserved_validation,new_detection,0,deliverables/app_resource_constrained_extension_v1/results/summary/member_deltas.json,/54/events/new_detection
WEBGL1-LOEO-v1-01,WB,mtc_reserved_validation,lost_detection,0,deliverables/app_resource_constrained_extension_v1/results/summary/member_deltas.json,/54/events/lost_detection
WEBGL1-LOEO-v1-01,WB,mtc_reserved_validation,new_normal_alarm,16,deliverables/app_resource_constrained_extension_v1/results/summary/member_deltas.json,/54/events/new_normal_alarm
WEBGL1-LOEO-v1-01,WB,mtc_reserved_validation,lost_normal_alarm,0,deliverables/app_resource_constrained_extension_v1/results/summary/member_deltas.json,/54/events/lost_normal_alarm
WEBGL1-LOEO-v1-01,WB,mtc_reserved_validation,F_to_U,2,deliverables/app_resource_constrained_extension_v1/results/summary/member_deltas.json,/54/events/F_to_U
WEBGL1-LOEO-v1-01,WB,mtc_reserved_validation,U_to_T,0,deliverables/app_resource_constrained_extension_v1/results/summary/member_deltas.json,/54/events/U_to_T
WEBGL1-LOEO-v1-01,WB,mtc_reserved_validation,to_FAILED,0,deliverables/app_resource_constrained_extension_v1/results/summary/member_deltas.json,/54/events/to_FAILED
WEBGL1-LOEO-v1-01,WB,mtc_development,new_detection,0,deliverables/app_resource_constrained_extension_v1/results/summary/member_deltas.json,/55/events/new_detection
WEBGL1-LOEO-v1-01,WB,mtc_development,lost_detection,0,deliverables/app_resource_constrained_extension_v1/results/summary/member_deltas.json,/55/events/lost_detection
WEBGL1-LOEO-v1-01,WB,mtc_development,new_normal_alarm,6,deliverables/app_resource_constrained_extension_v1/results/summary/member_deltas.json,/55/events/new_normal_alarm
WEBGL1-LOEO-v1-01,WB,mtc_development,lost_normal_alarm,0,deliverables/app_resource_constrained_extension_v1/results/summary/member_deltas.json,/55/events/lost_normal_alarm
WEBGL1-LOEO-v1-01,WB,mtc_development,F_to_U,0,deliverables/app_resource_constrained_extension_v1/results/summary/member_deltas.json,/55/events/F_to_U
WEBGL1-LOEO-v1-01,WB,mtc_development,U_to_T,0,deliverables/app_resource_constrained_extension_v1/results/summary/member_deltas.json,/55/events/U_to_T
WEBGL1-LOEO-v1-01,WB,mtc_development,to_FAILED,0,deliverables/app_resource_constrained_extension_v1/results/summary/member_deltas.json,/55/events/to_FAILED
WEBGL1-LOEO-v1-01,MWB,selection,new_detection,6,deliverables/app_resource_constrained_extension_v1/results/summary/member_deltas.json,/56/events/new_detection
WEBGL1-LOEO-v1-01,MWB,selection,lost_detection,0,deliverables/app_resource_constrained_extension_v1/results/summary/member_deltas.json,/56/events/lost_detection
WEBGL1-LOEO-v1-01,MWB,selection,new_normal_alarm,40,deliverables/app_resource_constrained_extension_v1/results/summary/member_deltas.json,/56/events/new_normal_alarm
WEBGL1-LOEO-v1-01,MWB,selection,lost_normal_alarm,0,deliverables/app_resource_constrained_extension_v1/results/summary/member_deltas.json,/56/events/lost_normal_alarm
WEBGL1-LOEO-v1-01,MWB,selection,F_to_U,7,deliverables/app_resource_constrained_extension_v1/results/summary/member_deltas.json,/56/events/F_to_U
WEBGL1-LOEO-v1-01,MWB,selection,U_to_T,0,deliverables/app_resource_constrained_extension_v1/results/summary/member_deltas.json,/56/events/U_to_T
WEBGL1-LOEO-v1-01,MWB,selection,to_FAILED,0,deliverables/app_resource_constrained_extension_v1/results/summary/member_deltas.json,/56/events/to_FAILED
WEBGL1-LOEO-v1-01,MWB,historical_evaluation,new_detection,0,deliverables/app_resource_constrained_extension_v1/results/summary/member_deltas.json,/57/events/new_detection
WEBGL1-LOEO-v1-01,MWB,historical_evaluation,lost_detection,0,deliverables/app_resource_constrained_extension_v1/results/summary/member_deltas.json,/57/events/lost_detection
WEBGL1-LOEO-v1-01,MWB,historical_evaluation,new_normal_alarm,22,deliverables/app_resource_constrained_extension_v1/results/summary/member_deltas.json,/57/events/new_normal_alarm
WEBGL1-LOEO-v1-01,MWB,historical_evaluation,lost_normal_alarm,0,deliverables/app_resource_constrained_extension_v1/results/summary/member_deltas.json,/57/events/lost_normal_alarm
WEBGL1-LOEO-v1-01,MWB,historical_evaluation,F_to_U,2,deliverables/app_resource_constrained_extension_v1/results/summary/member_deltas.json,/57/events/F_to_U
WEBGL1-LOEO-v1-01,MWB,historical_evaluation,U_to_T,0,deliverables/app_resource_constrained_extension_v1/results/summary/member_deltas.json,/57/events/U_to_T
WEBGL1-LOEO-v1-01,MWB,historical_evaluation,to_FAILED,0,deliverables/app_resource_constrained_extension_v1/results/summary/member_deltas.json,/57/events/to_FAILED
WEBGL1-LOEO-v1-01,MWB,mtc_discovery,new_detection,0,deliverables/app_resource_constrained_extension_v1/results/summary/member_deltas.json,/58/events/new_detection
WEBGL1-LOEO-v1-01,MWB,mtc_discovery,lost_detection,0,deliverables/app_resource_constrained_extension_v1/results/summary/member_deltas.json,/58/events/lost_detection
WEBGL1-LOEO-v1-01,MWB,mtc_discovery,new_normal_alarm,40,deliverables/app_resource_constrained_extension_v1/results/summary/member_deltas.json,/58/events/new_normal_alarm
WEBGL1-LOEO-v1-01,MWB,mtc_discovery,lost_normal_alarm,0,deliverables/app_resource_constrained_extension_v1/results/summary/member_deltas.json,/58/events/lost_normal_alarm
WEBGL1-LOEO-v1-01,MWB,mtc_discovery,F_to_U,7,deliverables/app_resource_constrained_extension_v1/results/summary/member_deltas.json,/58/events/F_to_U
WEBGL1-LOEO-v1-01,MWB,mtc_discovery,U_to_T,0,deliverables/app_resource_constrained_extension_v1/results/summary/member_deltas.json,/58/events/U_to_T
WEBGL1-LOEO-v1-01,MWB,mtc_discovery,to_FAILED,0,deliverables/app_resource_constrained_extension_v1/results/summary/member_deltas.json,/58/events/to_FAILED
WEBGL1-LOEO-v1-01,MWB,pilot18,new_detection,0,deliverables/app_resource_constrained_extension_v1/results/summary/member_deltas.json,/59/events/new_detection
WEBGL1-LOEO-v1-01,MWB,pilot18,lost_detection,0,deliverables/app_resource_constrained_extension_v1/results/summary/member_deltas.json,/59/events/lost_detection
WEBGL1-LOEO-v1-01,MWB,pilot18,new_normal_alarm,0,deliverables/app_resource_constrained_extension_v1/results/summary/member_deltas.json,/59/events/new_normal_alarm
WEBGL1-LOEO-v1-01,MWB,pilot18,lost_normal_alarm,0,deliverables/app_resource_constrained_extension_v1/results/summary/member_deltas.json,/59/events/lost_normal_alarm
WEBGL1-LOEO-v1-01,MWB,pilot18,F_to_U,0,deliverables/app_resource_constrained_extension_v1/results/summary/member_deltas.json,/59/events/F_to_U
WEBGL1-LOEO-v1-01,MWB,pilot18,U_to_T,0,deliverables/app_resource_constrained_extension_v1/results/summary/member_deltas.json,/59/events/U_to_T
WEBGL1-LOEO-v1-01,MWB,pilot18,to_FAILED,0,deliverables/app_resource_constrained_extension_v1/results/summary/member_deltas.json,/59/events/to_FAILED
WEBGL1-LOEO-v1-01,MWB,b2b42,new_detection,0,deliverables/app_resource_constrained_extension_v1/results/summary/member_deltas.json,/60/events/new_detection
WEBGL1-LOEO-v1-01,MWB,b2b42,lost_detection,0,deliverables/app_resource_constrained_extension_v1/results/summary/member_deltas.json,/60/events/lost_detection
WEBGL1-LOEO-v1-01,MWB,b2b42,new_normal_alarm,0,deliverables/app_resource_constrained_extension_v1/results/summary/member_deltas.json,/60/events/new_normal_alarm
WEBGL1-LOEO-v1-01,MWB,b2b42,lost_normal_alarm,0,deliverables/app_resource_constrained_extension_v1/results/summary/member_deltas.json,/60/events/lost_normal_alarm
WEBGL1-LOEO-v1-01,MWB,b2b42,F_to_U,0,deliverables/app_resource_constrained_extension_v1/results/summary/member_deltas.json,/60/events/F_to_U
WEBGL1-LOEO-v1-01,MWB,b2b42,U_to_T,0,deliverables/app_resource_constrained_extension_v1/results/summary/member_deltas.json,/60/events/U_to_T
WEBGL1-LOEO-v1-01,MWB,b2b42,to_FAILED,0,deliverables/app_resource_constrained_extension_v1/results/summary/member_deltas.json,/60/events/to_FAILED
WEBGL1-LOEO-v1-01,MWB,resource54,new_detection,6,deliverables/app_resource_constrained_extension_v1/results/summary/member_deltas.json,/61/events/new_detection
WEBGL1-LOEO-v1-01,MWB,resource54,lost_detection,0,deliverables/app_resource_constrained_extension_v1/results/summary/member_deltas.json,/61/events/lost_detection
WEBGL1-LOEO-v1-01,MWB,resource54,new_normal_alarm,0,deliverables/app_resource_constrained_extension_v1/results/summary/member_deltas.json,/61/events/new_normal_alarm
WEBGL1-LOEO-v1-01,MWB,resource54,lost_normal_alarm,0,deliverables/app_resource_constrained_extension_v1/results/summary/member_deltas.json,/61/events/lost_normal_alarm
WEBGL1-LOEO-v1-01,MWB,resource54,F_to_U,0,deliverables/app_resource_constrained_extension_v1/results/summary/member_deltas.json,/61/events/F_to_U
WEBGL1-LOEO-v1-01,MWB,resource54,U_to_T,0,deliverables/app_resource_constrained_extension_v1/results/summary/member_deltas.json,/61/events/U_to_T
WEBGL1-LOEO-v1-01,MWB,resource54,to_FAILED,0,deliverables/app_resource_constrained_extension_v1/results/summary/member_deltas.json,/61/events/to_FAILED
WEBGL1-LOEO-v1-01,MWB,mtc_reserved_validation,new_detection,0,deliverables/app_resource_constrained_extension_v1/results/summary/member_deltas.json,/62/events/new_detection
WEBGL1-LOEO-v1-01,MWB,mtc_reserved_validation,lost_detection,0,deliverables/app_resource_constrained_extension_v1/results/summary/member_deltas.json,/62/events/lost_detection
WEBGL1-LOEO-v1-01,MWB,mtc_reserved_validation,new_normal_alarm,16,deliverables/app_resource_constrained_extension_v1/results/summary/member_deltas.json,/62/events/new_normal_alarm
WEBGL1-LOEO-v1-01,MWB,mtc_reserved_validation,lost_normal_alarm,0,deliverables/app_resource_constrained_extension_v1/results/summary/member_deltas.json,/62/events/lost_normal_alarm
WEBGL1-LOEO-v1-01,MWB,mtc_reserved_validation,F_to_U,2,deliverables/app_resource_constrained_extension_v1/results/summary/member_deltas.json,/62/events/F_to_U
WEBGL1-LOEO-v1-01,MWB,mtc_reserved_validation,U_to_T,0,deliverables/app_resource_constrained_extension_v1/results/summary/member_deltas.json,/62/events/U_to_T
WEBGL1-LOEO-v1-01,MWB,mtc_reserved_validation,to_FAILED,0,deliverables/app_resource_constrained_extension_v1/results/summary/member_deltas.json,/62/events/to_FAILED
WEBGL1-LOEO-v1-01,MWB,mtc_development,new_detection,0,deliverables/app_resource_constrained_extension_v1/results/summary/member_deltas.json,/63/events/new_detection
WEBGL1-LOEO-v1-01,MWB,mtc_development,lost_detection,0,deliverables/app_resource_constrained_extension_v1/results/summary/member_deltas.json,/63/events/lost_detection
WEBGL1-LOEO-v1-01,MWB,mtc_development,new_normal_alarm,6,deliverables/app_resource_constrained_extension_v1/results/summary/member_deltas.json,/63/events/new_normal_alarm
WEBGL1-LOEO-v1-01,MWB,mtc_development,lost_normal_alarm,0,deliverables/app_resource_constrained_extension_v1/results/summary/member_deltas.json,/63/events/lost_normal_alarm
WEBGL1-LOEO-v1-01,MWB,mtc_development,F_to_U,0,deliverables/app_resource_constrained_extension_v1/results/summary/member_deltas.json,/63/events/F_to_U
WEBGL1-LOEO-v1-01,MWB,mtc_development,U_to_T,0,deliverables/app_resource_constrained_extension_v1/results/summary/member_deltas.json,/63/events/U_to_T
WEBGL1-LOEO-v1-01,MWB,mtc_development,to_FAILED,0,deliverables/app_resource_constrained_extension_v1/results/summary/member_deltas.json,/63/events/to_FAILED
WEBGL1-LOEO-v1-02,S0,selection,new_detection,0,deliverables/app_resource_constrained_extension_v1/results/summary/member_deltas.json,/64/events/new_detection
WEBGL1-LOEO-v1-02,S0,selection,lost_detection,0,deliverables/app_resource_constrained_extension_v1/results/summary/member_deltas.json,/64/events/lost_detection
WEBGL1-LOEO-v1-02,S0,selection,new_normal_alarm,0,deliverables/app_resource_constrained_extension_v1/results/summary/member_deltas.json,/64/events/new_normal_alarm
WEBGL1-LOEO-v1-02,S0,selection,lost_normal_alarm,0,deliverables/app_resource_constrained_extension_v1/results/summary/member_deltas.json,/64/events/lost_normal_alarm
WEBGL1-LOEO-v1-02,S0,selection,F_to_U,0,deliverables/app_resource_constrained_extension_v1/results/summary/member_deltas.json,/64/events/F_to_U
WEBGL1-LOEO-v1-02,S0,selection,U_to_T,0,deliverables/app_resource_constrained_extension_v1/results/summary/member_deltas.json,/64/events/U_to_T
WEBGL1-LOEO-v1-02,S0,selection,to_FAILED,0,deliverables/app_resource_constrained_extension_v1/results/summary/member_deltas.json,/64/events/to_FAILED
WEBGL1-LOEO-v1-02,S0,historical_evaluation,new_detection,0,deliverables/app_resource_constrained_extension_v1/results/summary/member_deltas.json,/65/events/new_detection
WEBGL1-LOEO-v1-02,S0,historical_evaluation,lost_detection,0,deliverables/app_resource_constrained_extension_v1/results/summary/member_deltas.json,/65/events/lost_detection
WEBGL1-LOEO-v1-02,S0,historical_evaluation,new_normal_alarm,0,deliverables/app_resource_constrained_extension_v1/results/summary/member_deltas.json,/65/events/new_normal_alarm
WEBGL1-LOEO-v1-02,S0,historical_evaluation,lost_normal_alarm,0,deliverables/app_resource_constrained_extension_v1/results/summary/member_deltas.json,/65/events/lost_normal_alarm
WEBGL1-LOEO-v1-02,S0,historical_evaluation,F_to_U,0,deliverables/app_resource_constrained_extension_v1/results/summary/member_deltas.json,/65/events/F_to_U
WEBGL1-LOEO-v1-02,S0,historical_evaluation,U_to_T,0,deliverables/app_resource_constrained_extension_v1/results/summary/member_deltas.json,/65/events/U_to_T
WEBGL1-LOEO-v1-02,S0,historical_evaluation,to_FAILED,0,deliverables/app_resource_constrained_extension_v1/results/summary/member_deltas.json,/65/events/to_FAILED
WEBGL1-LOEO-v1-02,S0,mtc_discovery,new_detection,0,deliverables/app_resource_constrained_extension_v1/results/summary/member_deltas.json,/66/events/new_detection
WEBGL1-LOEO-v1-02,S0,mtc_discovery,lost_detection,0,deliverables/app_resource_constrained_extension_v1/results/summary/member_deltas.json,/66/events/lost_detection
WEBGL1-LOEO-v1-02,S0,mtc_discovery,new_normal_alarm,0,deliverables/app_resource_constrained_extension_v1/results/summary/member_deltas.json,/66/events/new_normal_alarm
WEBGL1-LOEO-v1-02,S0,mtc_discovery,lost_normal_alarm,0,deliverables/app_resource_constrained_extension_v1/results/summary/member_deltas.json,/66/events/lost_normal_alarm
WEBGL1-LOEO-v1-02,S0,mtc_discovery,F_to_U,0,deliverables/app_resource_constrained_extension_v1/results/summary/member_deltas.json,/66/events/F_to_U
WEBGL1-LOEO-v1-02,S0,mtc_discovery,U_to_T,0,deliverables/app_resource_constrained_extension_v1/results/summary/member_deltas.json,/66/events/U_to_T
WEBGL1-LOEO-v1-02,S0,mtc_discovery,to_FAILED,0,deliverables/app_resource_constrained_extension_v1/results/summary/member_deltas.json,/66/events/to_FAILED
WEBGL1-LOEO-v1-02,S0,pilot18,new_detection,0,deliverables/app_resource_constrained_extension_v1/results/summary/member_deltas.json,/67/events/new_detection
WEBGL1-LOEO-v1-02,S0,pilot18,lost_detection,0,deliverables/app_resource_constrained_extension_v1/results/summary/member_deltas.json,/67/events/lost_detection
WEBGL1-LOEO-v1-02,S0,pilot18,new_normal_alarm,0,deliverables/app_resource_constrained_extension_v1/results/summary/member_deltas.json,/67/events/new_normal_alarm
WEBGL1-LOEO-v1-02,S0,pilot18,lost_normal_alarm,0,deliverables/app_resource_constrained_extension_v1/results/summary/member_deltas.json,/67/events/lost_normal_alarm
WEBGL1-LOEO-v1-02,S0,pilot18,F_to_U,0,deliverables/app_resource_constrained_extension_v1/results/summary/member_deltas.json,/67/events/F_to_U
WEBGL1-LOEO-v1-02,S0,pilot18,U_to_T,0,deliverables/app_resource_constrained_extension_v1/results/summary/member_deltas.json,/67/events/U_to_T
WEBGL1-LOEO-v1-02,S0,pilot18,to_FAILED,0,deliverables/app_resource_constrained_extension_v1/results/summary/member_deltas.json,/67/events/to_FAILED
WEBGL1-LOEO-v1-02,S0,b2b42,new_detection,0,deliverables/app_resource_constrained_extension_v1/results/summary/member_deltas.json,/68/events/new_detection
WEBGL1-LOEO-v1-02,S0,b2b42,lost_detection,0,deliverables/app_resource_constrained_extension_v1/results/summary/member_deltas.json,/68/events/lost_detection
WEBGL1-LOEO-v1-02,S0,b2b42,new_normal_alarm,0,deliverables/app_resource_constrained_extension_v1/results/summary/member_deltas.json,/68/events/new_normal_alarm
WEBGL1-LOEO-v1-02,S0,b2b42,lost_normal_alarm,0,deliverables/app_resource_constrained_extension_v1/results/summary/member_deltas.json,/68/events/lost_normal_alarm
WEBGL1-LOEO-v1-02,S0,b2b42,F_to_U,0,deliverables/app_resource_constrained_extension_v1/results/summary/member_deltas.json,/68/events/F_to_U
WEBGL1-LOEO-v1-02,S0,b2b42,U_to_T,0,deliverables/app_resource_constrained_extension_v1/results/summary/member_deltas.json,/68/events/U_to_T
WEBGL1-LOEO-v1-02,S0,b2b42,to_FAILED,0,deliverables/app_resource_constrained_extension_v1/results/summary/member_deltas.json,/68/events/to_FAILED
WEBGL1-LOEO-v1-02,S0,resource54,new_detection,0,deliverables/app_resource_constrained_extension_v1/results/summary/member_deltas.json,/69/events/new_detection
WEBGL1-LOEO-v1-02,S0,resource54,lost_detection,0,deliverables/app_resource_constrained_extension_v1/results/summary/member_deltas.json,/69/events/lost_detection
WEBGL1-LOEO-v1-02,S0,resource54,new_normal_alarm,0,deliverables/app_resource_constrained_extension_v1/results/summary/member_deltas.json,/69/events/new_normal_alarm
WEBGL1-LOEO-v1-02,S0,resource54,lost_normal_alarm,0,deliverables/app_resource_constrained_extension_v1/results/summary/member_deltas.json,/69/events/lost_normal_alarm
WEBGL1-LOEO-v1-02,S0,resource54,F_to_U,0,deliverables/app_resource_constrained_extension_v1/results/summary/member_deltas.json,/69/events/F_to_U
WEBGL1-LOEO-v1-02,S0,resource54,U_to_T,0,deliverables/app_resource_constrained_extension_v1/results/summary/member_deltas.json,/69/events/U_to_T
WEBGL1-LOEO-v1-02,S0,resource54,to_FAILED,0,deliverables/app_resource_constrained_extension_v1/results/summary/member_deltas.json,/69/events/to_FAILED
WEBGL1-LOEO-v1-02,S0,mtc_reserved_validation,new_detection,0,deliverables/app_resource_constrained_extension_v1/results/summary/member_deltas.json,/70/events/new_detection
WEBGL1-LOEO-v1-02,S0,mtc_reserved_validation,lost_detection,0,deliverables/app_resource_constrained_extension_v1/results/summary/member_deltas.json,/70/events/lost_detection
WEBGL1-LOEO-v1-02,S0,mtc_reserved_validation,new_normal_alarm,0,deliverables/app_resource_constrained_extension_v1/results/summary/member_deltas.json,/70/events/new_normal_alarm
WEBGL1-LOEO-v1-02,S0,mtc_reserved_validation,lost_normal_alarm,0,deliverables/app_resource_constrained_extension_v1/results/summary/member_deltas.json,/70/events/lost_normal_alarm
WEBGL1-LOEO-v1-02,S0,mtc_reserved_validation,F_to_U,0,deliverables/app_resource_constrained_extension_v1/results/summary/member_deltas.json,/70/events/F_to_U
WEBGL1-LOEO-v1-02,S0,mtc_reserved_validation,U_to_T,0,deliverables/app_resource_constrained_extension_v1/results/summary/member_deltas.json,/70/events/U_to_T
WEBGL1-LOEO-v1-02,S0,mtc_reserved_validation,to_FAILED,0,deliverables/app_resource_constrained_extension_v1/results/summary/member_deltas.json,/70/events/to_FAILED
WEBGL1-LOEO-v1-02,S0,mtc_development,new_detection,0,deliverables/app_resource_constrained_extension_v1/results/summary/member_deltas.json,/71/events/new_detection
WEBGL1-LOEO-v1-02,S0,mtc_development,lost_detection,0,deliverables/app_resource_constrained_extension_v1/results/summary/member_deltas.json,/71/events/lost_detection
WEBGL1-LOEO-v1-02,S0,mtc_development,new_normal_alarm,0,deliverables/app_resource_constrained_extension_v1/results/summary/member_deltas.json,/71/events/new_normal_alarm
WEBGL1-LOEO-v1-02,S0,mtc_development,lost_normal_alarm,0,deliverables/app_resource_constrained_extension_v1/results/summary/member_deltas.json,/71/events/lost_normal_alarm
WEBGL1-LOEO-v1-02,S0,mtc_development,F_to_U,0,deliverables/app_resource_constrained_extension_v1/results/summary/member_deltas.json,/71/events/F_to_U
WEBGL1-LOEO-v1-02,S0,mtc_development,U_to_T,0,deliverables/app_resource_constrained_extension_v1/results/summary/member_deltas.json,/71/events/U_to_T
WEBGL1-LOEO-v1-02,S0,mtc_development,to_FAILED,0,deliverables/app_resource_constrained_extension_v1/results/summary/member_deltas.json,/71/events/to_FAILED
WEBGL1-LOEO-v1-02,M,selection,new_detection,6,deliverables/app_resource_constrained_extension_v1/results/summary/member_deltas.json,/72/events/new_detection
WEBGL1-LOEO-v1-02,M,selection,lost_detection,0,deliverables/app_resource_constrained_extension_v1/results/summary/member_deltas.json,/72/events/lost_detection
WEBGL1-LOEO-v1-02,M,selection,new_normal_alarm,2,deliverables/app_resource_constrained_extension_v1/results/summary/member_deltas.json,/72/events/new_normal_alarm
WEBGL1-LOEO-v1-02,M,selection,lost_normal_alarm,0,deliverables/app_resource_constrained_extension_v1/results/summary/member_deltas.json,/72/events/lost_normal_alarm
WEBGL1-LOEO-v1-02,M,selection,F_to_U,7,deliverables/app_resource_constrained_extension_v1/results/summary/member_deltas.json,/72/events/F_to_U
WEBGL1-LOEO-v1-02,M,selection,U_to_T,0,deliverables/app_resource_constrained_extension_v1/results/summary/member_deltas.json,/72/events/U_to_T
WEBGL1-LOEO-v1-02,M,selection,to_FAILED,0,deliverables/app_resource_constrained_extension_v1/results/summary/member_deltas.json,/72/events/to_FAILED
WEBGL1-LOEO-v1-02,M,historical_evaluation,new_detection,0,deliverables/app_resource_constrained_extension_v1/results/summary/member_deltas.json,/73/events/new_detection
WEBGL1-LOEO-v1-02,M,historical_evaluation,lost_detection,0,deliverables/app_resource_constrained_extension_v1/results/summary/member_deltas.json,/73/events/lost_detection
WEBGL1-LOEO-v1-02,M,historical_evaluation,new_normal_alarm,1,deliverables/app_resource_constrained_extension_v1/results/summary/member_deltas.json,/73/events/new_normal_alarm
WEBGL1-LOEO-v1-02,M,historical_evaluation,lost_normal_alarm,0,deliverables/app_resource_constrained_extension_v1/results/summary/member_deltas.json,/73/events/lost_normal_alarm
WEBGL1-LOEO-v1-02,M,historical_evaluation,F_to_U,2,deliverables/app_resource_constrained_extension_v1/results/summary/member_deltas.json,/73/events/F_to_U
WEBGL1-LOEO-v1-02,M,historical_evaluation,U_to_T,0,deliverables/app_resource_constrained_extension_v1/results/summary/member_deltas.json,/73/events/U_to_T
WEBGL1-LOEO-v1-02,M,historical_evaluation,to_FAILED,0,deliverables/app_resource_constrained_extension_v1/results/summary/member_deltas.json,/73/events/to_FAILED
WEBGL1-LOEO-v1-02,M,mtc_discovery,new_detection,0,deliverables/app_resource_constrained_extension_v1/results/summary/member_deltas.json,/74/events/new_detection
WEBGL1-LOEO-v1-02,M,mtc_discovery,lost_detection,0,deliverables/app_resource_constrained_extension_v1/results/summary/member_deltas.json,/74/events/lost_detection
WEBGL1-LOEO-v1-02,M,mtc_discovery,new_normal_alarm,2,deliverables/app_resource_constrained_extension_v1/results/summary/member_deltas.json,/74/events/new_normal_alarm
WEBGL1-LOEO-v1-02,M,mtc_discovery,lost_normal_alarm,0,deliverables/app_resource_constrained_extension_v1/results/summary/member_deltas.json,/74/events/lost_normal_alarm
WEBGL1-LOEO-v1-02,M,mtc_discovery,F_to_U,7,deliverables/app_resource_constrained_extension_v1/results/summary/member_deltas.json,/74/events/F_to_U
WEBGL1-LOEO-v1-02,M,mtc_discovery,U_to_T,0,deliverables/app_resource_constrained_extension_v1/results/summary/member_deltas.json,/74/events/U_to_T
WEBGL1-LOEO-v1-02,M,mtc_discovery,to_FAILED,0,deliverables/app_resource_constrained_extension_v1/results/summary/member_deltas.json,/74/events/to_FAILED
WEBGL1-LOEO-v1-02,M,pilot18,new_detection,0,deliverables/app_resource_constrained_extension_v1/results/summary/member_deltas.json,/75/events/new_detection
WEBGL1-LOEO-v1-02,M,pilot18,lost_detection,0,deliverables/app_resource_constrained_extension_v1/results/summary/member_deltas.json,/75/events/lost_detection
WEBGL1-LOEO-v1-02,M,pilot18,new_normal_alarm,0,deliverables/app_resource_constrained_extension_v1/results/summary/member_deltas.json,/75/events/new_normal_alarm
WEBGL1-LOEO-v1-02,M,pilot18,lost_normal_alarm,0,deliverables/app_resource_constrained_extension_v1/results/summary/member_deltas.json,/75/events/lost_normal_alarm
WEBGL1-LOEO-v1-02,M,pilot18,F_to_U,0,deliverables/app_resource_constrained_extension_v1/results/summary/member_deltas.json,/75/events/F_to_U
WEBGL1-LOEO-v1-02,M,pilot18,U_to_T,0,deliverables/app_resource_constrained_extension_v1/results/summary/member_deltas.json,/75/events/U_to_T
WEBGL1-LOEO-v1-02,M,pilot18,to_FAILED,0,deliverables/app_resource_constrained_extension_v1/results/summary/member_deltas.json,/75/events/to_FAILED
WEBGL1-LOEO-v1-02,M,b2b42,new_detection,0,deliverables/app_resource_constrained_extension_v1/results/summary/member_deltas.json,/76/events/new_detection
WEBGL1-LOEO-v1-02,M,b2b42,lost_detection,0,deliverables/app_resource_constrained_extension_v1/results/summary/member_deltas.json,/76/events/lost_detection
WEBGL1-LOEO-v1-02,M,b2b42,new_normal_alarm,0,deliverables/app_resource_constrained_extension_v1/results/summary/member_deltas.json,/76/events/new_normal_alarm
WEBGL1-LOEO-v1-02,M,b2b42,lost_normal_alarm,0,deliverables/app_resource_constrained_extension_v1/results/summary/member_deltas.json,/76/events/lost_normal_alarm
WEBGL1-LOEO-v1-02,M,b2b42,F_to_U,0,deliverables/app_resource_constrained_extension_v1/results/summary/member_deltas.json,/76/events/F_to_U
WEBGL1-LOEO-v1-02,M,b2b42,U_to_T,0,deliverables/app_resource_constrained_extension_v1/results/summary/member_deltas.json,/76/events/U_to_T
WEBGL1-LOEO-v1-02,M,b2b42,to_FAILED,0,deliverables/app_resource_constrained_extension_v1/results/summary/member_deltas.json,/76/events/to_FAILED
WEBGL1-LOEO-v1-02,M,resource54,new_detection,6,deliverables/app_resource_constrained_extension_v1/results/summary/member_deltas.json,/77/events/new_detection
WEBGL1-LOEO-v1-02,M,resource54,lost_detection,0,deliverables/app_resource_constrained_extension_v1/results/summary/member_deltas.json,/77/events/lost_detection
WEBGL1-LOEO-v1-02,M,resource54,new_normal_alarm,0,deliverables/app_resource_constrained_extension_v1/results/summary/member_deltas.json,/77/events/new_normal_alarm
WEBGL1-LOEO-v1-02,M,resource54,lost_normal_alarm,0,deliverables/app_resource_constrained_extension_v1/results/summary/member_deltas.json,/77/events/lost_normal_alarm
WEBGL1-LOEO-v1-02,M,resource54,F_to_U,0,deliverables/app_resource_constrained_extension_v1/results/summary/member_deltas.json,/77/events/F_to_U
WEBGL1-LOEO-v1-02,M,resource54,U_to_T,0,deliverables/app_resource_constrained_extension_v1/results/summary/member_deltas.json,/77/events/U_to_T
WEBGL1-LOEO-v1-02,M,resource54,to_FAILED,0,deliverables/app_resource_constrained_extension_v1/results/summary/member_deltas.json,/77/events/to_FAILED
WEBGL1-LOEO-v1-02,M,mtc_reserved_validation,new_detection,0,deliverables/app_resource_constrained_extension_v1/results/summary/member_deltas.json,/78/events/new_detection
WEBGL1-LOEO-v1-02,M,mtc_reserved_validation,lost_detection,0,deliverables/app_resource_constrained_extension_v1/results/summary/member_deltas.json,/78/events/lost_detection
WEBGL1-LOEO-v1-02,M,mtc_reserved_validation,new_normal_alarm,1,deliverables/app_resource_constrained_extension_v1/results/summary/member_deltas.json,/78/events/new_normal_alarm
WEBGL1-LOEO-v1-02,M,mtc_reserved_validation,lost_normal_alarm,0,deliverables/app_resource_constrained_extension_v1/results/summary/member_deltas.json,/78/events/lost_normal_alarm
WEBGL1-LOEO-v1-02,M,mtc_reserved_validation,F_to_U,2,deliverables/app_resource_constrained_extension_v1/results/summary/member_deltas.json,/78/events/F_to_U
WEBGL1-LOEO-v1-02,M,mtc_reserved_validation,U_to_T,0,deliverables/app_resource_constrained_extension_v1/results/summary/member_deltas.json,/78/events/U_to_T
WEBGL1-LOEO-v1-02,M,mtc_reserved_validation,to_FAILED,0,deliverables/app_resource_constrained_extension_v1/results/summary/member_deltas.json,/78/events/to_FAILED
WEBGL1-LOEO-v1-02,M,mtc_development,new_detection,0,deliverables/app_resource_constrained_extension_v1/results/summary/member_deltas.json,/79/events/new_detection
WEBGL1-LOEO-v1-02,M,mtc_development,lost_detection,0,deliverables/app_resource_constrained_extension_v1/results/summary/member_deltas.json,/79/events/lost_detection
WEBGL1-LOEO-v1-02,M,mtc_development,new_normal_alarm,0,deliverables/app_resource_constrained_extension_v1/results/summary/member_deltas.json,/79/events/new_normal_alarm
WEBGL1-LOEO-v1-02,M,mtc_development,lost_normal_alarm,0,deliverables/app_resource_constrained_extension_v1/results/summary/member_deltas.json,/79/events/lost_normal_alarm
WEBGL1-LOEO-v1-02,M,mtc_development,F_to_U,0,deliverables/app_resource_constrained_extension_v1/results/summary/member_deltas.json,/79/events/F_to_U
WEBGL1-LOEO-v1-02,M,mtc_development,U_to_T,0,deliverables/app_resource_constrained_extension_v1/results/summary/member_deltas.json,/79/events/U_to_T
WEBGL1-LOEO-v1-02,M,mtc_development,to_FAILED,0,deliverables/app_resource_constrained_extension_v1/results/summary/member_deltas.json,/79/events/to_FAILED
WEBGL1-LOEO-v1-02,W,selection,new_detection,6,deliverables/app_resource_constrained_extension_v1/results/summary/member_deltas.json,/80/events/new_detection
WEBGL1-LOEO-v1-02,W,selection,lost_detection,0,deliverables/app_resource_constrained_extension_v1/results/summary/member_deltas.json,/80/events/lost_detection
WEBGL1-LOEO-v1-02,W,selection,new_normal_alarm,40,deliverables/app_resource_constrained_extension_v1/results/summary/member_deltas.json,/80/events/new_normal_alarm
WEBGL1-LOEO-v1-02,W,selection,lost_normal_alarm,0,deliverables/app_resource_constrained_extension_v1/results/summary/member_deltas.json,/80/events/lost_normal_alarm
WEBGL1-LOEO-v1-02,W,selection,F_to_U,7,deliverables/app_resource_constrained_extension_v1/results/summary/member_deltas.json,/80/events/F_to_U
WEBGL1-LOEO-v1-02,W,selection,U_to_T,0,deliverables/app_resource_constrained_extension_v1/results/summary/member_deltas.json,/80/events/U_to_T
WEBGL1-LOEO-v1-02,W,selection,to_FAILED,0,deliverables/app_resource_constrained_extension_v1/results/summary/member_deltas.json,/80/events/to_FAILED
WEBGL1-LOEO-v1-02,W,historical_evaluation,new_detection,0,deliverables/app_resource_constrained_extension_v1/results/summary/member_deltas.json,/81/events/new_detection
WEBGL1-LOEO-v1-02,W,historical_evaluation,lost_detection,0,deliverables/app_resource_constrained_extension_v1/results/summary/member_deltas.json,/81/events/lost_detection
WEBGL1-LOEO-v1-02,W,historical_evaluation,new_normal_alarm,22,deliverables/app_resource_constrained_extension_v1/results/summary/member_deltas.json,/81/events/new_normal_alarm
WEBGL1-LOEO-v1-02,W,historical_evaluation,lost_normal_alarm,0,deliverables/app_resource_constrained_extension_v1/results/summary/member_deltas.json,/81/events/lost_normal_alarm
WEBGL1-LOEO-v1-02,W,historical_evaluation,F_to_U,2,deliverables/app_resource_constrained_extension_v1/results/summary/member_deltas.json,/81/events/F_to_U
WEBGL1-LOEO-v1-02,W,historical_evaluation,U_to_T,0,deliverables/app_resource_constrained_extension_v1/results/summary/member_deltas.json,/81/events/U_to_T
WEBGL1-LOEO-v1-02,W,historical_evaluation,to_FAILED,0,deliverables/app_resource_constrained_extension_v1/results/summary/member_deltas.json,/81/events/to_FAILED
WEBGL1-LOEO-v1-02,W,mtc_discovery,new_detection,0,deliverables/app_resource_constrained_extension_v1/results/summary/member_deltas.json,/82/events/new_detection
WEBGL1-LOEO-v1-02,W,mtc_discovery,lost_detection,0,deliverables/app_resource_constrained_extension_v1/results/summary/member_deltas.json,/82/events/lost_detection
WEBGL1-LOEO-v1-02,W,mtc_discovery,new_normal_alarm,40,deliverables/app_resource_constrained_extension_v1/results/summary/member_deltas.json,/82/events/new_normal_alarm
WEBGL1-LOEO-v1-02,W,mtc_discovery,lost_normal_alarm,0,deliverables/app_resource_constrained_extension_v1/results/summary/member_deltas.json,/82/events/lost_normal_alarm
WEBGL1-LOEO-v1-02,W,mtc_discovery,F_to_U,7,deliverables/app_resource_constrained_extension_v1/results/summary/member_deltas.json,/82/events/F_to_U
WEBGL1-LOEO-v1-02,W,mtc_discovery,U_to_T,0,deliverables/app_resource_constrained_extension_v1/results/summary/member_deltas.json,/82/events/U_to_T
WEBGL1-LOEO-v1-02,W,mtc_discovery,to_FAILED,0,deliverables/app_resource_constrained_extension_v1/results/summary/member_deltas.json,/82/events/to_FAILED
WEBGL1-LOEO-v1-02,W,pilot18,new_detection,0,deliverables/app_resource_constrained_extension_v1/results/summary/member_deltas.json,/83/events/new_detection
WEBGL1-LOEO-v1-02,W,pilot18,lost_detection,0,deliverables/app_resource_constrained_extension_v1/results/summary/member_deltas.json,/83/events/lost_detection
WEBGL1-LOEO-v1-02,W,pilot18,new_normal_alarm,0,deliverables/app_resource_constrained_extension_v1/results/summary/member_deltas.json,/83/events/new_normal_alarm
WEBGL1-LOEO-v1-02,W,pilot18,lost_normal_alarm,0,deliverables/app_resource_constrained_extension_v1/results/summary/member_deltas.json,/83/events/lost_normal_alarm
WEBGL1-LOEO-v1-02,W,pilot18,F_to_U,0,deliverables/app_resource_constrained_extension_v1/results/summary/member_deltas.json,/83/events/F_to_U
WEBGL1-LOEO-v1-02,W,pilot18,U_to_T,0,deliverables/app_resource_constrained_extension_v1/results/summary/member_deltas.json,/83/events/U_to_T
WEBGL1-LOEO-v1-02,W,pilot18,to_FAILED,0,deliverables/app_resource_constrained_extension_v1/results/summary/member_deltas.json,/83/events/to_FAILED
WEBGL1-LOEO-v1-02,W,b2b42,new_detection,0,deliverables/app_resource_constrained_extension_v1/results/summary/member_deltas.json,/84/events/new_detection
WEBGL1-LOEO-v1-02,W,b2b42,lost_detection,0,deliverables/app_resource_constrained_extension_v1/results/summary/member_deltas.json,/84/events/lost_detection
WEBGL1-LOEO-v1-02,W,b2b42,new_normal_alarm,0,deliverables/app_resource_constrained_extension_v1/results/summary/member_deltas.json,/84/events/new_normal_alarm
WEBGL1-LOEO-v1-02,W,b2b42,lost_normal_alarm,0,deliverables/app_resource_constrained_extension_v1/results/summary/member_deltas.json,/84/events/lost_normal_alarm
WEBGL1-LOEO-v1-02,W,b2b42,F_to_U,0,deliverables/app_resource_constrained_extension_v1/results/summary/member_deltas.json,/84/events/F_to_U
WEBGL1-LOEO-v1-02,W,b2b42,U_to_T,0,deliverables/app_resource_constrained_extension_v1/results/summary/member_deltas.json,/84/events/U_to_T
WEBGL1-LOEO-v1-02,W,b2b42,to_FAILED,0,deliverables/app_resource_constrained_extension_v1/results/summary/member_deltas.json,/84/events/to_FAILED
WEBGL1-LOEO-v1-02,W,resource54,new_detection,6,deliverables/app_resource_constrained_extension_v1/results/summary/member_deltas.json,/85/events/new_detection
WEBGL1-LOEO-v1-02,W,resource54,lost_detection,0,deliverables/app_resource_constrained_extension_v1/results/summary/member_deltas.json,/85/events/lost_detection
WEBGL1-LOEO-v1-02,W,resource54,new_normal_alarm,0,deliverables/app_resource_constrained_extension_v1/results/summary/member_deltas.json,/85/events/new_normal_alarm
WEBGL1-LOEO-v1-02,W,resource54,lost_normal_alarm,0,deliverables/app_resource_constrained_extension_v1/results/summary/member_deltas.json,/85/events/lost_normal_alarm
WEBGL1-LOEO-v1-02,W,resource54,F_to_U,0,deliverables/app_resource_constrained_extension_v1/results/summary/member_deltas.json,/85/events/F_to_U
WEBGL1-LOEO-v1-02,W,resource54,U_to_T,0,deliverables/app_resource_constrained_extension_v1/results/summary/member_deltas.json,/85/events/U_to_T
WEBGL1-LOEO-v1-02,W,resource54,to_FAILED,0,deliverables/app_resource_constrained_extension_v1/results/summary/member_deltas.json,/85/events/to_FAILED
WEBGL1-LOEO-v1-02,W,mtc_reserved_validation,new_detection,0,deliverables/app_resource_constrained_extension_v1/results/summary/member_deltas.json,/86/events/new_detection
WEBGL1-LOEO-v1-02,W,mtc_reserved_validation,lost_detection,0,deliverables/app_resource_constrained_extension_v1/results/summary/member_deltas.json,/86/events/lost_detection
WEBGL1-LOEO-v1-02,W,mtc_reserved_validation,new_normal_alarm,16,deliverables/app_resource_constrained_extension_v1/results/summary/member_deltas.json,/86/events/new_normal_alarm
WEBGL1-LOEO-v1-02,W,mtc_reserved_validation,lost_normal_alarm,0,deliverables/app_resource_constrained_extension_v1/results/summary/member_deltas.json,/86/events/lost_normal_alarm
WEBGL1-LOEO-v1-02,W,mtc_reserved_validation,F_to_U,2,deliverables/app_resource_constrained_extension_v1/results/summary/member_deltas.json,/86/events/F_to_U
WEBGL1-LOEO-v1-02,W,mtc_reserved_validation,U_to_T,0,deliverables/app_resource_constrained_extension_v1/results/summary/member_deltas.json,/86/events/U_to_T
WEBGL1-LOEO-v1-02,W,mtc_reserved_validation,to_FAILED,0,deliverables/app_resource_constrained_extension_v1/results/summary/member_deltas.json,/86/events/to_FAILED
WEBGL1-LOEO-v1-02,W,mtc_development,new_detection,0,deliverables/app_resource_constrained_extension_v1/results/summary/member_deltas.json,/87/events/new_detection
WEBGL1-LOEO-v1-02,W,mtc_development,lost_detection,0,deliverables/app_resource_constrained_extension_v1/results/summary/member_deltas.json,/87/events/lost_detection
WEBGL1-LOEO-v1-02,W,mtc_development,new_normal_alarm,6,deliverables/app_resource_constrained_extension_v1/results/summary/member_deltas.json,/87/events/new_normal_alarm
WEBGL1-LOEO-v1-02,W,mtc_development,lost_normal_alarm,0,deliverables/app_resource_constrained_extension_v1/results/summary/member_deltas.json,/87/events/lost_normal_alarm
WEBGL1-LOEO-v1-02,W,mtc_development,F_to_U,0,deliverables/app_resource_constrained_extension_v1/results/summary/member_deltas.json,/87/events/F_to_U
WEBGL1-LOEO-v1-02,W,mtc_development,U_to_T,0,deliverables/app_resource_constrained_extension_v1/results/summary/member_deltas.json,/87/events/U_to_T
WEBGL1-LOEO-v1-02,W,mtc_development,to_FAILED,0,deliverables/app_resource_constrained_extension_v1/results/summary/member_deltas.json,/87/events/to_FAILED
WEBGL1-LOEO-v1-02,B,selection,new_detection,3,deliverables/app_resource_constrained_extension_v1/results/summary/member_deltas.json,/88/events/new_detection
WEBGL1-LOEO-v1-02,B,selection,lost_detection,0,deliverables/app_resource_constrained_extension_v1/results/summary/member_deltas.json,/88/events/lost_detection
WEBGL1-LOEO-v1-02,B,selection,new_normal_alarm,0,deliverables/app_resource_constrained_extension_v1/results/summary/member_deltas.json,/88/events/new_normal_alarm
WEBGL1-LOEO-v1-02,B,selection,lost_normal_alarm,0,deliverables/app_resource_constrained_extension_v1/results/summary/member_deltas.json,/88/events/lost_normal_alarm
WEBGL1-LOEO-v1-02,B,selection,F_to_U,7,deliverables/app_resource_constrained_extension_v1/results/summary/member_deltas.json,/88/events/F_to_U
WEBGL1-LOEO-v1-02,B,selection,U_to_T,0,deliverables/app_resource_constrained_extension_v1/results/summary/member_deltas.json,/88/events/U_to_T
WEBGL1-LOEO-v1-02,B,selection,to_FAILED,0,deliverables/app_resource_constrained_extension_v1/results/summary/member_deltas.json,/88/events/to_FAILED
WEBGL1-LOEO-v1-02,B,historical_evaluation,new_detection,0,deliverables/app_resource_constrained_extension_v1/results/summary/member_deltas.json,/89/events/new_detection
WEBGL1-LOEO-v1-02,B,historical_evaluation,lost_detection,0,deliverables/app_resource_constrained_extension_v1/results/summary/member_deltas.json,/89/events/lost_detection
WEBGL1-LOEO-v1-02,B,historical_evaluation,new_normal_alarm,0,deliverables/app_resource_constrained_extension_v1/results/summary/member_deltas.json,/89/events/new_normal_alarm
WEBGL1-LOEO-v1-02,B,historical_evaluation,lost_normal_alarm,0,deliverables/app_resource_constrained_extension_v1/results/summary/member_deltas.json,/89/events/lost_normal_alarm
WEBGL1-LOEO-v1-02,B,historical_evaluation,F_to_U,2,deliverables/app_resource_constrained_extension_v1/results/summary/member_deltas.json,/89/events/F_to_U
WEBGL1-LOEO-v1-02,B,historical_evaluation,U_to_T,0,deliverables/app_resource_constrained_extension_v1/results/summary/member_deltas.json,/89/events/U_to_T
WEBGL1-LOEO-v1-02,B,historical_evaluation,to_FAILED,0,deliverables/app_resource_constrained_extension_v1/results/summary/member_deltas.json,/89/events/to_FAILED
WEBGL1-LOEO-v1-02,B,mtc_discovery,new_detection,0,deliverables/app_resource_constrained_extension_v1/results/summary/member_deltas.json,/90/events/new_detection
WEBGL1-LOEO-v1-02,B,mtc_discovery,lost_detection,0,deliverables/app_resource_constrained_extension_v1/results/summary/member_deltas.json,/90/events/lost_detection
WEBGL1-LOEO-v1-02,B,mtc_discovery,new_normal_alarm,0,deliverables/app_resource_constrained_extension_v1/results/summary/member_deltas.json,/90/events/new_normal_alarm
WEBGL1-LOEO-v1-02,B,mtc_discovery,lost_normal_alarm,0,deliverables/app_resource_constrained_extension_v1/results/summary/member_deltas.json,/90/events/lost_normal_alarm
WEBGL1-LOEO-v1-02,B,mtc_discovery,F_to_U,7,deliverables/app_resource_constrained_extension_v1/results/summary/member_deltas.json,/90/events/F_to_U
WEBGL1-LOEO-v1-02,B,mtc_discovery,U_to_T,0,deliverables/app_resource_constrained_extension_v1/results/summary/member_deltas.json,/90/events/U_to_T
WEBGL1-LOEO-v1-02,B,mtc_discovery,to_FAILED,0,deliverables/app_resource_constrained_extension_v1/results/summary/member_deltas.json,/90/events/to_FAILED
WEBGL1-LOEO-v1-02,B,pilot18,new_detection,0,deliverables/app_resource_constrained_extension_v1/results/summary/member_deltas.json,/91/events/new_detection
WEBGL1-LOEO-v1-02,B,pilot18,lost_detection,0,deliverables/app_resource_constrained_extension_v1/results/summary/member_deltas.json,/91/events/lost_detection
WEBGL1-LOEO-v1-02,B,pilot18,new_normal_alarm,0,deliverables/app_resource_constrained_extension_v1/results/summary/member_deltas.json,/91/events/new_normal_alarm
WEBGL1-LOEO-v1-02,B,pilot18,lost_normal_alarm,0,deliverables/app_resource_constrained_extension_v1/results/summary/member_deltas.json,/91/events/lost_normal_alarm
WEBGL1-LOEO-v1-02,B,pilot18,F_to_U,0,deliverables/app_resource_constrained_extension_v1/results/summary/member_deltas.json,/91/events/F_to_U
WEBGL1-LOEO-v1-02,B,pilot18,U_to_T,0,deliverables/app_resource_constrained_extension_v1/results/summary/member_deltas.json,/91/events/U_to_T
WEBGL1-LOEO-v1-02,B,pilot18,to_FAILED,0,deliverables/app_resource_constrained_extension_v1/results/summary/member_deltas.json,/91/events/to_FAILED
WEBGL1-LOEO-v1-02,B,b2b42,new_detection,0,deliverables/app_resource_constrained_extension_v1/results/summary/member_deltas.json,/92/events/new_detection
WEBGL1-LOEO-v1-02,B,b2b42,lost_detection,0,deliverables/app_resource_constrained_extension_v1/results/summary/member_deltas.json,/92/events/lost_detection
WEBGL1-LOEO-v1-02,B,b2b42,new_normal_alarm,0,deliverables/app_resource_constrained_extension_v1/results/summary/member_deltas.json,/92/events/new_normal_alarm
WEBGL1-LOEO-v1-02,B,b2b42,lost_normal_alarm,0,deliverables/app_resource_constrained_extension_v1/results/summary/member_deltas.json,/92/events/lost_normal_alarm
WEBGL1-LOEO-v1-02,B,b2b42,F_to_U,0,deliverables/app_resource_constrained_extension_v1/results/summary/member_deltas.json,/92/events/F_to_U
WEBGL1-LOEO-v1-02,B,b2b42,U_to_T,0,deliverables/app_resource_constrained_extension_v1/results/summary/member_deltas.json,/92/events/U_to_T
WEBGL1-LOEO-v1-02,B,b2b42,to_FAILED,0,deliverables/app_resource_constrained_extension_v1/results/summary/member_deltas.json,/92/events/to_FAILED
WEBGL1-LOEO-v1-02,B,resource54,new_detection,3,deliverables/app_resource_constrained_extension_v1/results/summary/member_deltas.json,/93/events/new_detection
WEBGL1-LOEO-v1-02,B,resource54,lost_detection,0,deliverables/app_resource_constrained_extension_v1/results/summary/member_deltas.json,/93/events/lost_detection
WEBGL1-LOEO-v1-02,B,resource54,new_normal_alarm,0,deliverables/app_resource_constrained_extension_v1/results/summary/member_deltas.json,/93/events/new_normal_alarm
WEBGL1-LOEO-v1-02,B,resource54,lost_normal_alarm,0,deliverables/app_resource_constrained_extension_v1/results/summary/member_deltas.json,/93/events/lost_normal_alarm
WEBGL1-LOEO-v1-02,B,resource54,F_to_U,0,deliverables/app_resource_constrained_extension_v1/results/summary/member_deltas.json,/93/events/F_to_U
WEBGL1-LOEO-v1-02,B,resource54,U_to_T,0,deliverables/app_resource_constrained_extension_v1/results/summary/member_deltas.json,/93/events/U_to_T
WEBGL1-LOEO-v1-02,B,resource54,to_FAILED,0,deliverables/app_resource_constrained_extension_v1/results/summary/member_deltas.json,/93/events/to_FAILED
WEBGL1-LOEO-v1-02,B,mtc_reserved_validation,new_detection,0,deliverables/app_resource_constrained_extension_v1/results/summary/member_deltas.json,/94/events/new_detection
WEBGL1-LOEO-v1-02,B,mtc_reserved_validation,lost_detection,0,deliverables/app_resource_constrained_extension_v1/results/summary/member_deltas.json,/94/events/lost_detection
WEBGL1-LOEO-v1-02,B,mtc_reserved_validation,new_normal_alarm,0,deliverables/app_resource_constrained_extension_v1/results/summary/member_deltas.json,/94/events/new_normal_alarm
WEBGL1-LOEO-v1-02,B,mtc_reserved_validation,lost_normal_alarm,0,deliverables/app_resource_constrained_extension_v1/results/summary/member_deltas.json,/94/events/lost_normal_alarm
WEBGL1-LOEO-v1-02,B,mtc_reserved_validation,F_to_U,2,deliverables/app_resource_constrained_extension_v1/results/summary/member_deltas.json,/94/events/F_to_U
WEBGL1-LOEO-v1-02,B,mtc_reserved_validation,U_to_T,0,deliverables/app_resource_constrained_extension_v1/results/summary/member_deltas.json,/94/events/U_to_T
WEBGL1-LOEO-v1-02,B,mtc_reserved_validation,to_FAILED,0,deliverables/app_resource_constrained_extension_v1/results/summary/member_deltas.json,/94/events/to_FAILED
WEBGL1-LOEO-v1-02,B,mtc_development,new_detection,0,deliverables/app_resource_constrained_extension_v1/results/summary/member_deltas.json,/95/events/new_detection
WEBGL1-LOEO-v1-02,B,mtc_development,lost_detection,0,deliverables/app_resource_constrained_extension_v1/results/summary/member_deltas.json,/95/events/lost_detection
WEBGL1-LOEO-v1-02,B,mtc_development,new_normal_alarm,0,deliverables/app_resource_constrained_extension_v1/results/summary/member_deltas.json,/95/events/new_normal_alarm
WEBGL1-LOEO-v1-02,B,mtc_development,lost_normal_alarm,0,deliverables/app_resource_constrained_extension_v1/results/summary/member_deltas.json,/95/events/lost_normal_alarm
WEBGL1-LOEO-v1-02,B,mtc_development,F_to_U,0,deliverables/app_resource_constrained_extension_v1/results/summary/member_deltas.json,/95/events/F_to_U
WEBGL1-LOEO-v1-02,B,mtc_development,U_to_T,0,deliverables/app_resource_constrained_extension_v1/results/summary/member_deltas.json,/95/events/U_to_T
WEBGL1-LOEO-v1-02,B,mtc_development,to_FAILED,0,deliverables/app_resource_constrained_extension_v1/results/summary/member_deltas.json,/95/events/to_FAILED
WEBGL1-LOEO-v1-02,MW,selection,new_detection,6,deliverables/app_resource_constrained_extension_v1/results/summary/member_deltas.json,/96/events/new_detection
WEBGL1-LOEO-v1-02,MW,selection,lost_detection,0,deliverables/app_resource_constrained_extension_v1/results/summary/member_deltas.json,/96/events/lost_detection
WEBGL1-LOEO-v1-02,MW,selection,new_normal_alarm,40,deliverables/app_resource_constrained_extension_v1/results/summary/member_deltas.json,/96/events/new_normal_alarm
WEBGL1-LOEO-v1-02,MW,selection,lost_normal_alarm,0,deliverables/app_resource_constrained_extension_v1/results/summary/member_deltas.json,/96/events/lost_normal_alarm
WEBGL1-LOEO-v1-02,MW,selection,F_to_U,7,deliverables/app_resource_constrained_extension_v1/results/summary/member_deltas.json,/96/events/F_to_U
WEBGL1-LOEO-v1-02,MW,selection,U_to_T,0,deliverables/app_resource_constrained_extension_v1/results/summary/member_deltas.json,/96/events/U_to_T
WEBGL1-LOEO-v1-02,MW,selection,to_FAILED,0,deliverables/app_resource_constrained_extension_v1/results/summary/member_deltas.json,/96/events/to_FAILED
WEBGL1-LOEO-v1-02,MW,historical_evaluation,new_detection,0,deliverables/app_resource_constrained_extension_v1/results/summary/member_deltas.json,/97/events/new_detection
WEBGL1-LOEO-v1-02,MW,historical_evaluation,lost_detection,0,deliverables/app_resource_constrained_extension_v1/results/summary/member_deltas.json,/97/events/lost_detection
WEBGL1-LOEO-v1-02,MW,historical_evaluation,new_normal_alarm,22,deliverables/app_resource_constrained_extension_v1/results/summary/member_deltas.json,/97/events/new_normal_alarm
WEBGL1-LOEO-v1-02,MW,historical_evaluation,lost_normal_alarm,0,deliverables/app_resource_constrained_extension_v1/results/summary/member_deltas.json,/97/events/lost_normal_alarm
WEBGL1-LOEO-v1-02,MW,historical_evaluation,F_to_U,2,deliverables/app_resource_constrained_extension_v1/results/summary/member_deltas.json,/97/events/F_to_U
WEBGL1-LOEO-v1-02,MW,historical_evaluation,U_to_T,0,deliverables/app_resource_constrained_extension_v1/results/summary/member_deltas.json,/97/events/U_to_T
WEBGL1-LOEO-v1-02,MW,historical_evaluation,to_FAILED,0,deliverables/app_resource_constrained_extension_v1/results/summary/member_deltas.json,/97/events/to_FAILED
WEBGL1-LOEO-v1-02,MW,mtc_discovery,new_detection,0,deliverables/app_resource_constrained_extension_v1/results/summary/member_deltas.json,/98/events/new_detection
WEBGL1-LOEO-v1-02,MW,mtc_discovery,lost_detection,0,deliverables/app_resource_constrained_extension_v1/results/summary/member_deltas.json,/98/events/lost_detection
WEBGL1-LOEO-v1-02,MW,mtc_discovery,new_normal_alarm,40,deliverables/app_resource_constrained_extension_v1/results/summary/member_deltas.json,/98/events/new_normal_alarm
WEBGL1-LOEO-v1-02,MW,mtc_discovery,lost_normal_alarm,0,deliverables/app_resource_constrained_extension_v1/results/summary/member_deltas.json,/98/events/lost_normal_alarm
WEBGL1-LOEO-v1-02,MW,mtc_discovery,F_to_U,7,deliverables/app_resource_constrained_extension_v1/results/summary/member_deltas.json,/98/events/F_to_U
WEBGL1-LOEO-v1-02,MW,mtc_discovery,U_to_T,0,deliverables/app_resource_constrained_extension_v1/results/summary/member_deltas.json,/98/events/U_to_T
WEBGL1-LOEO-v1-02,MW,mtc_discovery,to_FAILED,0,deliverables/app_resource_constrained_extension_v1/results/summary/member_deltas.json,/98/events/to_FAILED
WEBGL1-LOEO-v1-02,MW,pilot18,new_detection,0,deliverables/app_resource_constrained_extension_v1/results/summary/member_deltas.json,/99/events/new_detection
WEBGL1-LOEO-v1-02,MW,pilot18,lost_detection,0,deliverables/app_resource_constrained_extension_v1/results/summary/member_deltas.json,/99/events/lost_detection
WEBGL1-LOEO-v1-02,MW,pilot18,new_normal_alarm,0,deliverables/app_resource_constrained_extension_v1/results/summary/member_deltas.json,/99/events/new_normal_alarm
WEBGL1-LOEO-v1-02,MW,pilot18,lost_normal_alarm,0,deliverables/app_resource_constrained_extension_v1/results/summary/member_deltas.json,/99/events/lost_normal_alarm
WEBGL1-LOEO-v1-02,MW,pilot18,F_to_U,0,deliverables/app_resource_constrained_extension_v1/results/summary/member_deltas.json,/99/events/F_to_U
WEBGL1-LOEO-v1-02,MW,pilot18,U_to_T,0,deliverables/app_resource_constrained_extension_v1/results/summary/member_deltas.json,/99/events/U_to_T
WEBGL1-LOEO-v1-02,MW,pilot18,to_FAILED,0,deliverables/app_resource_constrained_extension_v1/results/summary/member_deltas.json,/99/events/to_FAILED
WEBGL1-LOEO-v1-02,MW,b2b42,new_detection,0,deliverables/app_resource_constrained_extension_v1/results/summary/member_deltas.json,/100/events/new_detection
WEBGL1-LOEO-v1-02,MW,b2b42,lost_detection,0,deliverables/app_resource_constrained_extension_v1/results/summary/member_deltas.json,/100/events/lost_detection
WEBGL1-LOEO-v1-02,MW,b2b42,new_normal_alarm,0,deliverables/app_resource_constrained_extension_v1/results/summary/member_deltas.json,/100/events/new_normal_alarm
WEBGL1-LOEO-v1-02,MW,b2b42,lost_normal_alarm,0,deliverables/app_resource_constrained_extension_v1/results/summary/member_deltas.json,/100/events/lost_normal_alarm
WEBGL1-LOEO-v1-02,MW,b2b42,F_to_U,0,deliverables/app_resource_constrained_extension_v1/results/summary/member_deltas.json,/100/events/F_to_U
WEBGL1-LOEO-v1-02,MW,b2b42,U_to_T,0,deliverables/app_resource_constrained_extension_v1/results/summary/member_deltas.json,/100/events/U_to_T
WEBGL1-LOEO-v1-02,MW,b2b42,to_FAILED,0,deliverables/app_resource_constrained_extension_v1/results/summary/member_deltas.json,/100/events/to_FAILED
WEBGL1-LOEO-v1-02,MW,resource54,new_detection,6,deliverables/app_resource_constrained_extension_v1/results/summary/member_deltas.json,/101/events/new_detection
WEBGL1-LOEO-v1-02,MW,resource54,lost_detection,0,deliverables/app_resource_constrained_extension_v1/results/summary/member_deltas.json,/101/events/lost_detection
WEBGL1-LOEO-v1-02,MW,resource54,new_normal_alarm,0,deliverables/app_resource_constrained_extension_v1/results/summary/member_deltas.json,/101/events/new_normal_alarm
WEBGL1-LOEO-v1-02,MW,resource54,lost_normal_alarm,0,deliverables/app_resource_constrained_extension_v1/results/summary/member_deltas.json,/101/events/lost_normal_alarm
WEBGL1-LOEO-v1-02,MW,resource54,F_to_U,0,deliverables/app_resource_constrained_extension_v1/results/summary/member_deltas.json,/101/events/F_to_U
WEBGL1-LOEO-v1-02,MW,resource54,U_to_T,0,deliverables/app_resource_constrained_extension_v1/results/summary/member_deltas.json,/101/events/U_to_T
WEBGL1-LOEO-v1-02,MW,resource54,to_FAILED,0,deliverables/app_resource_constrained_extension_v1/results/summary/member_deltas.json,/101/events/to_FAILED
WEBGL1-LOEO-v1-02,MW,mtc_reserved_validation,new_detection,0,deliverables/app_resource_constrained_extension_v1/results/summary/member_deltas.json,/102/events/new_detection
WEBGL1-LOEO-v1-02,MW,mtc_reserved_validation,lost_detection,0,deliverables/app_resource_constrained_extension_v1/results/summary/member_deltas.json,/102/events/lost_detection
WEBGL1-LOEO-v1-02,MW,mtc_reserved_validation,new_normal_alarm,16,deliverables/app_resource_constrained_extension_v1/results/summary/member_deltas.json,/102/events/new_normal_alarm
WEBGL1-LOEO-v1-02,MW,mtc_reserved_validation,lost_normal_alarm,0,deliverables/app_resource_constrained_extension_v1/results/summary/member_deltas.json,/102/events/lost_normal_alarm
WEBGL1-LOEO-v1-02,MW,mtc_reserved_validation,F_to_U,2,deliverables/app_resource_constrained_extension_v1/results/summary/member_deltas.json,/102/events/F_to_U
WEBGL1-LOEO-v1-02,MW,mtc_reserved_validation,U_to_T,0,deliverables/app_resource_constrained_extension_v1/results/summary/member_deltas.json,/102/events/U_to_T
WEBGL1-LOEO-v1-02,MW,mtc_reserved_validation,to_FAILED,0,deliverables/app_resource_constrained_extension_v1/results/summary/member_deltas.json,/102/events/to_FAILED
WEBGL1-LOEO-v1-02,MW,mtc_development,new_detection,0,deliverables/app_resource_constrained_extension_v1/results/summary/member_deltas.json,/103/events/new_detection
WEBGL1-LOEO-v1-02,MW,mtc_development,lost_detection,0,deliverables/app_resource_constrained_extension_v1/results/summary/member_deltas.json,/103/events/lost_detection
WEBGL1-LOEO-v1-02,MW,mtc_development,new_normal_alarm,6,deliverables/app_resource_constrained_extension_v1/results/summary/member_deltas.json,/103/events/new_normal_alarm
WEBGL1-LOEO-v1-02,MW,mtc_development,lost_normal_alarm,0,deliverables/app_resource_constrained_extension_v1/results/summary/member_deltas.json,/103/events/lost_normal_alarm
WEBGL1-LOEO-v1-02,MW,mtc_development,F_to_U,0,deliverables/app_resource_constrained_extension_v1/results/summary/member_deltas.json,/103/events/F_to_U
WEBGL1-LOEO-v1-02,MW,mtc_development,U_to_T,0,deliverables/app_resource_constrained_extension_v1/results/summary/member_deltas.json,/103/events/U_to_T
WEBGL1-LOEO-v1-02,MW,mtc_development,to_FAILED,0,deliverables/app_resource_constrained_extension_v1/results/summary/member_deltas.json,/103/events/to_FAILED
WEBGL1-LOEO-v1-02,MB,selection,new_detection,6,deliverables/app_resource_constrained_extension_v1/results/summary/member_deltas.json,/104/events/new_detection
WEBGL1-LOEO-v1-02,MB,selection,lost_detection,0,deliverables/app_resource_constrained_extension_v1/results/summary/member_deltas.json,/104/events/lost_detection
WEBGL1-LOEO-v1-02,MB,selection,new_normal_alarm,2,deliverables/app_resource_constrained_extension_v1/results/summary/member_deltas.json,/104/events/new_normal_alarm
WEBGL1-LOEO-v1-02,MB,selection,lost_normal_alarm,0,deliverables/app_resource_constrained_extension_v1/results/summary/member_deltas.json,/104/events/lost_normal_alarm
WEBGL1-LOEO-v1-02,MB,selection,F_to_U,7,deliverables/app_resource_constrained_extension_v1/results/summary/member_deltas.json,/104/events/F_to_U
WEBGL1-LOEO-v1-02,MB,selection,U_to_T,0,deliverables/app_resource_constrained_extension_v1/results/summary/member_deltas.json,/104/events/U_to_T
WEBGL1-LOEO-v1-02,MB,selection,to_FAILED,0,deliverables/app_resource_constrained_extension_v1/results/summary/member_deltas.json,/104/events/to_FAILED
WEBGL1-LOEO-v1-02,MB,historical_evaluation,new_detection,0,deliverables/app_resource_constrained_extension_v1/results/summary/member_deltas.json,/105/events/new_detection
WEBGL1-LOEO-v1-02,MB,historical_evaluation,lost_detection,0,deliverables/app_resource_constrained_extension_v1/results/summary/member_deltas.json,/105/events/lost_detection
WEBGL1-LOEO-v1-02,MB,historical_evaluation,new_normal_alarm,1,deliverables/app_resource_constrained_extension_v1/results/summary/member_deltas.json,/105/events/new_normal_alarm
WEBGL1-LOEO-v1-02,MB,historical_evaluation,lost_normal_alarm,0,deliverables/app_resource_constrained_extension_v1/results/summary/member_deltas.json,/105/events/lost_normal_alarm
WEBGL1-LOEO-v1-02,MB,historical_evaluation,F_to_U,2,deliverables/app_resource_constrained_extension_v1/results/summary/member_deltas.json,/105/events/F_to_U
WEBGL1-LOEO-v1-02,MB,historical_evaluation,U_to_T,0,deliverables/app_resource_constrained_extension_v1/results/summary/member_deltas.json,/105/events/U_to_T
WEBGL1-LOEO-v1-02,MB,historical_evaluation,to_FAILED,0,deliverables/app_resource_constrained_extension_v1/results/summary/member_deltas.json,/105/events/to_FAILED
WEBGL1-LOEO-v1-02,MB,mtc_discovery,new_detection,0,deliverables/app_resource_constrained_extension_v1/results/summary/member_deltas.json,/106/events/new_detection
WEBGL1-LOEO-v1-02,MB,mtc_discovery,lost_detection,0,deliverables/app_resource_constrained_extension_v1/results/summary/member_deltas.json,/106/events/lost_detection
WEBGL1-LOEO-v1-02,MB,mtc_discovery,new_normal_alarm,2,deliverables/app_resource_constrained_extension_v1/results/summary/member_deltas.json,/106/events/new_normal_alarm
WEBGL1-LOEO-v1-02,MB,mtc_discovery,lost_normal_alarm,0,deliverables/app_resource_constrained_extension_v1/results/summary/member_deltas.json,/106/events/lost_normal_alarm
WEBGL1-LOEO-v1-02,MB,mtc_discovery,F_to_U,7,deliverables/app_resource_constrained_extension_v1/results/summary/member_deltas.json,/106/events/F_to_U
WEBGL1-LOEO-v1-02,MB,mtc_discovery,U_to_T,0,deliverables/app_resource_constrained_extension_v1/results/summary/member_deltas.json,/106/events/U_to_T
WEBGL1-LOEO-v1-02,MB,mtc_discovery,to_FAILED,0,deliverables/app_resource_constrained_extension_v1/results/summary/member_deltas.json,/106/events/to_FAILED
WEBGL1-LOEO-v1-02,MB,pilot18,new_detection,0,deliverables/app_resource_constrained_extension_v1/results/summary/member_deltas.json,/107/events/new_detection
WEBGL1-LOEO-v1-02,MB,pilot18,lost_detection,0,deliverables/app_resource_constrained_extension_v1/results/summary/member_deltas.json,/107/events/lost_detection
WEBGL1-LOEO-v1-02,MB,pilot18,new_normal_alarm,0,deliverables/app_resource_constrained_extension_v1/results/summary/member_deltas.json,/107/events/new_normal_alarm
WEBGL1-LOEO-v1-02,MB,pilot18,lost_normal_alarm,0,deliverables/app_resource_constrained_extension_v1/results/summary/member_deltas.json,/107/events/lost_normal_alarm
WEBGL1-LOEO-v1-02,MB,pilot18,F_to_U,0,deliverables/app_resource_constrained_extension_v1/results/summary/member_deltas.json,/107/events/F_to_U
WEBGL1-LOEO-v1-02,MB,pilot18,U_to_T,0,deliverables/app_resource_constrained_extension_v1/results/summary/member_deltas.json,/107/events/U_to_T
WEBGL1-LOEO-v1-02,MB,pilot18,to_FAILED,0,deliverables/app_resource_constrained_extension_v1/results/summary/member_deltas.json,/107/events/to_FAILED
WEBGL1-LOEO-v1-02,MB,b2b42,new_detection,0,deliverables/app_resource_constrained_extension_v1/results/summary/member_deltas.json,/108/events/new_detection
WEBGL1-LOEO-v1-02,MB,b2b42,lost_detection,0,deliverables/app_resource_constrained_extension_v1/results/summary/member_deltas.json,/108/events/lost_detection
WEBGL1-LOEO-v1-02,MB,b2b42,new_normal_alarm,0,deliverables/app_resource_constrained_extension_v1/results/summary/member_deltas.json,/108/events/new_normal_alarm
WEBGL1-LOEO-v1-02,MB,b2b42,lost_normal_alarm,0,deliverables/app_resource_constrained_extension_v1/results/summary/member_deltas.json,/108/events/lost_normal_alarm
WEBGL1-LOEO-v1-02,MB,b2b42,F_to_U,0,deliverables/app_resource_constrained_extension_v1/results/summary/member_deltas.json,/108/events/F_to_U
WEBGL1-LOEO-v1-02,MB,b2b42,U_to_T,0,deliverables/app_resource_constrained_extension_v1/results/summary/member_deltas.json,/108/events/U_to_T
WEBGL1-LOEO-v1-02,MB,b2b42,to_FAILED,0,deliverables/app_resource_constrained_extension_v1/results/summary/member_deltas.json,/108/events/to_FAILED
WEBGL1-LOEO-v1-02,MB,resource54,new_detection,6,deliverables/app_resource_constrained_extension_v1/results/summary/member_deltas.json,/109/events/new_detection
WEBGL1-LOEO-v1-02,MB,resource54,lost_detection,0,deliverables/app_resource_constrained_extension_v1/results/summary/member_deltas.json,/109/events/lost_detection
WEBGL1-LOEO-v1-02,MB,resource54,new_normal_alarm,0,deliverables/app_resource_constrained_extension_v1/results/summary/member_deltas.json,/109/events/new_normal_alarm
WEBGL1-LOEO-v1-02,MB,resource54,lost_normal_alarm,0,deliverables/app_resource_constrained_extension_v1/results/summary/member_deltas.json,/109/events/lost_normal_alarm
WEBGL1-LOEO-v1-02,MB,resource54,F_to_U,0,deliverables/app_resource_constrained_extension_v1/results/summary/member_deltas.json,/109/events/F_to_U
WEBGL1-LOEO-v1-02,MB,resource54,U_to_T,0,deliverables/app_resource_constrained_extension_v1/results/summary/member_deltas.json,/109/events/U_to_T
WEBGL1-LOEO-v1-02,MB,resource54,to_FAILED,0,deliverables/app_resource_constrained_extension_v1/results/summary/member_deltas.json,/109/events/to_FAILED
WEBGL1-LOEO-v1-02,MB,mtc_reserved_validation,new_detection,0,deliverables/app_resource_constrained_extension_v1/results/summary/member_deltas.json,/110/events/new_detection
WEBGL1-LOEO-v1-02,MB,mtc_reserved_validation,lost_detection,0,deliverables/app_resource_constrained_extension_v1/results/summary/member_deltas.json,/110/events/lost_detection
WEBGL1-LOEO-v1-02,MB,mtc_reserved_validation,new_normal_alarm,1,deliverables/app_resource_constrained_extension_v1/results/summary/member_deltas.json,/110/events/new_normal_alarm
WEBGL1-LOEO-v1-02,MB,mtc_reserved_validation,lost_normal_alarm,0,deliverables/app_resource_constrained_extension_v1/results/summary/member_deltas.json,/110/events/lost_normal_alarm
WEBGL1-LOEO-v1-02,MB,mtc_reserved_validation,F_to_U,2,deliverables/app_resource_constrained_extension_v1/results/summary/member_deltas.json,/110/events/F_to_U
WEBGL1-LOEO-v1-02,MB,mtc_reserved_validation,U_to_T,0,deliverables/app_resource_constrained_extension_v1/results/summary/member_deltas.json,/110/events/U_to_T
WEBGL1-LOEO-v1-02,MB,mtc_reserved_validation,to_FAILED,0,deliverables/app_resource_constrained_extension_v1/results/summary/member_deltas.json,/110/events/to_FAILED
WEBGL1-LOEO-v1-02,MB,mtc_development,new_detection,0,deliverables/app_resource_constrained_extension_v1/results/summary/member_deltas.json,/111/events/new_detection
WEBGL1-LOEO-v1-02,MB,mtc_development,lost_detection,0,deliverables/app_resource_constrained_extension_v1/results/summary/member_deltas.json,/111/events/lost_detection
WEBGL1-LOEO-v1-02,MB,mtc_development,new_normal_alarm,0,deliverables/app_resource_constrained_extension_v1/results/summary/member_deltas.json,/111/events/new_normal_alarm
WEBGL1-LOEO-v1-02,MB,mtc_development,lost_normal_alarm,0,deliverables/app_resource_constrained_extension_v1/results/summary/member_deltas.json,/111/events/lost_normal_alarm
WEBGL1-LOEO-v1-02,MB,mtc_development,F_to_U,0,deliverables/app_resource_constrained_extension_v1/results/summary/member_deltas.json,/111/events/F_to_U
WEBGL1-LOEO-v1-02,MB,mtc_development,U_to_T,0,deliverables/app_resource_constrained_extension_v1/results/summary/member_deltas.json,/111/events/U_to_T
WEBGL1-LOEO-v1-02,MB,mtc_development,to_FAILED,0,deliverables/app_resource_constrained_extension_v1/results/summary/member_deltas.json,/111/events/to_FAILED
WEBGL1-LOEO-v1-02,WB,selection,new_detection,6,deliverables/app_resource_constrained_extension_v1/results/summary/member_deltas.json,/112/events/new_detection
WEBGL1-LOEO-v1-02,WB,selection,lost_detection,0,deliverables/app_resource_constrained_extension_v1/results/summary/member_deltas.json,/112/events/lost_detection
WEBGL1-LOEO-v1-02,WB,selection,new_normal_alarm,40,deliverables/app_resource_constrained_extension_v1/results/summary/member_deltas.json,/112/events/new_normal_alarm
WEBGL1-LOEO-v1-02,WB,selection,lost_normal_alarm,0,deliverables/app_resource_constrained_extension_v1/results/summary/member_deltas.json,/112/events/lost_normal_alarm
WEBGL1-LOEO-v1-02,WB,selection,F_to_U,7,deliverables/app_resource_constrained_extension_v1/results/summary/member_deltas.json,/112/events/F_to_U
WEBGL1-LOEO-v1-02,WB,selection,U_to_T,0,deliverables/app_resource_constrained_extension_v1/results/summary/member_deltas.json,/112/events/U_to_T
WEBGL1-LOEO-v1-02,WB,selection,to_FAILED,0,deliverables/app_resource_constrained_extension_v1/results/summary/member_deltas.json,/112/events/to_FAILED
WEBGL1-LOEO-v1-02,WB,historical_evaluation,new_detection,0,deliverables/app_resource_constrained_extension_v1/results/summary/member_deltas.json,/113/events/new_detection
WEBGL1-LOEO-v1-02,WB,historical_evaluation,lost_detection,0,deliverables/app_resource_constrained_extension_v1/results/summary/member_deltas.json,/113/events/lost_detection
WEBGL1-LOEO-v1-02,WB,historical_evaluation,new_normal_alarm,22,deliverables/app_resource_constrained_extension_v1/results/summary/member_deltas.json,/113/events/new_normal_alarm
WEBGL1-LOEO-v1-02,WB,historical_evaluation,lost_normal_alarm,0,deliverables/app_resource_constrained_extension_v1/results/summary/member_deltas.json,/113/events/lost_normal_alarm
WEBGL1-LOEO-v1-02,WB,historical_evaluation,F_to_U,2,deliverables/app_resource_constrained_extension_v1/results/summary/member_deltas.json,/113/events/F_to_U
WEBGL1-LOEO-v1-02,WB,historical_evaluation,U_to_T,0,deliverables/app_resource_constrained_extension_v1/results/summary/member_deltas.json,/113/events/U_to_T
WEBGL1-LOEO-v1-02,WB,historical_evaluation,to_FAILED,0,deliverables/app_resource_constrained_extension_v1/results/summary/member_deltas.json,/113/events/to_FAILED
WEBGL1-LOEO-v1-02,WB,mtc_discovery,new_detection,0,deliverables/app_resource_constrained_extension_v1/results/summary/member_deltas.json,/114/events/new_detection
WEBGL1-LOEO-v1-02,WB,mtc_discovery,lost_detection,0,deliverables/app_resource_constrained_extension_v1/results/summary/member_deltas.json,/114/events/lost_detection
WEBGL1-LOEO-v1-02,WB,mtc_discovery,new_normal_alarm,40,deliverables/app_resource_constrained_extension_v1/results/summary/member_deltas.json,/114/events/new_normal_alarm
WEBGL1-LOEO-v1-02,WB,mtc_discovery,lost_normal_alarm,0,deliverables/app_resource_constrained_extension_v1/results/summary/member_deltas.json,/114/events/lost_normal_alarm
WEBGL1-LOEO-v1-02,WB,mtc_discovery,F_to_U,7,deliverables/app_resource_constrained_extension_v1/results/summary/member_deltas.json,/114/events/F_to_U
WEBGL1-LOEO-v1-02,WB,mtc_discovery,U_to_T,0,deliverables/app_resource_constrained_extension_v1/results/summary/member_deltas.json,/114/events/U_to_T
WEBGL1-LOEO-v1-02,WB,mtc_discovery,to_FAILED,0,deliverables/app_resource_constrained_extension_v1/results/summary/member_deltas.json,/114/events/to_FAILED
WEBGL1-LOEO-v1-02,WB,pilot18,new_detection,0,deliverables/app_resource_constrained_extension_v1/results/summary/member_deltas.json,/115/events/new_detection
WEBGL1-LOEO-v1-02,WB,pilot18,lost_detection,0,deliverables/app_resource_constrained_extension_v1/results/summary/member_deltas.json,/115/events/lost_detection
WEBGL1-LOEO-v1-02,WB,pilot18,new_normal_alarm,0,deliverables/app_resource_constrained_extension_v1/results/summary/member_deltas.json,/115/events/new_normal_alarm
WEBGL1-LOEO-v1-02,WB,pilot18,lost_normal_alarm,0,deliverables/app_resource_constrained_extension_v1/results/summary/member_deltas.json,/115/events/lost_normal_alarm
WEBGL1-LOEO-v1-02,WB,pilot18,F_to_U,0,deliverables/app_resource_constrained_extension_v1/results/summary/member_deltas.json,/115/events/F_to_U
WEBGL1-LOEO-v1-02,WB,pilot18,U_to_T,0,deliverables/app_resource_constrained_extension_v1/results/summary/member_deltas.json,/115/events/U_to_T
WEBGL1-LOEO-v1-02,WB,pilot18,to_FAILED,0,deliverables/app_resource_constrained_extension_v1/results/summary/member_deltas.json,/115/events/to_FAILED
WEBGL1-LOEO-v1-02,WB,b2b42,new_detection,0,deliverables/app_resource_constrained_extension_v1/results/summary/member_deltas.json,/116/events/new_detection
WEBGL1-LOEO-v1-02,WB,b2b42,lost_detection,0,deliverables/app_resource_constrained_extension_v1/results/summary/member_deltas.json,/116/events/lost_detection
WEBGL1-LOEO-v1-02,WB,b2b42,new_normal_alarm,0,deliverables/app_resource_constrained_extension_v1/results/summary/member_deltas.json,/116/events/new_normal_alarm
WEBGL1-LOEO-v1-02,WB,b2b42,lost_normal_alarm,0,deliverables/app_resource_constrained_extension_v1/results/summary/member_deltas.json,/116/events/lost_normal_alarm
WEBGL1-LOEO-v1-02,WB,b2b42,F_to_U,0,deliverables/app_resource_constrained_extension_v1/results/summary/member_deltas.json,/116/events/F_to_U
WEBGL1-LOEO-v1-02,WB,b2b42,U_to_T,0,deliverables/app_resource_constrained_extension_v1/results/summary/member_deltas.json,/116/events/U_to_T
WEBGL1-LOEO-v1-02,WB,b2b42,to_FAILED,0,deliverables/app_resource_constrained_extension_v1/results/summary/member_deltas.json,/116/events/to_FAILED
WEBGL1-LOEO-v1-02,WB,resource54,new_detection,6,deliverables/app_resource_constrained_extension_v1/results/summary/member_deltas.json,/117/events/new_detection
WEBGL1-LOEO-v1-02,WB,resource54,lost_detection,0,deliverables/app_resource_constrained_extension_v1/results/summary/member_deltas.json,/117/events/lost_detection
WEBGL1-LOEO-v1-02,WB,resource54,new_normal_alarm,0,deliverables/app_resource_constrained_extension_v1/results/summary/member_deltas.json,/117/events/new_normal_alarm
WEBGL1-LOEO-v1-02,WB,resource54,lost_normal_alarm,0,deliverables/app_resource_constrained_extension_v1/results/summary/member_deltas.json,/117/events/lost_normal_alarm
WEBGL1-LOEO-v1-02,WB,resource54,F_to_U,0,deliverables/app_resource_constrained_extension_v1/results/summary/member_deltas.json,/117/events/F_to_U
WEBGL1-LOEO-v1-02,WB,resource54,U_to_T,0,deliverables/app_resource_constrained_extension_v1/results/summary/member_deltas.json,/117/events/U_to_T
WEBGL1-LOEO-v1-02,WB,resource54,to_FAILED,0,deliverables/app_resource_constrained_extension_v1/results/summary/member_deltas.json,/117/events/to_FAILED
WEBGL1-LOEO-v1-02,WB,mtc_reserved_validation,new_detection,0,deliverables/app_resource_constrained_extension_v1/results/summary/member_deltas.json,/118/events/new_detection
WEBGL1-LOEO-v1-02,WB,mtc_reserved_validation,lost_detection,0,deliverables/app_resource_constrained_extension_v1/results/summary/member_deltas.json,/118/events/lost_detection
WEBGL1-LOEO-v1-02,WB,mtc_reserved_validation,new_normal_alarm,16,deliverables/app_resource_constrained_extension_v1/results/summary/member_deltas.json,/118/events/new_normal_alarm
WEBGL1-LOEO-v1-02,WB,mtc_reserved_validation,lost_normal_alarm,0,deliverables/app_resource_constrained_extension_v1/results/summary/member_deltas.json,/118/events/lost_normal_alarm
WEBGL1-LOEO-v1-02,WB,mtc_reserved_validation,F_to_U,2,deliverables/app_resource_constrained_extension_v1/results/summary/member_deltas.json,/118/events/F_to_U
WEBGL1-LOEO-v1-02,WB,mtc_reserved_validation,U_to_T,0,deliverables/app_resource_constrained_extension_v1/results/summary/member_deltas.json,/118/events/U_to_T
WEBGL1-LOEO-v1-02,WB,mtc_reserved_validation,to_FAILED,0,deliverables/app_resource_constrained_extension_v1/results/summary/member_deltas.json,/118/events/to_FAILED
WEBGL1-LOEO-v1-02,WB,mtc_development,new_detection,0,deliverables/app_resource_constrained_extension_v1/results/summary/member_deltas.json,/119/events/new_detection
WEBGL1-LOEO-v1-02,WB,mtc_development,lost_detection,0,deliverables/app_resource_constrained_extension_v1/results/summary/member_deltas.json,/119/events/lost_detection
WEBGL1-LOEO-v1-02,WB,mtc_development,new_normal_alarm,6,deliverables/app_resource_constrained_extension_v1/results/summary/member_deltas.json,/119/events/new_normal_alarm
WEBGL1-LOEO-v1-02,WB,mtc_development,lost_normal_alarm,0,deliverables/app_resource_constrained_extension_v1/results/summary/member_deltas.json,/119/events/lost_normal_alarm
WEBGL1-LOEO-v1-02,WB,mtc_development,F_to_U,0,deliverables/app_resource_constrained_extension_v1/results/summary/member_deltas.json,/119/events/F_to_U
WEBGL1-LOEO-v1-02,WB,mtc_development,U_to_T,0,deliverables/app_resource_constrained_extension_v1/results/summary/member_deltas.json,/119/events/U_to_T
WEBGL1-LOEO-v1-02,WB,mtc_development,to_FAILED,0,deliverables/app_resource_constrained_extension_v1/results/summary/member_deltas.json,/119/events/to_FAILED
WEBGL1-LOEO-v1-02,MWB,selection,new_detection,6,deliverables/app_resource_constrained_extension_v1/results/summary/member_deltas.json,/120/events/new_detection
WEBGL1-LOEO-v1-02,MWB,selection,lost_detection,0,deliverables/app_resource_constrained_extension_v1/results/summary/member_deltas.json,/120/events/lost_detection
WEBGL1-LOEO-v1-02,MWB,selection,new_normal_alarm,40,deliverables/app_resource_constrained_extension_v1/results/summary/member_deltas.json,/120/events/new_normal_alarm
WEBGL1-LOEO-v1-02,MWB,selection,lost_normal_alarm,0,deliverables/app_resource_constrained_extension_v1/results/summary/member_deltas.json,/120/events/lost_normal_alarm
WEBGL1-LOEO-v1-02,MWB,selection,F_to_U,7,deliverables/app_resource_constrained_extension_v1/results/summary/member_deltas.json,/120/events/F_to_U
WEBGL1-LOEO-v1-02,MWB,selection,U_to_T,0,deliverables/app_resource_constrained_extension_v1/results/summary/member_deltas.json,/120/events/U_to_T
WEBGL1-LOEO-v1-02,MWB,selection,to_FAILED,0,deliverables/app_resource_constrained_extension_v1/results/summary/member_deltas.json,/120/events/to_FAILED
WEBGL1-LOEO-v1-02,MWB,historical_evaluation,new_detection,0,deliverables/app_resource_constrained_extension_v1/results/summary/member_deltas.json,/121/events/new_detection
WEBGL1-LOEO-v1-02,MWB,historical_evaluation,lost_detection,0,deliverables/app_resource_constrained_extension_v1/results/summary/member_deltas.json,/121/events/lost_detection
WEBGL1-LOEO-v1-02,MWB,historical_evaluation,new_normal_alarm,22,deliverables/app_resource_constrained_extension_v1/results/summary/member_deltas.json,/121/events/new_normal_alarm
WEBGL1-LOEO-v1-02,MWB,historical_evaluation,lost_normal_alarm,0,deliverables/app_resource_constrained_extension_v1/results/summary/member_deltas.json,/121/events/lost_normal_alarm
WEBGL1-LOEO-v1-02,MWB,historical_evaluation,F_to_U,2,deliverables/app_resource_constrained_extension_v1/results/summary/member_deltas.json,/121/events/F_to_U
WEBGL1-LOEO-v1-02,MWB,historical_evaluation,U_to_T,0,deliverables/app_resource_constrained_extension_v1/results/summary/member_deltas.json,/121/events/U_to_T
WEBGL1-LOEO-v1-02,MWB,historical_evaluation,to_FAILED,0,deliverables/app_resource_constrained_extension_v1/results/summary/member_deltas.json,/121/events/to_FAILED
WEBGL1-LOEO-v1-02,MWB,mtc_discovery,new_detection,0,deliverables/app_resource_constrained_extension_v1/results/summary/member_deltas.json,/122/events/new_detection
WEBGL1-LOEO-v1-02,MWB,mtc_discovery,lost_detection,0,deliverables/app_resource_constrained_extension_v1/results/summary/member_deltas.json,/122/events/lost_detection
WEBGL1-LOEO-v1-02,MWB,mtc_discovery,new_normal_alarm,40,deliverables/app_resource_constrained_extension_v1/results/summary/member_deltas.json,/122/events/new_normal_alarm
WEBGL1-LOEO-v1-02,MWB,mtc_discovery,lost_normal_alarm,0,deliverables/app_resource_constrained_extension_v1/results/summary/member_deltas.json,/122/events/lost_normal_alarm
WEBGL1-LOEO-v1-02,MWB,mtc_discovery,F_to_U,7,deliverables/app_resource_constrained_extension_v1/results/summary/member_deltas.json,/122/events/F_to_U
WEBGL1-LOEO-v1-02,MWB,mtc_discovery,U_to_T,0,deliverables/app_resource_constrained_extension_v1/results/summary/member_deltas.json,/122/events/U_to_T
WEBGL1-LOEO-v1-02,MWB,mtc_discovery,to_FAILED,0,deliverables/app_resource_constrained_extension_v1/results/summary/member_deltas.json,/122/events/to_FAILED
WEBGL1-LOEO-v1-02,MWB,pilot18,new_detection,0,deliverables/app_resource_constrained_extension_v1/results/summary/member_deltas.json,/123/events/new_detection
WEBGL1-LOEO-v1-02,MWB,pilot18,lost_detection,0,deliverables/app_resource_constrained_extension_v1/results/summary/member_deltas.json,/123/events/lost_detection
WEBGL1-LOEO-v1-02,MWB,pilot18,new_normal_alarm,0,deliverables/app_resource_constrained_extension_v1/results/summary/member_deltas.json,/123/events/new_normal_alarm
WEBGL1-LOEO-v1-02,MWB,pilot18,lost_normal_alarm,0,deliverables/app_resource_constrained_extension_v1/results/summary/member_deltas.json,/123/events/lost_normal_alarm
WEBGL1-LOEO-v1-02,MWB,pilot18,F_to_U,0,deliverables/app_resource_constrained_extension_v1/results/summary/member_deltas.json,/123/events/F_to_U
WEBGL1-LOEO-v1-02,MWB,pilot18,U_to_T,0,deliverables/app_resource_constrained_extension_v1/results/summary/member_deltas.json,/123/events/U_to_T
WEBGL1-LOEO-v1-02,MWB,pilot18,to_FAILED,0,deliverables/app_resource_constrained_extension_v1/results/summary/member_deltas.json,/123/events/to_FAILED
WEBGL1-LOEO-v1-02,MWB,b2b42,new_detection,0,deliverables/app_resource_constrained_extension_v1/results/summary/member_deltas.json,/124/events/new_detection
WEBGL1-LOEO-v1-02,MWB,b2b42,lost_detection,0,deliverables/app_resource_constrained_extension_v1/results/summary/member_deltas.json,/124/events/lost_detection
WEBGL1-LOEO-v1-02,MWB,b2b42,new_normal_alarm,0,deliverables/app_resource_constrained_extension_v1/results/summary/member_deltas.json,/124/events/new_normal_alarm
WEBGL1-LOEO-v1-02,MWB,b2b42,lost_normal_alarm,0,deliverables/app_resource_constrained_extension_v1/results/summary/member_deltas.json,/124/events/lost_normal_alarm
WEBGL1-LOEO-v1-02,MWB,b2b42,F_to_U,0,deliverables/app_resource_constrained_extension_v1/results/summary/member_deltas.json,/124/events/F_to_U
WEBGL1-LOEO-v1-02,MWB,b2b42,U_to_T,0,deliverables/app_resource_constrained_extension_v1/results/summary/member_deltas.json,/124/events/U_to_T
WEBGL1-LOEO-v1-02,MWB,b2b42,to_FAILED,0,deliverables/app_resource_constrained_extension_v1/results/summary/member_deltas.json,/124/events/to_FAILED
WEBGL1-LOEO-v1-02,MWB,resource54,new_detection,6,deliverables/app_resource_constrained_extension_v1/results/summary/member_deltas.json,/125/events/new_detection
WEBGL1-LOEO-v1-02,MWB,resource54,lost_detection,0,deliverables/app_resource_constrained_extension_v1/results/summary/member_deltas.json,/125/events/lost_detection
WEBGL1-LOEO-v1-02,MWB,resource54,new_normal_alarm,0,deliverables/app_resource_constrained_extension_v1/results/summary/member_deltas.json,/125/events/new_normal_alarm
WEBGL1-LOEO-v1-02,MWB,resource54,lost_normal_alarm,0,deliverables/app_resource_constrained_extension_v1/results/summary/member_deltas.json,/125/events/lost_normal_alarm
WEBGL1-LOEO-v1-02,MWB,resource54,F_to_U,0,deliverables/app_resource_constrained_extension_v1/results/summary/member_deltas.json,/125/events/F_to_U
WEBGL1-LOEO-v1-02,MWB,resource54,U_to_T,0,deliverables/app_resource_constrained_extension_v1/results/summary/member_deltas.json,/125/events/U_to_T
WEBGL1-LOEO-v1-02,MWB,resource54,to_FAILED,0,deliverables/app_resource_constrained_extension_v1/results/summary/member_deltas.json,/125/events/to_FAILED
WEBGL1-LOEO-v1-02,MWB,mtc_reserved_validation,new_detection,0,deliverables/app_resource_constrained_extension_v1/results/summary/member_deltas.json,/126/events/new_detection
WEBGL1-LOEO-v1-02,MWB,mtc_reserved_validation,lost_detection,0,deliverables/app_resource_constrained_extension_v1/results/summary/member_deltas.json,/126/events/lost_detection
WEBGL1-LOEO-v1-02,MWB,mtc_reserved_validation,new_normal_alarm,16,deliverables/app_resource_constrained_extension_v1/results/summary/member_deltas.json,/126/events/new_normal_alarm
WEBGL1-LOEO-v1-02,MWB,mtc_reserved_validation,lost_normal_alarm,0,deliverables/app_resource_constrained_extension_v1/results/summary/member_deltas.json,/126/events/lost_normal_alarm
WEBGL1-LOEO-v1-02,MWB,mtc_reserved_validation,F_to_U,2,deliverables/app_resource_constrained_extension_v1/results/summary/member_deltas.json,/126/events/F_to_U
WEBGL1-LOEO-v1-02,MWB,mtc_reserved_validation,U_to_T,0,deliverables/app_resource_constrained_extension_v1/results/summary/member_deltas.json,/126/events/U_to_T
WEBGL1-LOEO-v1-02,MWB,mtc_reserved_validation,to_FAILED,0,deliverables/app_resource_constrained_extension_v1/results/summary/member_deltas.json,/126/events/to_FAILED
WEBGL1-LOEO-v1-02,MWB,mtc_development,new_detection,0,deliverables/app_resource_constrained_extension_v1/results/summary/member_deltas.json,/127/events/new_detection
WEBGL1-LOEO-v1-02,MWB,mtc_development,lost_detection,0,deliverables/app_resource_constrained_extension_v1/results/summary/member_deltas.json,/127/events/lost_detection
WEBGL1-LOEO-v1-02,MWB,mtc_development,new_normal_alarm,6,deliverables/app_resource_constrained_extension_v1/results/summary/member_deltas.json,/127/events/new_normal_alarm
WEBGL1-LOEO-v1-02,MWB,mtc_development,lost_normal_alarm,0,deliverables/app_resource_constrained_extension_v1/results/summary/member_deltas.json,/127/events/lost_normal_alarm
WEBGL1-LOEO-v1-02,MWB,mtc_development,F_to_U,0,deliverables/app_resource_constrained_extension_v1/results/summary/member_deltas.json,/127/events/F_to_U
WEBGL1-LOEO-v1-02,MWB,mtc_development,U_to_T,0,deliverables/app_resource_constrained_extension_v1/results/summary/member_deltas.json,/127/events/U_to_T
WEBGL1-LOEO-v1-02,MWB,mtc_development,to_FAILED,0,deliverables/app_resource_constrained_extension_v1/results/summary/member_deltas.json,/127/events/to_FAILED
WEBGL1-LOEO-v1-03,S0,selection,new_detection,0,deliverables/app_resource_constrained_extension_v1/results/summary/member_deltas.json,/128/events/new_detection
WEBGL1-LOEO-v1-03,S0,selection,lost_detection,0,deliverables/app_resource_constrained_extension_v1/results/summary/member_deltas.json,/128/events/lost_detection
WEBGL1-LOEO-v1-03,S0,selection,new_normal_alarm,0,deliverables/app_resource_constrained_extension_v1/results/summary/member_deltas.json,/128/events/new_normal_alarm
WEBGL1-LOEO-v1-03,S0,selection,lost_normal_alarm,0,deliverables/app_resource_constrained_extension_v1/results/summary/member_deltas.json,/128/events/lost_normal_alarm
WEBGL1-LOEO-v1-03,S0,selection,F_to_U,0,deliverables/app_resource_constrained_extension_v1/results/summary/member_deltas.json,/128/events/F_to_U
WEBGL1-LOEO-v1-03,S0,selection,U_to_T,0,deliverables/app_resource_constrained_extension_v1/results/summary/member_deltas.json,/128/events/U_to_T
WEBGL1-LOEO-v1-03,S0,selection,to_FAILED,0,deliverables/app_resource_constrained_extension_v1/results/summary/member_deltas.json,/128/events/to_FAILED
WEBGL1-LOEO-v1-03,S0,historical_evaluation,new_detection,0,deliverables/app_resource_constrained_extension_v1/results/summary/member_deltas.json,/129/events/new_detection
WEBGL1-LOEO-v1-03,S0,historical_evaluation,lost_detection,0,deliverables/app_resource_constrained_extension_v1/results/summary/member_deltas.json,/129/events/lost_detection
WEBGL1-LOEO-v1-03,S0,historical_evaluation,new_normal_alarm,0,deliverables/app_resource_constrained_extension_v1/results/summary/member_deltas.json,/129/events/new_normal_alarm
WEBGL1-LOEO-v1-03,S0,historical_evaluation,lost_normal_alarm,0,deliverables/app_resource_constrained_extension_v1/results/summary/member_deltas.json,/129/events/lost_normal_alarm
WEBGL1-LOEO-v1-03,S0,historical_evaluation,F_to_U,0,deliverables/app_resource_constrained_extension_v1/results/summary/member_deltas.json,/129/events/F_to_U
WEBGL1-LOEO-v1-03,S0,historical_evaluation,U_to_T,0,deliverables/app_resource_constrained_extension_v1/results/summary/member_deltas.json,/129/events/U_to_T
WEBGL1-LOEO-v1-03,S0,historical_evaluation,to_FAILED,0,deliverables/app_resource_constrained_extension_v1/results/summary/member_deltas.json,/129/events/to_FAILED
WEBGL1-LOEO-v1-03,S0,mtc_discovery,new_detection,0,deliverables/app_resource_constrained_extension_v1/results/summary/member_deltas.json,/130/events/new_detection
WEBGL1-LOEO-v1-03,S0,mtc_discovery,lost_detection,0,deliverables/app_resource_constrained_extension_v1/results/summary/member_deltas.json,/130/events/lost_detection
WEBGL1-LOEO-v1-03,S0,mtc_discovery,new_normal_alarm,0,deliverables/app_resource_constrained_extension_v1/results/summary/member_deltas.json,/130/events/new_normal_alarm
WEBGL1-LOEO-v1-03,S0,mtc_discovery,lost_normal_alarm,0,deliverables/app_resource_constrained_extension_v1/results/summary/member_deltas.json,/130/events/lost_normal_alarm
WEBGL1-LOEO-v1-03,S0,mtc_discovery,F_to_U,0,deliverables/app_resource_constrained_extension_v1/results/summary/member_deltas.json,/130/events/F_to_U
WEBGL1-LOEO-v1-03,S0,mtc_discovery,U_to_T,0,deliverables/app_resource_constrained_extension_v1/results/summary/member_deltas.json,/130/events/U_to_T
WEBGL1-LOEO-v1-03,S0,mtc_discovery,to_FAILED,0,deliverables/app_resource_constrained_extension_v1/results/summary/member_deltas.json,/130/events/to_FAILED
WEBGL1-LOEO-v1-03,S0,pilot18,new_detection,0,deliverables/app_resource_constrained_extension_v1/results/summary/member_deltas.json,/131/events/new_detection
WEBGL1-LOEO-v1-03,S0,pilot18,lost_detection,0,deliverables/app_resource_constrained_extension_v1/results/summary/member_deltas.json,/131/events/lost_detection
WEBGL1-LOEO-v1-03,S0,pilot18,new_normal_alarm,0,deliverables/app_resource_constrained_extension_v1/results/summary/member_deltas.json,/131/events/new_normal_alarm
WEBGL1-LOEO-v1-03,S0,pilot18,lost_normal_alarm,0,deliverables/app_resource_constrained_extension_v1/results/summary/member_deltas.json,/131/events/lost_normal_alarm
WEBGL1-LOEO-v1-03,S0,pilot18,F_to_U,0,deliverables/app_resource_constrained_extension_v1/results/summary/member_deltas.json,/131/events/F_to_U
WEBGL1-LOEO-v1-03,S0,pilot18,U_to_T,0,deliverables/app_resource_constrained_extension_v1/results/summary/member_deltas.json,/131/events/U_to_T
WEBGL1-LOEO-v1-03,S0,pilot18,to_FAILED,0,deliverables/app_resource_constrained_extension_v1/results/summary/member_deltas.json,/131/events/to_FAILED
WEBGL1-LOEO-v1-03,S0,b2b42,new_detection,0,deliverables/app_resource_constrained_extension_v1/results/summary/member_deltas.json,/132/events/new_detection
WEBGL1-LOEO-v1-03,S0,b2b42,lost_detection,0,deliverables/app_resource_constrained_extension_v1/results/summary/member_deltas.json,/132/events/lost_detection
WEBGL1-LOEO-v1-03,S0,b2b42,new_normal_alarm,0,deliverables/app_resource_constrained_extension_v1/results/summary/member_deltas.json,/132/events/new_normal_alarm
WEBGL1-LOEO-v1-03,S0,b2b42,lost_normal_alarm,0,deliverables/app_resource_constrained_extension_v1/results/summary/member_deltas.json,/132/events/lost_normal_alarm
WEBGL1-LOEO-v1-03,S0,b2b42,F_to_U,0,deliverables/app_resource_constrained_extension_v1/results/summary/member_deltas.json,/132/events/F_to_U
WEBGL1-LOEO-v1-03,S0,b2b42,U_to_T,0,deliverables/app_resource_constrained_extension_v1/results/summary/member_deltas.json,/132/events/U_to_T
WEBGL1-LOEO-v1-03,S0,b2b42,to_FAILED,0,deliverables/app_resource_constrained_extension_v1/results/summary/member_deltas.json,/132/events/to_FAILED
WEBGL1-LOEO-v1-03,S0,resource54,new_detection,0,deliverables/app_resource_constrained_extension_v1/results/summary/member_deltas.json,/133/events/new_detection
WEBGL1-LOEO-v1-03,S0,resource54,lost_detection,0,deliverables/app_resource_constrained_extension_v1/results/summary/member_deltas.json,/133/events/lost_detection
WEBGL1-LOEO-v1-03,S0,resource54,new_normal_alarm,0,deliverables/app_resource_constrained_extension_v1/results/summary/member_deltas.json,/133/events/new_normal_alarm
WEBGL1-LOEO-v1-03,S0,resource54,lost_normal_alarm,0,deliverables/app_resource_constrained_extension_v1/results/summary/member_deltas.json,/133/events/lost_normal_alarm
WEBGL1-LOEO-v1-03,S0,resource54,F_to_U,0,deliverables/app_resource_constrained_extension_v1/results/summary/member_deltas.json,/133/events/F_to_U
WEBGL1-LOEO-v1-03,S0,resource54,U_to_T,0,deliverables/app_resource_constrained_extension_v1/results/summary/member_deltas.json,/133/events/U_to_T
WEBGL1-LOEO-v1-03,S0,resource54,to_FAILED,0,deliverables/app_resource_constrained_extension_v1/results/summary/member_deltas.json,/133/events/to_FAILED
WEBGL1-LOEO-v1-03,S0,mtc_reserved_validation,new_detection,0,deliverables/app_resource_constrained_extension_v1/results/summary/member_deltas.json,/134/events/new_detection
WEBGL1-LOEO-v1-03,S0,mtc_reserved_validation,lost_detection,0,deliverables/app_resource_constrained_extension_v1/results/summary/member_deltas.json,/134/events/lost_detection
WEBGL1-LOEO-v1-03,S0,mtc_reserved_validation,new_normal_alarm,0,deliverables/app_resource_constrained_extension_v1/results/summary/member_deltas.json,/134/events/new_normal_alarm
WEBGL1-LOEO-v1-03,S0,mtc_reserved_validation,lost_normal_alarm,0,deliverables/app_resource_constrained_extension_v1/results/summary/member_deltas.json,/134/events/lost_normal_alarm
WEBGL1-LOEO-v1-03,S0,mtc_reserved_validation,F_to_U,0,deliverables/app_resource_constrained_extension_v1/results/summary/member_deltas.json,/134/events/F_to_U
WEBGL1-LOEO-v1-03,S0,mtc_reserved_validation,U_to_T,0,deliverables/app_resource_constrained_extension_v1/results/summary/member_deltas.json,/134/events/U_to_T
WEBGL1-LOEO-v1-03,S0,mtc_reserved_validation,to_FAILED,0,deliverables/app_resource_constrained_extension_v1/results/summary/member_deltas.json,/134/events/to_FAILED
WEBGL1-LOEO-v1-03,S0,mtc_development,new_detection,0,deliverables/app_resource_constrained_extension_v1/results/summary/member_deltas.json,/135/events/new_detection
WEBGL1-LOEO-v1-03,S0,mtc_development,lost_detection,0,deliverables/app_resource_constrained_extension_v1/results/summary/member_deltas.json,/135/events/lost_detection
WEBGL1-LOEO-v1-03,S0,mtc_development,new_normal_alarm,0,deliverables/app_resource_constrained_extension_v1/results/summary/member_deltas.json,/135/events/new_normal_alarm
WEBGL1-LOEO-v1-03,S0,mtc_development,lost_normal_alarm,0,deliverables/app_resource_constrained_extension_v1/results/summary/member_deltas.json,/135/events/lost_normal_alarm
WEBGL1-LOEO-v1-03,S0,mtc_development,F_to_U,0,deliverables/app_resource_constrained_extension_v1/results/summary/member_deltas.json,/135/events/F_to_U
WEBGL1-LOEO-v1-03,S0,mtc_development,U_to_T,0,deliverables/app_resource_constrained_extension_v1/results/summary/member_deltas.json,/135/events/U_to_T
WEBGL1-LOEO-v1-03,S0,mtc_development,to_FAILED,0,deliverables/app_resource_constrained_extension_v1/results/summary/member_deltas.json,/135/events/to_FAILED
WEBGL1-LOEO-v1-03,M,selection,new_detection,6,deliverables/app_resource_constrained_extension_v1/results/summary/member_deltas.json,/136/events/new_detection
WEBGL1-LOEO-v1-03,M,selection,lost_detection,0,deliverables/app_resource_constrained_extension_v1/results/summary/member_deltas.json,/136/events/lost_detection
WEBGL1-LOEO-v1-03,M,selection,new_normal_alarm,2,deliverables/app_resource_constrained_extension_v1/results/summary/member_deltas.json,/136/events/new_normal_alarm
WEBGL1-LOEO-v1-03,M,selection,lost_normal_alarm,0,deliverables/app_resource_constrained_extension_v1/results/summary/member_deltas.json,/136/events/lost_normal_alarm
WEBGL1-LOEO-v1-03,M,selection,F_to_U,7,deliverables/app_resource_constrained_extension_v1/results/summary/member_deltas.json,/136/events/F_to_U
WEBGL1-LOEO-v1-03,M,selection,U_to_T,0,deliverables/app_resource_constrained_extension_v1/results/summary/member_deltas.json,/136/events/U_to_T
WEBGL1-LOEO-v1-03,M,selection,to_FAILED,0,deliverables/app_resource_constrained_extension_v1/results/summary/member_deltas.json,/136/events/to_FAILED
WEBGL1-LOEO-v1-03,M,historical_evaluation,new_detection,0,deliverables/app_resource_constrained_extension_v1/results/summary/member_deltas.json,/137/events/new_detection
WEBGL1-LOEO-v1-03,M,historical_evaluation,lost_detection,0,deliverables/app_resource_constrained_extension_v1/results/summary/member_deltas.json,/137/events/lost_detection
WEBGL1-LOEO-v1-03,M,historical_evaluation,new_normal_alarm,1,deliverables/app_resource_constrained_extension_v1/results/summary/member_deltas.json,/137/events/new_normal_alarm
WEBGL1-LOEO-v1-03,M,historical_evaluation,lost_normal_alarm,0,deliverables/app_resource_constrained_extension_v1/results/summary/member_deltas.json,/137/events/lost_normal_alarm
WEBGL1-LOEO-v1-03,M,historical_evaluation,F_to_U,2,deliverables/app_resource_constrained_extension_v1/results/summary/member_deltas.json,/137/events/F_to_U
WEBGL1-LOEO-v1-03,M,historical_evaluation,U_to_T,0,deliverables/app_resource_constrained_extension_v1/results/summary/member_deltas.json,/137/events/U_to_T
WEBGL1-LOEO-v1-03,M,historical_evaluation,to_FAILED,0,deliverables/app_resource_constrained_extension_v1/results/summary/member_deltas.json,/137/events/to_FAILED
WEBGL1-LOEO-v1-03,M,mtc_discovery,new_detection,0,deliverables/app_resource_constrained_extension_v1/results/summary/member_deltas.json,/138/events/new_detection
WEBGL1-LOEO-v1-03,M,mtc_discovery,lost_detection,0,deliverables/app_resource_constrained_extension_v1/results/summary/member_deltas.json,/138/events/lost_detection
WEBGL1-LOEO-v1-03,M,mtc_discovery,new_normal_alarm,2,deliverables/app_resource_constrained_extension_v1/results/summary/member_deltas.json,/138/events/new_normal_alarm
WEBGL1-LOEO-v1-03,M,mtc_discovery,lost_normal_alarm,0,deliverables/app_resource_constrained_extension_v1/results/summary/member_deltas.json,/138/events/lost_normal_alarm
WEBGL1-LOEO-v1-03,M,mtc_discovery,F_to_U,7,deliverables/app_resource_constrained_extension_v1/results/summary/member_deltas.json,/138/events/F_to_U
WEBGL1-LOEO-v1-03,M,mtc_discovery,U_to_T,0,deliverables/app_resource_constrained_extension_v1/results/summary/member_deltas.json,/138/events/U_to_T
WEBGL1-LOEO-v1-03,M,mtc_discovery,to_FAILED,0,deliverables/app_resource_constrained_extension_v1/results/summary/member_deltas.json,/138/events/to_FAILED
WEBGL1-LOEO-v1-03,M,pilot18,new_detection,0,deliverables/app_resource_constrained_extension_v1/results/summary/member_deltas.json,/139/events/new_detection
WEBGL1-LOEO-v1-03,M,pilot18,lost_detection,0,deliverables/app_resource_constrained_extension_v1/results/summary/member_deltas.json,/139/events/lost_detection
WEBGL1-LOEO-v1-03,M,pilot18,new_normal_alarm,0,deliverables/app_resource_constrained_extension_v1/results/summary/member_deltas.json,/139/events/new_normal_alarm
WEBGL1-LOEO-v1-03,M,pilot18,lost_normal_alarm,0,deliverables/app_resource_constrained_extension_v1/results/summary/member_deltas.json,/139/events/lost_normal_alarm
WEBGL1-LOEO-v1-03,M,pilot18,F_to_U,0,deliverables/app_resource_constrained_extension_v1/results/summary/member_deltas.json,/139/events/F_to_U
WEBGL1-LOEO-v1-03,M,pilot18,U_to_T,0,deliverables/app_resource_constrained_extension_v1/results/summary/member_deltas.json,/139/events/U_to_T
WEBGL1-LOEO-v1-03,M,pilot18,to_FAILED,0,deliverables/app_resource_constrained_extension_v1/results/summary/member_deltas.json,/139/events/to_FAILED
WEBGL1-LOEO-v1-03,M,b2b42,new_detection,0,deliverables/app_resource_constrained_extension_v1/results/summary/member_deltas.json,/140/events/new_detection
WEBGL1-LOEO-v1-03,M,b2b42,lost_detection,0,deliverables/app_resource_constrained_extension_v1/results/summary/member_deltas.json,/140/events/lost_detection
WEBGL1-LOEO-v1-03,M,b2b42,new_normal_alarm,0,deliverables/app_resource_constrained_extension_v1/results/summary/member_deltas.json,/140/events/new_normal_alarm
WEBGL1-LOEO-v1-03,M,b2b42,lost_normal_alarm,0,deliverables/app_resource_constrained_extension_v1/results/summary/member_deltas.json,/140/events/lost_normal_alarm
WEBGL1-LOEO-v1-03,M,b2b42,F_to_U,0,deliverables/app_resource_constrained_extension_v1/results/summary/member_deltas.json,/140/events/F_to_U
WEBGL1-LOEO-v1-03,M,b2b42,U_to_T,0,deliverables/app_resource_constrained_extension_v1/results/summary/member_deltas.json,/140/events/U_to_T
WEBGL1-LOEO-v1-03,M,b2b42,to_FAILED,0,deliverables/app_resource_constrained_extension_v1/results/summary/member_deltas.json,/140/events/to_FAILED
WEBGL1-LOEO-v1-03,M,resource54,new_detection,6,deliverables/app_resource_constrained_extension_v1/results/summary/member_deltas.json,/141/events/new_detection
WEBGL1-LOEO-v1-03,M,resource54,lost_detection,0,deliverables/app_resource_constrained_extension_v1/results/summary/member_deltas.json,/141/events/lost_detection
WEBGL1-LOEO-v1-03,M,resource54,new_normal_alarm,0,deliverables/app_resource_constrained_extension_v1/results/summary/member_deltas.json,/141/events/new_normal_alarm
WEBGL1-LOEO-v1-03,M,resource54,lost_normal_alarm,0,deliverables/app_resource_constrained_extension_v1/results/summary/member_deltas.json,/141/events/lost_normal_alarm
WEBGL1-LOEO-v1-03,M,resource54,F_to_U,0,deliverables/app_resource_constrained_extension_v1/results/summary/member_deltas.json,/141/events/F_to_U
WEBGL1-LOEO-v1-03,M,resource54,U_to_T,0,deliverables/app_resource_constrained_extension_v1/results/summary/member_deltas.json,/141/events/U_to_T
WEBGL1-LOEO-v1-03,M,resource54,to_FAILED,0,deliverables/app_resource_constrained_extension_v1/results/summary/member_deltas.json,/141/events/to_FAILED
WEBGL1-LOEO-v1-03,M,mtc_reserved_validation,new_detection,0,deliverables/app_resource_constrained_extension_v1/results/summary/member_deltas.json,/142/events/new_detection
WEBGL1-LOEO-v1-03,M,mtc_reserved_validation,lost_detection,0,deliverables/app_resource_constrained_extension_v1/results/summary/member_deltas.json,/142/events/lost_detection
WEBGL1-LOEO-v1-03,M,mtc_reserved_validation,new_normal_alarm,1,deliverables/app_resource_constrained_extension_v1/results/summary/member_deltas.json,/142/events/new_normal_alarm
WEBGL1-LOEO-v1-03,M,mtc_reserved_validation,lost_normal_alarm,0,deliverables/app_resource_constrained_extension_v1/results/summary/member_deltas.json,/142/events/lost_normal_alarm
WEBGL1-LOEO-v1-03,M,mtc_reserved_validation,F_to_U,2,deliverables/app_resource_constrained_extension_v1/results/summary/member_deltas.json,/142/events/F_to_U
WEBGL1-LOEO-v1-03,M,mtc_reserved_validation,U_to_T,0,deliverables/app_resource_constrained_extension_v1/results/summary/member_deltas.json,/142/events/U_to_T
WEBGL1-LOEO-v1-03,M,mtc_reserved_validation,to_FAILED,0,deliverables/app_resource_constrained_extension_v1/results/summary/member_deltas.json,/142/events/to_FAILED
WEBGL1-LOEO-v1-03,M,mtc_development,new_detection,0,deliverables/app_resource_constrained_extension_v1/results/summary/member_deltas.json,/143/events/new_detection
WEBGL1-LOEO-v1-03,M,mtc_development,lost_detection,0,deliverables/app_resource_constrained_extension_v1/results/summary/member_deltas.json,/143/events/lost_detection
WEBGL1-LOEO-v1-03,M,mtc_development,new_normal_alarm,0,deliverables/app_resource_constrained_extension_v1/results/summary/member_deltas.json,/143/events/new_normal_alarm
WEBGL1-LOEO-v1-03,M,mtc_development,lost_normal_alarm,0,deliverables/app_resource_constrained_extension_v1/results/summary/member_deltas.json,/143/events/lost_normal_alarm
WEBGL1-LOEO-v1-03,M,mtc_development,F_to_U,0,deliverables/app_resource_constrained_extension_v1/results/summary/member_deltas.json,/143/events/F_to_U
WEBGL1-LOEO-v1-03,M,mtc_development,U_to_T,0,deliverables/app_resource_constrained_extension_v1/results/summary/member_deltas.json,/143/events/U_to_T
WEBGL1-LOEO-v1-03,M,mtc_development,to_FAILED,0,deliverables/app_resource_constrained_extension_v1/results/summary/member_deltas.json,/143/events/to_FAILED
WEBGL1-LOEO-v1-03,W,selection,new_detection,6,deliverables/app_resource_constrained_extension_v1/results/summary/member_deltas.json,/144/events/new_detection
WEBGL1-LOEO-v1-03,W,selection,lost_detection,0,deliverables/app_resource_constrained_extension_v1/results/summary/member_deltas.json,/144/events/lost_detection
WEBGL1-LOEO-v1-03,W,selection,new_normal_alarm,40,deliverables/app_resource_constrained_extension_v1/results/summary/member_deltas.json,/144/events/new_normal_alarm
WEBGL1-LOEO-v1-03,W,selection,lost_normal_alarm,0,deliverables/app_resource_constrained_extension_v1/results/summary/member_deltas.json,/144/events/lost_normal_alarm
WEBGL1-LOEO-v1-03,W,selection,F_to_U,7,deliverables/app_resource_constrained_extension_v1/results/summary/member_deltas.json,/144/events/F_to_U
WEBGL1-LOEO-v1-03,W,selection,U_to_T,0,deliverables/app_resource_constrained_extension_v1/results/summary/member_deltas.json,/144/events/U_to_T
WEBGL1-LOEO-v1-03,W,selection,to_FAILED,0,deliverables/app_resource_constrained_extension_v1/results/summary/member_deltas.json,/144/events/to_FAILED
WEBGL1-LOEO-v1-03,W,historical_evaluation,new_detection,0,deliverables/app_resource_constrained_extension_v1/results/summary/member_deltas.json,/145/events/new_detection
WEBGL1-LOEO-v1-03,W,historical_evaluation,lost_detection,0,deliverables/app_resource_constrained_extension_v1/results/summary/member_deltas.json,/145/events/lost_detection
WEBGL1-LOEO-v1-03,W,historical_evaluation,new_normal_alarm,22,deliverables/app_resource_constrained_extension_v1/results/summary/member_deltas.json,/145/events/new_normal_alarm
WEBGL1-LOEO-v1-03,W,historical_evaluation,lost_normal_alarm,0,deliverables/app_resource_constrained_extension_v1/results/summary/member_deltas.json,/145/events/lost_normal_alarm
WEBGL1-LOEO-v1-03,W,historical_evaluation,F_to_U,2,deliverables/app_resource_constrained_extension_v1/results/summary/member_deltas.json,/145/events/F_to_U
WEBGL1-LOEO-v1-03,W,historical_evaluation,U_to_T,0,deliverables/app_resource_constrained_extension_v1/results/summary/member_deltas.json,/145/events/U_to_T
WEBGL1-LOEO-v1-03,W,historical_evaluation,to_FAILED,0,deliverables/app_resource_constrained_extension_v1/results/summary/member_deltas.json,/145/events/to_FAILED
WEBGL1-LOEO-v1-03,W,mtc_discovery,new_detection,0,deliverables/app_resource_constrained_extension_v1/results/summary/member_deltas.json,/146/events/new_detection
WEBGL1-LOEO-v1-03,W,mtc_discovery,lost_detection,0,deliverables/app_resource_constrained_extension_v1/results/summary/member_deltas.json,/146/events/lost_detection
WEBGL1-LOEO-v1-03,W,mtc_discovery,new_normal_alarm,40,deliverables/app_resource_constrained_extension_v1/results/summary/member_deltas.json,/146/events/new_normal_alarm
WEBGL1-LOEO-v1-03,W,mtc_discovery,lost_normal_alarm,0,deliverables/app_resource_constrained_extension_v1/results/summary/member_deltas.json,/146/events/lost_normal_alarm
WEBGL1-LOEO-v1-03,W,mtc_discovery,F_to_U,7,deliverables/app_resource_constrained_extension_v1/results/summary/member_deltas.json,/146/events/F_to_U
WEBGL1-LOEO-v1-03,W,mtc_discovery,U_to_T,0,deliverables/app_resource_constrained_extension_v1/results/summary/member_deltas.json,/146/events/U_to_T
WEBGL1-LOEO-v1-03,W,mtc_discovery,to_FAILED,0,deliverables/app_resource_constrained_extension_v1/results/summary/member_deltas.json,/146/events/to_FAILED
WEBGL1-LOEO-v1-03,W,pilot18,new_detection,0,deliverables/app_resource_constrained_extension_v1/results/summary/member_deltas.json,/147/events/new_detection
WEBGL1-LOEO-v1-03,W,pilot18,lost_detection,0,deliverables/app_resource_constrained_extension_v1/results/summary/member_deltas.json,/147/events/lost_detection
WEBGL1-LOEO-v1-03,W,pilot18,new_normal_alarm,0,deliverables/app_resource_constrained_extension_v1/results/summary/member_deltas.json,/147/events/new_normal_alarm
WEBGL1-LOEO-v1-03,W,pilot18,lost_normal_alarm,0,deliverables/app_resource_constrained_extension_v1/results/summary/member_deltas.json,/147/events/lost_normal_alarm
WEBGL1-LOEO-v1-03,W,pilot18,F_to_U,0,deliverables/app_resource_constrained_extension_v1/results/summary/member_deltas.json,/147/events/F_to_U
WEBGL1-LOEO-v1-03,W,pilot18,U_to_T,0,deliverables/app_resource_constrained_extension_v1/results/summary/member_deltas.json,/147/events/U_to_T
WEBGL1-LOEO-v1-03,W,pilot18,to_FAILED,0,deliverables/app_resource_constrained_extension_v1/results/summary/member_deltas.json,/147/events/to_FAILED
WEBGL1-LOEO-v1-03,W,b2b42,new_detection,0,deliverables/app_resource_constrained_extension_v1/results/summary/member_deltas.json,/148/events/new_detection
WEBGL1-LOEO-v1-03,W,b2b42,lost_detection,0,deliverables/app_resource_constrained_extension_v1/results/summary/member_deltas.json,/148/events/lost_detection
WEBGL1-LOEO-v1-03,W,b2b42,new_normal_alarm,0,deliverables/app_resource_constrained_extension_v1/results/summary/member_deltas.json,/148/events/new_normal_alarm
WEBGL1-LOEO-v1-03,W,b2b42,lost_normal_alarm,0,deliverables/app_resource_constrained_extension_v1/results/summary/member_deltas.json,/148/events/lost_normal_alarm
WEBGL1-LOEO-v1-03,W,b2b42,F_to_U,0,deliverables/app_resource_constrained_extension_v1/results/summary/member_deltas.json,/148/events/F_to_U
WEBGL1-LOEO-v1-03,W,b2b42,U_to_T,0,deliverables/app_resource_constrained_extension_v1/results/summary/member_deltas.json,/148/events/U_to_T
WEBGL1-LOEO-v1-03,W,b2b42,to_FAILED,0,deliverables/app_resource_constrained_extension_v1/results/summary/member_deltas.json,/148/events/to_FAILED
WEBGL1-LOEO-v1-03,W,resource54,new_detection,6,deliverables/app_resource_constrained_extension_v1/results/summary/member_deltas.json,/149/events/new_detection
WEBGL1-LOEO-v1-03,W,resource54,lost_detection,0,deliverables/app_resource_constrained_extension_v1/results/summary/member_deltas.json,/149/events/lost_detection
WEBGL1-LOEO-v1-03,W,resource54,new_normal_alarm,0,deliverables/app_resource_constrained_extension_v1/results/summary/member_deltas.json,/149/events/new_normal_alarm
WEBGL1-LOEO-v1-03,W,resource54,lost_normal_alarm,0,deliverables/app_resource_constrained_extension_v1/results/summary/member_deltas.json,/149/events/lost_normal_alarm
WEBGL1-LOEO-v1-03,W,resource54,F_to_U,0,deliverables/app_resource_constrained_extension_v1/results/summary/member_deltas.json,/149/events/F_to_U
WEBGL1-LOEO-v1-03,W,resource54,U_to_T,0,deliverables/app_resource_constrained_extension_v1/results/summary/member_deltas.json,/149/events/U_to_T
WEBGL1-LOEO-v1-03,W,resource54,to_FAILED,0,deliverables/app_resource_constrained_extension_v1/results/summary/member_deltas.json,/149/events/to_FAILED
WEBGL1-LOEO-v1-03,W,mtc_reserved_validation,new_detection,0,deliverables/app_resource_constrained_extension_v1/results/summary/member_deltas.json,/150/events/new_detection
WEBGL1-LOEO-v1-03,W,mtc_reserved_validation,lost_detection,0,deliverables/app_resource_constrained_extension_v1/results/summary/member_deltas.json,/150/events/lost_detection
WEBGL1-LOEO-v1-03,W,mtc_reserved_validation,new_normal_alarm,16,deliverables/app_resource_constrained_extension_v1/results/summary/member_deltas.json,/150/events/new_normal_alarm
WEBGL1-LOEO-v1-03,W,mtc_reserved_validation,lost_normal_alarm,0,deliverables/app_resource_constrained_extension_v1/results/summary/member_deltas.json,/150/events/lost_normal_alarm
WEBGL1-LOEO-v1-03,W,mtc_reserved_validation,F_to_U,2,deliverables/app_resource_constrained_extension_v1/results/summary/member_deltas.json,/150/events/F_to_U
WEBGL1-LOEO-v1-03,W,mtc_reserved_validation,U_to_T,0,deliverables/app_resource_constrained_extension_v1/results/summary/member_deltas.json,/150/events/U_to_T
WEBGL1-LOEO-v1-03,W,mtc_reserved_validation,to_FAILED,0,deliverables/app_resource_constrained_extension_v1/results/summary/member_deltas.json,/150/events/to_FAILED
WEBGL1-LOEO-v1-03,W,mtc_development,new_detection,0,deliverables/app_resource_constrained_extension_v1/results/summary/member_deltas.json,/151/events/new_detection
WEBGL1-LOEO-v1-03,W,mtc_development,lost_detection,0,deliverables/app_resource_constrained_extension_v1/results/summary/member_deltas.json,/151/events/lost_detection
WEBGL1-LOEO-v1-03,W,mtc_development,new_normal_alarm,6,deliverables/app_resource_constrained_extension_v1/results/summary/member_deltas.json,/151/events/new_normal_alarm
WEBGL1-LOEO-v1-03,W,mtc_development,lost_normal_alarm,0,deliverables/app_resource_constrained_extension_v1/results/summary/member_deltas.json,/151/events/lost_normal_alarm
WEBGL1-LOEO-v1-03,W,mtc_development,F_to_U,0,deliverables/app_resource_constrained_extension_v1/results/summary/member_deltas.json,/151/events/F_to_U
WEBGL1-LOEO-v1-03,W,mtc_development,U_to_T,0,deliverables/app_resource_constrained_extension_v1/results/summary/member_deltas.json,/151/events/U_to_T
WEBGL1-LOEO-v1-03,W,mtc_development,to_FAILED,0,deliverables/app_resource_constrained_extension_v1/results/summary/member_deltas.json,/151/events/to_FAILED
WEBGL1-LOEO-v1-03,B,selection,new_detection,3,deliverables/app_resource_constrained_extension_v1/results/summary/member_deltas.json,/152/events/new_detection
WEBGL1-LOEO-v1-03,B,selection,lost_detection,0,deliverables/app_resource_constrained_extension_v1/results/summary/member_deltas.json,/152/events/lost_detection
WEBGL1-LOEO-v1-03,B,selection,new_normal_alarm,0,deliverables/app_resource_constrained_extension_v1/results/summary/member_deltas.json,/152/events/new_normal_alarm
WEBGL1-LOEO-v1-03,B,selection,lost_normal_alarm,0,deliverables/app_resource_constrained_extension_v1/results/summary/member_deltas.json,/152/events/lost_normal_alarm
WEBGL1-LOEO-v1-03,B,selection,F_to_U,7,deliverables/app_resource_constrained_extension_v1/results/summary/member_deltas.json,/152/events/F_to_U
WEBGL1-LOEO-v1-03,B,selection,U_to_T,0,deliverables/app_resource_constrained_extension_v1/results/summary/member_deltas.json,/152/events/U_to_T
WEBGL1-LOEO-v1-03,B,selection,to_FAILED,0,deliverables/app_resource_constrained_extension_v1/results/summary/member_deltas.json,/152/events/to_FAILED
WEBGL1-LOEO-v1-03,B,historical_evaluation,new_detection,0,deliverables/app_resource_constrained_extension_v1/results/summary/member_deltas.json,/153/events/new_detection
WEBGL1-LOEO-v1-03,B,historical_evaluation,lost_detection,0,deliverables/app_resource_constrained_extension_v1/results/summary/member_deltas.json,/153/events/lost_detection
WEBGL1-LOEO-v1-03,B,historical_evaluation,new_normal_alarm,0,deliverables/app_resource_constrained_extension_v1/results/summary/member_deltas.json,/153/events/new_normal_alarm
WEBGL1-LOEO-v1-03,B,historical_evaluation,lost_normal_alarm,0,deliverables/app_resource_constrained_extension_v1/results/summary/member_deltas.json,/153/events/lost_normal_alarm
WEBGL1-LOEO-v1-03,B,historical_evaluation,F_to_U,2,deliverables/app_resource_constrained_extension_v1/results/summary/member_deltas.json,/153/events/F_to_U
WEBGL1-LOEO-v1-03,B,historical_evaluation,U_to_T,0,deliverables/app_resource_constrained_extension_v1/results/summary/member_deltas.json,/153/events/U_to_T
WEBGL1-LOEO-v1-03,B,historical_evaluation,to_FAILED,0,deliverables/app_resource_constrained_extension_v1/results/summary/member_deltas.json,/153/events/to_FAILED
WEBGL1-LOEO-v1-03,B,mtc_discovery,new_detection,0,deliverables/app_resource_constrained_extension_v1/results/summary/member_deltas.json,/154/events/new_detection
WEBGL1-LOEO-v1-03,B,mtc_discovery,lost_detection,0,deliverables/app_resource_constrained_extension_v1/results/summary/member_deltas.json,/154/events/lost_detection
WEBGL1-LOEO-v1-03,B,mtc_discovery,new_normal_alarm,0,deliverables/app_resource_constrained_extension_v1/results/summary/member_deltas.json,/154/events/new_normal_alarm
WEBGL1-LOEO-v1-03,B,mtc_discovery,lost_normal_alarm,0,deliverables/app_resource_constrained_extension_v1/results/summary/member_deltas.json,/154/events/lost_normal_alarm
WEBGL1-LOEO-v1-03,B,mtc_discovery,F_to_U,7,deliverables/app_resource_constrained_extension_v1/results/summary/member_deltas.json,/154/events/F_to_U
WEBGL1-LOEO-v1-03,B,mtc_discovery,U_to_T,0,deliverables/app_resource_constrained_extension_v1/results/summary/member_deltas.json,/154/events/U_to_T
WEBGL1-LOEO-v1-03,B,mtc_discovery,to_FAILED,0,deliverables/app_resource_constrained_extension_v1/results/summary/member_deltas.json,/154/events/to_FAILED
WEBGL1-LOEO-v1-03,B,pilot18,new_detection,0,deliverables/app_resource_constrained_extension_v1/results/summary/member_deltas.json,/155/events/new_detection
WEBGL1-LOEO-v1-03,B,pilot18,lost_detection,0,deliverables/app_resource_constrained_extension_v1/results/summary/member_deltas.json,/155/events/lost_detection
WEBGL1-LOEO-v1-03,B,pilot18,new_normal_alarm,0,deliverables/app_resource_constrained_extension_v1/results/summary/member_deltas.json,/155/events/new_normal_alarm
WEBGL1-LOEO-v1-03,B,pilot18,lost_normal_alarm,0,deliverables/app_resource_constrained_extension_v1/results/summary/member_deltas.json,/155/events/lost_normal_alarm
WEBGL1-LOEO-v1-03,B,pilot18,F_to_U,0,deliverables/app_resource_constrained_extension_v1/results/summary/member_deltas.json,/155/events/F_to_U
WEBGL1-LOEO-v1-03,B,pilot18,U_to_T,0,deliverables/app_resource_constrained_extension_v1/results/summary/member_deltas.json,/155/events/U_to_T
WEBGL1-LOEO-v1-03,B,pilot18,to_FAILED,0,deliverables/app_resource_constrained_extension_v1/results/summary/member_deltas.json,/155/events/to_FAILED
WEBGL1-LOEO-v1-03,B,b2b42,new_detection,0,deliverables/app_resource_constrained_extension_v1/results/summary/member_deltas.json,/156/events/new_detection
WEBGL1-LOEO-v1-03,B,b2b42,lost_detection,0,deliverables/app_resource_constrained_extension_v1/results/summary/member_deltas.json,/156/events/lost_detection
WEBGL1-LOEO-v1-03,B,b2b42,new_normal_alarm,0,deliverables/app_resource_constrained_extension_v1/results/summary/member_deltas.json,/156/events/new_normal_alarm
WEBGL1-LOEO-v1-03,B,b2b42,lost_normal_alarm,0,deliverables/app_resource_constrained_extension_v1/results/summary/member_deltas.json,/156/events/lost_normal_alarm
WEBGL1-LOEO-v1-03,B,b2b42,F_to_U,0,deliverables/app_resource_constrained_extension_v1/results/summary/member_deltas.json,/156/events/F_to_U
WEBGL1-LOEO-v1-03,B,b2b42,U_to_T,0,deliverables/app_resource_constrained_extension_v1/results/summary/member_deltas.json,/156/events/U_to_T
WEBGL1-LOEO-v1-03,B,b2b42,to_FAILED,0,deliverables/app_resource_constrained_extension_v1/results/summary/member_deltas.json,/156/events/to_FAILED
WEBGL1-LOEO-v1-03,B,resource54,new_detection,3,deliverables/app_resource_constrained_extension_v1/results/summary/member_deltas.json,/157/events/new_detection
WEBGL1-LOEO-v1-03,B,resource54,lost_detection,0,deliverables/app_resource_constrained_extension_v1/results/summary/member_deltas.json,/157/events/lost_detection
WEBGL1-LOEO-v1-03,B,resource54,new_normal_alarm,0,deliverables/app_resource_constrained_extension_v1/results/summary/member_deltas.json,/157/events/new_normal_alarm
WEBGL1-LOEO-v1-03,B,resource54,lost_normal_alarm,0,deliverables/app_resource_constrained_extension_v1/results/summary/member_deltas.json,/157/events/lost_normal_alarm
WEBGL1-LOEO-v1-03,B,resource54,F_to_U,0,deliverables/app_resource_constrained_extension_v1/results/summary/member_deltas.json,/157/events/F_to_U
WEBGL1-LOEO-v1-03,B,resource54,U_to_T,0,deliverables/app_resource_constrained_extension_v1/results/summary/member_deltas.json,/157/events/U_to_T
WEBGL1-LOEO-v1-03,B,resource54,to_FAILED,0,deliverables/app_resource_constrained_extension_v1/results/summary/member_deltas.json,/157/events/to_FAILED
WEBGL1-LOEO-v1-03,B,mtc_reserved_validation,new_detection,0,deliverables/app_resource_constrained_extension_v1/results/summary/member_deltas.json,/158/events/new_detection
WEBGL1-LOEO-v1-03,B,mtc_reserved_validation,lost_detection,0,deliverables/app_resource_constrained_extension_v1/results/summary/member_deltas.json,/158/events/lost_detection
WEBGL1-LOEO-v1-03,B,mtc_reserved_validation,new_normal_alarm,0,deliverables/app_resource_constrained_extension_v1/results/summary/member_deltas.json,/158/events/new_normal_alarm
WEBGL1-LOEO-v1-03,B,mtc_reserved_validation,lost_normal_alarm,0,deliverables/app_resource_constrained_extension_v1/results/summary/member_deltas.json,/158/events/lost_normal_alarm
WEBGL1-LOEO-v1-03,B,mtc_reserved_validation,F_to_U,2,deliverables/app_resource_constrained_extension_v1/results/summary/member_deltas.json,/158/events/F_to_U
WEBGL1-LOEO-v1-03,B,mtc_reserved_validation,U_to_T,0,deliverables/app_resource_constrained_extension_v1/results/summary/member_deltas.json,/158/events/U_to_T
WEBGL1-LOEO-v1-03,B,mtc_reserved_validation,to_FAILED,0,deliverables/app_resource_constrained_extension_v1/results/summary/member_deltas.json,/158/events/to_FAILED
WEBGL1-LOEO-v1-03,B,mtc_development,new_detection,0,deliverables/app_resource_constrained_extension_v1/results/summary/member_deltas.json,/159/events/new_detection
WEBGL1-LOEO-v1-03,B,mtc_development,lost_detection,0,deliverables/app_resource_constrained_extension_v1/results/summary/member_deltas.json,/159/events/lost_detection
WEBGL1-LOEO-v1-03,B,mtc_development,new_normal_alarm,0,deliverables/app_resource_constrained_extension_v1/results/summary/member_deltas.json,/159/events/new_normal_alarm
WEBGL1-LOEO-v1-03,B,mtc_development,lost_normal_alarm,0,deliverables/app_resource_constrained_extension_v1/results/summary/member_deltas.json,/159/events/lost_normal_alarm
WEBGL1-LOEO-v1-03,B,mtc_development,F_to_U,0,deliverables/app_resource_constrained_extension_v1/results/summary/member_deltas.json,/159/events/F_to_U
WEBGL1-LOEO-v1-03,B,mtc_development,U_to_T,0,deliverables/app_resource_constrained_extension_v1/results/summary/member_deltas.json,/159/events/U_to_T
WEBGL1-LOEO-v1-03,B,mtc_development,to_FAILED,0,deliverables/app_resource_constrained_extension_v1/results/summary/member_deltas.json,/159/events/to_FAILED
WEBGL1-LOEO-v1-03,MW,selection,new_detection,6,deliverables/app_resource_constrained_extension_v1/results/summary/member_deltas.json,/160/events/new_detection
WEBGL1-LOEO-v1-03,MW,selection,lost_detection,0,deliverables/app_resource_constrained_extension_v1/results/summary/member_deltas.json,/160/events/lost_detection
WEBGL1-LOEO-v1-03,MW,selection,new_normal_alarm,40,deliverables/app_resource_constrained_extension_v1/results/summary/member_deltas.json,/160/events/new_normal_alarm
WEBGL1-LOEO-v1-03,MW,selection,lost_normal_alarm,0,deliverables/app_resource_constrained_extension_v1/results/summary/member_deltas.json,/160/events/lost_normal_alarm
WEBGL1-LOEO-v1-03,MW,selection,F_to_U,7,deliverables/app_resource_constrained_extension_v1/results/summary/member_deltas.json,/160/events/F_to_U
WEBGL1-LOEO-v1-03,MW,selection,U_to_T,0,deliverables/app_resource_constrained_extension_v1/results/summary/member_deltas.json,/160/events/U_to_T
WEBGL1-LOEO-v1-03,MW,selection,to_FAILED,0,deliverables/app_resource_constrained_extension_v1/results/summary/member_deltas.json,/160/events/to_FAILED
WEBGL1-LOEO-v1-03,MW,historical_evaluation,new_detection,0,deliverables/app_resource_constrained_extension_v1/results/summary/member_deltas.json,/161/events/new_detection
WEBGL1-LOEO-v1-03,MW,historical_evaluation,lost_detection,0,deliverables/app_resource_constrained_extension_v1/results/summary/member_deltas.json,/161/events/lost_detection
WEBGL1-LOEO-v1-03,MW,historical_evaluation,new_normal_alarm,22,deliverables/app_resource_constrained_extension_v1/results/summary/member_deltas.json,/161/events/new_normal_alarm
WEBGL1-LOEO-v1-03,MW,historical_evaluation,lost_normal_alarm,0,deliverables/app_resource_constrained_extension_v1/results/summary/member_deltas.json,/161/events/lost_normal_alarm
WEBGL1-LOEO-v1-03,MW,historical_evaluation,F_to_U,2,deliverables/app_resource_constrained_extension_v1/results/summary/member_deltas.json,/161/events/F_to_U
WEBGL1-LOEO-v1-03,MW,historical_evaluation,U_to_T,0,deliverables/app_resource_constrained_extension_v1/results/summary/member_deltas.json,/161/events/U_to_T
WEBGL1-LOEO-v1-03,MW,historical_evaluation,to_FAILED,0,deliverables/app_resource_constrained_extension_v1/results/summary/member_deltas.json,/161/events/to_FAILED
WEBGL1-LOEO-v1-03,MW,mtc_discovery,new_detection,0,deliverables/app_resource_constrained_extension_v1/results/summary/member_deltas.json,/162/events/new_detection
WEBGL1-LOEO-v1-03,MW,mtc_discovery,lost_detection,0,deliverables/app_resource_constrained_extension_v1/results/summary/member_deltas.json,/162/events/lost_detection
WEBGL1-LOEO-v1-03,MW,mtc_discovery,new_normal_alarm,40,deliverables/app_resource_constrained_extension_v1/results/summary/member_deltas.json,/162/events/new_normal_alarm
WEBGL1-LOEO-v1-03,MW,mtc_discovery,lost_normal_alarm,0,deliverables/app_resource_constrained_extension_v1/results/summary/member_deltas.json,/162/events/lost_normal_alarm
WEBGL1-LOEO-v1-03,MW,mtc_discovery,F_to_U,7,deliverables/app_resource_constrained_extension_v1/results/summary/member_deltas.json,/162/events/F_to_U
WEBGL1-LOEO-v1-03,MW,mtc_discovery,U_to_T,0,deliverables/app_resource_constrained_extension_v1/results/summary/member_deltas.json,/162/events/U_to_T
WEBGL1-LOEO-v1-03,MW,mtc_discovery,to_FAILED,0,deliverables/app_resource_constrained_extension_v1/results/summary/member_deltas.json,/162/events/to_FAILED
WEBGL1-LOEO-v1-03,MW,pilot18,new_detection,0,deliverables/app_resource_constrained_extension_v1/results/summary/member_deltas.json,/163/events/new_detection
WEBGL1-LOEO-v1-03,MW,pilot18,lost_detection,0,deliverables/app_resource_constrained_extension_v1/results/summary/member_deltas.json,/163/events/lost_detection
WEBGL1-LOEO-v1-03,MW,pilot18,new_normal_alarm,0,deliverables/app_resource_constrained_extension_v1/results/summary/member_deltas.json,/163/events/new_normal_alarm
WEBGL1-LOEO-v1-03,MW,pilot18,lost_normal_alarm,0,deliverables/app_resource_constrained_extension_v1/results/summary/member_deltas.json,/163/events/lost_normal_alarm
WEBGL1-LOEO-v1-03,MW,pilot18,F_to_U,0,deliverables/app_resource_constrained_extension_v1/results/summary/member_deltas.json,/163/events/F_to_U
WEBGL1-LOEO-v1-03,MW,pilot18,U_to_T,0,deliverables/app_resource_constrained_extension_v1/results/summary/member_deltas.json,/163/events/U_to_T
WEBGL1-LOEO-v1-03,MW,pilot18,to_FAILED,0,deliverables/app_resource_constrained_extension_v1/results/summary/member_deltas.json,/163/events/to_FAILED
WEBGL1-LOEO-v1-03,MW,b2b42,new_detection,0,deliverables/app_resource_constrained_extension_v1/results/summary/member_deltas.json,/164/events/new_detection
WEBGL1-LOEO-v1-03,MW,b2b42,lost_detection,0,deliverables/app_resource_constrained_extension_v1/results/summary/member_deltas.json,/164/events/lost_detection
WEBGL1-LOEO-v1-03,MW,b2b42,new_normal_alarm,0,deliverables/app_resource_constrained_extension_v1/results/summary/member_deltas.json,/164/events/new_normal_alarm
WEBGL1-LOEO-v1-03,MW,b2b42,lost_normal_alarm,0,deliverables/app_resource_constrained_extension_v1/results/summary/member_deltas.json,/164/events/lost_normal_alarm
WEBGL1-LOEO-v1-03,MW,b2b42,F_to_U,0,deliverables/app_resource_constrained_extension_v1/results/summary/member_deltas.json,/164/events/F_to_U
WEBGL1-LOEO-v1-03,MW,b2b42,U_to_T,0,deliverables/app_resource_constrained_extension_v1/results/summary/member_deltas.json,/164/events/U_to_T
WEBGL1-LOEO-v1-03,MW,b2b42,to_FAILED,0,deliverables/app_resource_constrained_extension_v1/results/summary/member_deltas.json,/164/events/to_FAILED
WEBGL1-LOEO-v1-03,MW,resource54,new_detection,6,deliverables/app_resource_constrained_extension_v1/results/summary/member_deltas.json,/165/events/new_detection
WEBGL1-LOEO-v1-03,MW,resource54,lost_detection,0,deliverables/app_resource_constrained_extension_v1/results/summary/member_deltas.json,/165/events/lost_detection
WEBGL1-LOEO-v1-03,MW,resource54,new_normal_alarm,0,deliverables/app_resource_constrained_extension_v1/results/summary/member_deltas.json,/165/events/new_normal_alarm
WEBGL1-LOEO-v1-03,MW,resource54,lost_normal_alarm,0,deliverables/app_resource_constrained_extension_v1/results/summary/member_deltas.json,/165/events/lost_normal_alarm
WEBGL1-LOEO-v1-03,MW,resource54,F_to_U,0,deliverables/app_resource_constrained_extension_v1/results/summary/member_deltas.json,/165/events/F_to_U
WEBGL1-LOEO-v1-03,MW,resource54,U_to_T,0,deliverables/app_resource_constrained_extension_v1/results/summary/member_deltas.json,/165/events/U_to_T
WEBGL1-LOEO-v1-03,MW,resource54,to_FAILED,0,deliverables/app_resource_constrained_extension_v1/results/summary/member_deltas.json,/165/events/to_FAILED
WEBGL1-LOEO-v1-03,MW,mtc_reserved_validation,new_detection,0,deliverables/app_resource_constrained_extension_v1/results/summary/member_deltas.json,/166/events/new_detection
WEBGL1-LOEO-v1-03,MW,mtc_reserved_validation,lost_detection,0,deliverables/app_resource_constrained_extension_v1/results/summary/member_deltas.json,/166/events/lost_detection
WEBGL1-LOEO-v1-03,MW,mtc_reserved_validation,new_normal_alarm,16,deliverables/app_resource_constrained_extension_v1/results/summary/member_deltas.json,/166/events/new_normal_alarm
WEBGL1-LOEO-v1-03,MW,mtc_reserved_validation,lost_normal_alarm,0,deliverables/app_resource_constrained_extension_v1/results/summary/member_deltas.json,/166/events/lost_normal_alarm
WEBGL1-LOEO-v1-03,MW,mtc_reserved_validation,F_to_U,2,deliverables/app_resource_constrained_extension_v1/results/summary/member_deltas.json,/166/events/F_to_U
WEBGL1-LOEO-v1-03,MW,mtc_reserved_validation,U_to_T,0,deliverables/app_resource_constrained_extension_v1/results/summary/member_deltas.json,/166/events/U_to_T
WEBGL1-LOEO-v1-03,MW,mtc_reserved_validation,to_FAILED,0,deliverables/app_resource_constrained_extension_v1/results/summary/member_deltas.json,/166/events/to_FAILED
WEBGL1-LOEO-v1-03,MW,mtc_development,new_detection,0,deliverables/app_resource_constrained_extension_v1/results/summary/member_deltas.json,/167/events/new_detection
WEBGL1-LOEO-v1-03,MW,mtc_development,lost_detection,0,deliverables/app_resource_constrained_extension_v1/results/summary/member_deltas.json,/167/events/lost_detection
WEBGL1-LOEO-v1-03,MW,mtc_development,new_normal_alarm,6,deliverables/app_resource_constrained_extension_v1/results/summary/member_deltas.json,/167/events/new_normal_alarm
WEBGL1-LOEO-v1-03,MW,mtc_development,lost_normal_alarm,0,deliverables/app_resource_constrained_extension_v1/results/summary/member_deltas.json,/167/events/lost_normal_alarm
WEBGL1-LOEO-v1-03,MW,mtc_development,F_to_U,0,deliverables/app_resource_constrained_extension_v1/results/summary/member_deltas.json,/167/events/F_to_U
WEBGL1-LOEO-v1-03,MW,mtc_development,U_to_T,0,deliverables/app_resource_constrained_extension_v1/results/summary/member_deltas.json,/167/events/U_to_T
WEBGL1-LOEO-v1-03,MW,mtc_development,to_FAILED,0,deliverables/app_resource_constrained_extension_v1/results/summary/member_deltas.json,/167/events/to_FAILED
WEBGL1-LOEO-v1-03,MB,selection,new_detection,6,deliverables/app_resource_constrained_extension_v1/results/summary/member_deltas.json,/168/events/new_detection
WEBGL1-LOEO-v1-03,MB,selection,lost_detection,0,deliverables/app_resource_constrained_extension_v1/results/summary/member_deltas.json,/168/events/lost_detection
WEBGL1-LOEO-v1-03,MB,selection,new_normal_alarm,2,deliverables/app_resource_constrained_extension_v1/results/summary/member_deltas.json,/168/events/new_normal_alarm
WEBGL1-LOEO-v1-03,MB,selection,lost_normal_alarm,0,deliverables/app_resource_constrained_extension_v1/results/summary/member_deltas.json,/168/events/lost_normal_alarm
WEBGL1-LOEO-v1-03,MB,selection,F_to_U,7,deliverables/app_resource_constrained_extension_v1/results/summary/member_deltas.json,/168/events/F_to_U
WEBGL1-LOEO-v1-03,MB,selection,U_to_T,0,deliverables/app_resource_constrained_extension_v1/results/summary/member_deltas.json,/168/events/U_to_T
WEBGL1-LOEO-v1-03,MB,selection,to_FAILED,0,deliverables/app_resource_constrained_extension_v1/results/summary/member_deltas.json,/168/events/to_FAILED
WEBGL1-LOEO-v1-03,MB,historical_evaluation,new_detection,0,deliverables/app_resource_constrained_extension_v1/results/summary/member_deltas.json,/169/events/new_detection
WEBGL1-LOEO-v1-03,MB,historical_evaluation,lost_detection,0,deliverables/app_resource_constrained_extension_v1/results/summary/member_deltas.json,/169/events/lost_detection
WEBGL1-LOEO-v1-03,MB,historical_evaluation,new_normal_alarm,1,deliverables/app_resource_constrained_extension_v1/results/summary/member_deltas.json,/169/events/new_normal_alarm
WEBGL1-LOEO-v1-03,MB,historical_evaluation,lost_normal_alarm,0,deliverables/app_resource_constrained_extension_v1/results/summary/member_deltas.json,/169/events/lost_normal_alarm
WEBGL1-LOEO-v1-03,MB,historical_evaluation,F_to_U,2,deliverables/app_resource_constrained_extension_v1/results/summary/member_deltas.json,/169/events/F_to_U
WEBGL1-LOEO-v1-03,MB,historical_evaluation,U_to_T,0,deliverables/app_resource_constrained_extension_v1/results/summary/member_deltas.json,/169/events/U_to_T
WEBGL1-LOEO-v1-03,MB,historical_evaluation,to_FAILED,0,deliverables/app_resource_constrained_extension_v1/results/summary/member_deltas.json,/169/events/to_FAILED
WEBGL1-LOEO-v1-03,MB,mtc_discovery,new_detection,0,deliverables/app_resource_constrained_extension_v1/results/summary/member_deltas.json,/170/events/new_detection
WEBGL1-LOEO-v1-03,MB,mtc_discovery,lost_detection,0,deliverables/app_resource_constrained_extension_v1/results/summary/member_deltas.json,/170/events/lost_detection
WEBGL1-LOEO-v1-03,MB,mtc_discovery,new_normal_alarm,2,deliverables/app_resource_constrained_extension_v1/results/summary/member_deltas.json,/170/events/new_normal_alarm
WEBGL1-LOEO-v1-03,MB,mtc_discovery,lost_normal_alarm,0,deliverables/app_resource_constrained_extension_v1/results/summary/member_deltas.json,/170/events/lost_normal_alarm
WEBGL1-LOEO-v1-03,MB,mtc_discovery,F_to_U,7,deliverables/app_resource_constrained_extension_v1/results/summary/member_deltas.json,/170/events/F_to_U
WEBGL1-LOEO-v1-03,MB,mtc_discovery,U_to_T,0,deliverables/app_resource_constrained_extension_v1/results/summary/member_deltas.json,/170/events/U_to_T
WEBGL1-LOEO-v1-03,MB,mtc_discovery,to_FAILED,0,deliverables/app_resource_constrained_extension_v1/results/summary/member_deltas.json,/170/events/to_FAILED
WEBGL1-LOEO-v1-03,MB,pilot18,new_detection,0,deliverables/app_resource_constrained_extension_v1/results/summary/member_deltas.json,/171/events/new_detection
WEBGL1-LOEO-v1-03,MB,pilot18,lost_detection,0,deliverables/app_resource_constrained_extension_v1/results/summary/member_deltas.json,/171/events/lost_detection
WEBGL1-LOEO-v1-03,MB,pilot18,new_normal_alarm,0,deliverables/app_resource_constrained_extension_v1/results/summary/member_deltas.json,/171/events/new_normal_alarm
WEBGL1-LOEO-v1-03,MB,pilot18,lost_normal_alarm,0,deliverables/app_resource_constrained_extension_v1/results/summary/member_deltas.json,/171/events/lost_normal_alarm
WEBGL1-LOEO-v1-03,MB,pilot18,F_to_U,0,deliverables/app_resource_constrained_extension_v1/results/summary/member_deltas.json,/171/events/F_to_U
WEBGL1-LOEO-v1-03,MB,pilot18,U_to_T,0,deliverables/app_resource_constrained_extension_v1/results/summary/member_deltas.json,/171/events/U_to_T
WEBGL1-LOEO-v1-03,MB,pilot18,to_FAILED,0,deliverables/app_resource_constrained_extension_v1/results/summary/member_deltas.json,/171/events/to_FAILED
WEBGL1-LOEO-v1-03,MB,b2b42,new_detection,0,deliverables/app_resource_constrained_extension_v1/results/summary/member_deltas.json,/172/events/new_detection
WEBGL1-LOEO-v1-03,MB,b2b42,lost_detection,0,deliverables/app_resource_constrained_extension_v1/results/summary/member_deltas.json,/172/events/lost_detection
WEBGL1-LOEO-v1-03,MB,b2b42,new_normal_alarm,0,deliverables/app_resource_constrained_extension_v1/results/summary/member_deltas.json,/172/events/new_normal_alarm
WEBGL1-LOEO-v1-03,MB,b2b42,lost_normal_alarm,0,deliverables/app_resource_constrained_extension_v1/results/summary/member_deltas.json,/172/events/lost_normal_alarm
WEBGL1-LOEO-v1-03,MB,b2b42,F_to_U,0,deliverables/app_resource_constrained_extension_v1/results/summary/member_deltas.json,/172/events/F_to_U
WEBGL1-LOEO-v1-03,MB,b2b42,U_to_T,0,deliverables/app_resource_constrained_extension_v1/results/summary/member_deltas.json,/172/events/U_to_T
WEBGL1-LOEO-v1-03,MB,b2b42,to_FAILED,0,deliverables/app_resource_constrained_extension_v1/results/summary/member_deltas.json,/172/events/to_FAILED
WEBGL1-LOEO-v1-03,MB,resource54,new_detection,6,deliverables/app_resource_constrained_extension_v1/results/summary/member_deltas.json,/173/events/new_detection
WEBGL1-LOEO-v1-03,MB,resource54,lost_detection,0,deliverables/app_resource_constrained_extension_v1/results/summary/member_deltas.json,/173/events/lost_detection
WEBGL1-LOEO-v1-03,MB,resource54,new_normal_alarm,0,deliverables/app_resource_constrained_extension_v1/results/summary/member_deltas.json,/173/events/new_normal_alarm
WEBGL1-LOEO-v1-03,MB,resource54,lost_normal_alarm,0,deliverables/app_resource_constrained_extension_v1/results/summary/member_deltas.json,/173/events/lost_normal_alarm
WEBGL1-LOEO-v1-03,MB,resource54,F_to_U,0,deliverables/app_resource_constrained_extension_v1/results/summary/member_deltas.json,/173/events/F_to_U
WEBGL1-LOEO-v1-03,MB,resource54,U_to_T,0,deliverables/app_resource_constrained_extension_v1/results/summary/member_deltas.json,/173/events/U_to_T
WEBGL1-LOEO-v1-03,MB,resource54,to_FAILED,0,deliverables/app_resource_constrained_extension_v1/results/summary/member_deltas.json,/173/events/to_FAILED
WEBGL1-LOEO-v1-03,MB,mtc_reserved_validation,new_detection,0,deliverables/app_resource_constrained_extension_v1/results/summary/member_deltas.json,/174/events/new_detection
WEBGL1-LOEO-v1-03,MB,mtc_reserved_validation,lost_detection,0,deliverables/app_resource_constrained_extension_v1/results/summary/member_deltas.json,/174/events/lost_detection
WEBGL1-LOEO-v1-03,MB,mtc_reserved_validation,new_normal_alarm,1,deliverables/app_resource_constrained_extension_v1/results/summary/member_deltas.json,/174/events/new_normal_alarm
WEBGL1-LOEO-v1-03,MB,mtc_reserved_validation,lost_normal_alarm,0,deliverables/app_resource_constrained_extension_v1/results/summary/member_deltas.json,/174/events/lost_normal_alarm
WEBGL1-LOEO-v1-03,MB,mtc_reserved_validation,F_to_U,2,deliverables/app_resource_constrained_extension_v1/results/summary/member_deltas.json,/174/events/F_to_U
WEBGL1-LOEO-v1-03,MB,mtc_reserved_validation,U_to_T,0,deliverables/app_resource_constrained_extension_v1/results/summary/member_deltas.json,/174/events/U_to_T
WEBGL1-LOEO-v1-03,MB,mtc_reserved_validation,to_FAILED,0,deliverables/app_resource_constrained_extension_v1/results/summary/member_deltas.json,/174/events/to_FAILED
WEBGL1-LOEO-v1-03,MB,mtc_development,new_detection,0,deliverables/app_resource_constrained_extension_v1/results/summary/member_deltas.json,/175/events/new_detection
WEBGL1-LOEO-v1-03,MB,mtc_development,lost_detection,0,deliverables/app_resource_constrained_extension_v1/results/summary/member_deltas.json,/175/events/lost_detection
WEBGL1-LOEO-v1-03,MB,mtc_development,new_normal_alarm,0,deliverables/app_resource_constrained_extension_v1/results/summary/member_deltas.json,/175/events/new_normal_alarm
WEBGL1-LOEO-v1-03,MB,mtc_development,lost_normal_alarm,0,deliverables/app_resource_constrained_extension_v1/results/summary/member_deltas.json,/175/events/lost_normal_alarm
WEBGL1-LOEO-v1-03,MB,mtc_development,F_to_U,0,deliverables/app_resource_constrained_extension_v1/results/summary/member_deltas.json,/175/events/F_to_U
WEBGL1-LOEO-v1-03,MB,mtc_development,U_to_T,0,deliverables/app_resource_constrained_extension_v1/results/summary/member_deltas.json,/175/events/U_to_T
WEBGL1-LOEO-v1-03,MB,mtc_development,to_FAILED,0,deliverables/app_resource_constrained_extension_v1/results/summary/member_deltas.json,/175/events/to_FAILED
WEBGL1-LOEO-v1-03,WB,selection,new_detection,6,deliverables/app_resource_constrained_extension_v1/results/summary/member_deltas.json,/176/events/new_detection
WEBGL1-LOEO-v1-03,WB,selection,lost_detection,0,deliverables/app_resource_constrained_extension_v1/results/summary/member_deltas.json,/176/events/lost_detection
WEBGL1-LOEO-v1-03,WB,selection,new_normal_alarm,40,deliverables/app_resource_constrained_extension_v1/results/summary/member_deltas.json,/176/events/new_normal_alarm
WEBGL1-LOEO-v1-03,WB,selection,lost_normal_alarm,0,deliverables/app_resource_constrained_extension_v1/results/summary/member_deltas.json,/176/events/lost_normal_alarm
WEBGL1-LOEO-v1-03,WB,selection,F_to_U,7,deliverables/app_resource_constrained_extension_v1/results/summary/member_deltas.json,/176/events/F_to_U
WEBGL1-LOEO-v1-03,WB,selection,U_to_T,0,deliverables/app_resource_constrained_extension_v1/results/summary/member_deltas.json,/176/events/U_to_T
WEBGL1-LOEO-v1-03,WB,selection,to_FAILED,0,deliverables/app_resource_constrained_extension_v1/results/summary/member_deltas.json,/176/events/to_FAILED
WEBGL1-LOEO-v1-03,WB,historical_evaluation,new_detection,0,deliverables/app_resource_constrained_extension_v1/results/summary/member_deltas.json,/177/events/new_detection
WEBGL1-LOEO-v1-03,WB,historical_evaluation,lost_detection,0,deliverables/app_resource_constrained_extension_v1/results/summary/member_deltas.json,/177/events/lost_detection
WEBGL1-LOEO-v1-03,WB,historical_evaluation,new_normal_alarm,22,deliverables/app_resource_constrained_extension_v1/results/summary/member_deltas.json,/177/events/new_normal_alarm
WEBGL1-LOEO-v1-03,WB,historical_evaluation,lost_normal_alarm,0,deliverables/app_resource_constrained_extension_v1/results/summary/member_deltas.json,/177/events/lost_normal_alarm
WEBGL1-LOEO-v1-03,WB,historical_evaluation,F_to_U,2,deliverables/app_resource_constrained_extension_v1/results/summary/member_deltas.json,/177/events/F_to_U
WEBGL1-LOEO-v1-03,WB,historical_evaluation,U_to_T,0,deliverables/app_resource_constrained_extension_v1/results/summary/member_deltas.json,/177/events/U_to_T
WEBGL1-LOEO-v1-03,WB,historical_evaluation,to_FAILED,0,deliverables/app_resource_constrained_extension_v1/results/summary/member_deltas.json,/177/events/to_FAILED
WEBGL1-LOEO-v1-03,WB,mtc_discovery,new_detection,0,deliverables/app_resource_constrained_extension_v1/results/summary/member_deltas.json,/178/events/new_detection
WEBGL1-LOEO-v1-03,WB,mtc_discovery,lost_detection,0,deliverables/app_resource_constrained_extension_v1/results/summary/member_deltas.json,/178/events/lost_detection
WEBGL1-LOEO-v1-03,WB,mtc_discovery,new_normal_alarm,40,deliverables/app_resource_constrained_extension_v1/results/summary/member_deltas.json,/178/events/new_normal_alarm
WEBGL1-LOEO-v1-03,WB,mtc_discovery,lost_normal_alarm,0,deliverables/app_resource_constrained_extension_v1/results/summary/member_deltas.json,/178/events/lost_normal_alarm
WEBGL1-LOEO-v1-03,WB,mtc_discovery,F_to_U,7,deliverables/app_resource_constrained_extension_v1/results/summary/member_deltas.json,/178/events/F_to_U
WEBGL1-LOEO-v1-03,WB,mtc_discovery,U_to_T,0,deliverables/app_resource_constrained_extension_v1/results/summary/member_deltas.json,/178/events/U_to_T
WEBGL1-LOEO-v1-03,WB,mtc_discovery,to_FAILED,0,deliverables/app_resource_constrained_extension_v1/results/summary/member_deltas.json,/178/events/to_FAILED
WEBGL1-LOEO-v1-03,WB,pilot18,new_detection,0,deliverables/app_resource_constrained_extension_v1/results/summary/member_deltas.json,/179/events/new_detection
WEBGL1-LOEO-v1-03,WB,pilot18,lost_detection,0,deliverables/app_resource_constrained_extension_v1/results/summary/member_deltas.json,/179/events/lost_detection
WEBGL1-LOEO-v1-03,WB,pilot18,new_normal_alarm,0,deliverables/app_resource_constrained_extension_v1/results/summary/member_deltas.json,/179/events/new_normal_alarm
WEBGL1-LOEO-v1-03,WB,pilot18,lost_normal_alarm,0,deliverables/app_resource_constrained_extension_v1/results/summary/member_deltas.json,/179/events/lost_normal_alarm
WEBGL1-LOEO-v1-03,WB,pilot18,F_to_U,0,deliverables/app_resource_constrained_extension_v1/results/summary/member_deltas.json,/179/events/F_to_U
WEBGL1-LOEO-v1-03,WB,pilot18,U_to_T,0,deliverables/app_resource_constrained_extension_v1/results/summary/member_deltas.json,/179/events/U_to_T
WEBGL1-LOEO-v1-03,WB,pilot18,to_FAILED,0,deliverables/app_resource_constrained_extension_v1/results/summary/member_deltas.json,/179/events/to_FAILED
WEBGL1-LOEO-v1-03,WB,b2b42,new_detection,0,deliverables/app_resource_constrained_extension_v1/results/summary/member_deltas.json,/180/events/new_detection
WEBGL1-LOEO-v1-03,WB,b2b42,lost_detection,0,deliverables/app_resource_constrained_extension_v1/results/summary/member_deltas.json,/180/events/lost_detection
WEBGL1-LOEO-v1-03,WB,b2b42,new_normal_alarm,0,deliverables/app_resource_constrained_extension_v1/results/summary/member_deltas.json,/180/events/new_normal_alarm
WEBGL1-LOEO-v1-03,WB,b2b42,lost_normal_alarm,0,deliverables/app_resource_constrained_extension_v1/results/summary/member_deltas.json,/180/events/lost_normal_alarm
WEBGL1-LOEO-v1-03,WB,b2b42,F_to_U,0,deliverables/app_resource_constrained_extension_v1/results/summary/member_deltas.json,/180/events/F_to_U
WEBGL1-LOEO-v1-03,WB,b2b42,U_to_T,0,deliverables/app_resource_constrained_extension_v1/results/summary/member_deltas.json,/180/events/U_to_T
WEBGL1-LOEO-v1-03,WB,b2b42,to_FAILED,0,deliverables/app_resource_constrained_extension_v1/results/summary/member_deltas.json,/180/events/to_FAILED
WEBGL1-LOEO-v1-03,WB,resource54,new_detection,6,deliverables/app_resource_constrained_extension_v1/results/summary/member_deltas.json,/181/events/new_detection
WEBGL1-LOEO-v1-03,WB,resource54,lost_detection,0,deliverables/app_resource_constrained_extension_v1/results/summary/member_deltas.json,/181/events/lost_detection
WEBGL1-LOEO-v1-03,WB,resource54,new_normal_alarm,0,deliverables/app_resource_constrained_extension_v1/results/summary/member_deltas.json,/181/events/new_normal_alarm
WEBGL1-LOEO-v1-03,WB,resource54,lost_normal_alarm,0,deliverables/app_resource_constrained_extension_v1/results/summary/member_deltas.json,/181/events/lost_normal_alarm
WEBGL1-LOEO-v1-03,WB,resource54,F_to_U,0,deliverables/app_resource_constrained_extension_v1/results/summary/member_deltas.json,/181/events/F_to_U
WEBGL1-LOEO-v1-03,WB,resource54,U_to_T,0,deliverables/app_resource_constrained_extension_v1/results/summary/member_deltas.json,/181/events/U_to_T
WEBGL1-LOEO-v1-03,WB,resource54,to_FAILED,0,deliverables/app_resource_constrained_extension_v1/results/summary/member_deltas.json,/181/events/to_FAILED
WEBGL1-LOEO-v1-03,WB,mtc_reserved_validation,new_detection,0,deliverables/app_resource_constrained_extension_v1/results/summary/member_deltas.json,/182/events/new_detection
WEBGL1-LOEO-v1-03,WB,mtc_reserved_validation,lost_detection,0,deliverables/app_resource_constrained_extension_v1/results/summary/member_deltas.json,/182/events/lost_detection
WEBGL1-LOEO-v1-03,WB,mtc_reserved_validation,new_normal_alarm,16,deliverables/app_resource_constrained_extension_v1/results/summary/member_deltas.json,/182/events/new_normal_alarm
WEBGL1-LOEO-v1-03,WB,mtc_reserved_validation,lost_normal_alarm,0,deliverables/app_resource_constrained_extension_v1/results/summary/member_deltas.json,/182/events/lost_normal_alarm
WEBGL1-LOEO-v1-03,WB,mtc_reserved_validation,F_to_U,2,deliverables/app_resource_constrained_extension_v1/results/summary/member_deltas.json,/182/events/F_to_U
WEBGL1-LOEO-v1-03,WB,mtc_reserved_validation,U_to_T,0,deliverables/app_resource_constrained_extension_v1/results/summary/member_deltas.json,/182/events/U_to_T
WEBGL1-LOEO-v1-03,WB,mtc_reserved_validation,to_FAILED,0,deliverables/app_resource_constrained_extension_v1/results/summary/member_deltas.json,/182/events/to_FAILED
WEBGL1-LOEO-v1-03,WB,mtc_development,new_detection,0,deliverables/app_resource_constrained_extension_v1/results/summary/member_deltas.json,/183/events/new_detection
WEBGL1-LOEO-v1-03,WB,mtc_development,lost_detection,0,deliverables/app_resource_constrained_extension_v1/results/summary/member_deltas.json,/183/events/lost_detection
WEBGL1-LOEO-v1-03,WB,mtc_development,new_normal_alarm,6,deliverables/app_resource_constrained_extension_v1/results/summary/member_deltas.json,/183/events/new_normal_alarm
WEBGL1-LOEO-v1-03,WB,mtc_development,lost_normal_alarm,0,deliverables/app_resource_constrained_extension_v1/results/summary/member_deltas.json,/183/events/lost_normal_alarm
WEBGL1-LOEO-v1-03,WB,mtc_development,F_to_U,0,deliverables/app_resource_constrained_extension_v1/results/summary/member_deltas.json,/183/events/F_to_U
WEBGL1-LOEO-v1-03,WB,mtc_development,U_to_T,0,deliverables/app_resource_constrained_extension_v1/results/summary/member_deltas.json,/183/events/U_to_T
WEBGL1-LOEO-v1-03,WB,mtc_development,to_FAILED,0,deliverables/app_resource_constrained_extension_v1/results/summary/member_deltas.json,/183/events/to_FAILED
WEBGL1-LOEO-v1-03,MWB,selection,new_detection,6,deliverables/app_resource_constrained_extension_v1/results/summary/member_deltas.json,/184/events/new_detection
WEBGL1-LOEO-v1-03,MWB,selection,lost_detection,0,deliverables/app_resource_constrained_extension_v1/results/summary/member_deltas.json,/184/events/lost_detection
WEBGL1-LOEO-v1-03,MWB,selection,new_normal_alarm,40,deliverables/app_resource_constrained_extension_v1/results/summary/member_deltas.json,/184/events/new_normal_alarm
WEBGL1-LOEO-v1-03,MWB,selection,lost_normal_alarm,0,deliverables/app_resource_constrained_extension_v1/results/summary/member_deltas.json,/184/events/lost_normal_alarm
WEBGL1-LOEO-v1-03,MWB,selection,F_to_U,7,deliverables/app_resource_constrained_extension_v1/results/summary/member_deltas.json,/184/events/F_to_U
WEBGL1-LOEO-v1-03,MWB,selection,U_to_T,0,deliverables/app_resource_constrained_extension_v1/results/summary/member_deltas.json,/184/events/U_to_T
WEBGL1-LOEO-v1-03,MWB,selection,to_FAILED,0,deliverables/app_resource_constrained_extension_v1/results/summary/member_deltas.json,/184/events/to_FAILED
WEBGL1-LOEO-v1-03,MWB,historical_evaluation,new_detection,0,deliverables/app_resource_constrained_extension_v1/results/summary/member_deltas.json,/185/events/new_detection
WEBGL1-LOEO-v1-03,MWB,historical_evaluation,lost_detection,0,deliverables/app_resource_constrained_extension_v1/results/summary/member_deltas.json,/185/events/lost_detection
WEBGL1-LOEO-v1-03,MWB,historical_evaluation,new_normal_alarm,22,deliverables/app_resource_constrained_extension_v1/results/summary/member_deltas.json,/185/events/new_normal_alarm
WEBGL1-LOEO-v1-03,MWB,historical_evaluation,lost_normal_alarm,0,deliverables/app_resource_constrained_extension_v1/results/summary/member_deltas.json,/185/events/lost_normal_alarm
WEBGL1-LOEO-v1-03,MWB,historical_evaluation,F_to_U,2,deliverables/app_resource_constrained_extension_v1/results/summary/member_deltas.json,/185/events/F_to_U
WEBGL1-LOEO-v1-03,MWB,historical_evaluation,U_to_T,0,deliverables/app_resource_constrained_extension_v1/results/summary/member_deltas.json,/185/events/U_to_T
WEBGL1-LOEO-v1-03,MWB,historical_evaluation,to_FAILED,0,deliverables/app_resource_constrained_extension_v1/results/summary/member_deltas.json,/185/events/to_FAILED
WEBGL1-LOEO-v1-03,MWB,mtc_discovery,new_detection,0,deliverables/app_resource_constrained_extension_v1/results/summary/member_deltas.json,/186/events/new_detection
WEBGL1-LOEO-v1-03,MWB,mtc_discovery,lost_detection,0,deliverables/app_resource_constrained_extension_v1/results/summary/member_deltas.json,/186/events/lost_detection
WEBGL1-LOEO-v1-03,MWB,mtc_discovery,new_normal_alarm,40,deliverables/app_resource_constrained_extension_v1/results/summary/member_deltas.json,/186/events/new_normal_alarm
WEBGL1-LOEO-v1-03,MWB,mtc_discovery,lost_normal_alarm,0,deliverables/app_resource_constrained_extension_v1/results/summary/member_deltas.json,/186/events/lost_normal_alarm
WEBGL1-LOEO-v1-03,MWB,mtc_discovery,F_to_U,7,deliverables/app_resource_constrained_extension_v1/results/summary/member_deltas.json,/186/events/F_to_U
WEBGL1-LOEO-v1-03,MWB,mtc_discovery,U_to_T,0,deliverables/app_resource_constrained_extension_v1/results/summary/member_deltas.json,/186/events/U_to_T
WEBGL1-LOEO-v1-03,MWB,mtc_discovery,to_FAILED,0,deliverables/app_resource_constrained_extension_v1/results/summary/member_deltas.json,/186/events/to_FAILED
WEBGL1-LOEO-v1-03,MWB,pilot18,new_detection,0,deliverables/app_resource_constrained_extension_v1/results/summary/member_deltas.json,/187/events/new_detection
WEBGL1-LOEO-v1-03,MWB,pilot18,lost_detection,0,deliverables/app_resource_constrained_extension_v1/results/summary/member_deltas.json,/187/events/lost_detection
WEBGL1-LOEO-v1-03,MWB,pilot18,new_normal_alarm,0,deliverables/app_resource_constrained_extension_v1/results/summary/member_deltas.json,/187/events/new_normal_alarm
WEBGL1-LOEO-v1-03,MWB,pilot18,lost_normal_alarm,0,deliverables/app_resource_constrained_extension_v1/results/summary/member_deltas.json,/187/events/lost_normal_alarm
WEBGL1-LOEO-v1-03,MWB,pilot18,F_to_U,0,deliverables/app_resource_constrained_extension_v1/results/summary/member_deltas.json,/187/events/F_to_U
WEBGL1-LOEO-v1-03,MWB,pilot18,U_to_T,0,deliverables/app_resource_constrained_extension_v1/results/summary/member_deltas.json,/187/events/U_to_T
WEBGL1-LOEO-v1-03,MWB,pilot18,to_FAILED,0,deliverables/app_resource_constrained_extension_v1/results/summary/member_deltas.json,/187/events/to_FAILED
WEBGL1-LOEO-v1-03,MWB,b2b42,new_detection,0,deliverables/app_resource_constrained_extension_v1/results/summary/member_deltas.json,/188/events/new_detection
WEBGL1-LOEO-v1-03,MWB,b2b42,lost_detection,0,deliverables/app_resource_constrained_extension_v1/results/summary/member_deltas.json,/188/events/lost_detection
WEBGL1-LOEO-v1-03,MWB,b2b42,new_normal_alarm,0,deliverables/app_resource_constrained_extension_v1/results/summary/member_deltas.json,/188/events/new_normal_alarm
WEBGL1-LOEO-v1-03,MWB,b2b42,lost_normal_alarm,0,deliverables/app_resource_constrained_extension_v1/results/summary/member_deltas.json,/188/events/lost_normal_alarm
WEBGL1-LOEO-v1-03,MWB,b2b42,F_to_U,0,deliverables/app_resource_constrained_extension_v1/results/summary/member_deltas.json,/188/events/F_to_U
WEBGL1-LOEO-v1-03,MWB,b2b42,U_to_T,0,deliverables/app_resource_constrained_extension_v1/results/summary/member_deltas.json,/188/events/U_to_T
WEBGL1-LOEO-v1-03,MWB,b2b42,to_FAILED,0,deliverables/app_resource_constrained_extension_v1/results/summary/member_deltas.json,/188/events/to_FAILED
WEBGL1-LOEO-v1-03,MWB,resource54,new_detection,6,deliverables/app_resource_constrained_extension_v1/results/summary/member_deltas.json,/189/events/new_detection
WEBGL1-LOEO-v1-03,MWB,resource54,lost_detection,0,deliverables/app_resource_constrained_extension_v1/results/summary/member_deltas.json,/189/events/lost_detection
WEBGL1-LOEO-v1-03,MWB,resource54,new_normal_alarm,0,deliverables/app_resource_constrained_extension_v1/results/summary/member_deltas.json,/189/events/new_normal_alarm
WEBGL1-LOEO-v1-03,MWB,resource54,lost_normal_alarm,0,deliverables/app_resource_constrained_extension_v1/results/summary/member_deltas.json,/189/events/lost_normal_alarm
WEBGL1-LOEO-v1-03,MWB,resource54,F_to_U,0,deliverables/app_resource_constrained_extension_v1/results/summary/member_deltas.json,/189/events/F_to_U
WEBGL1-LOEO-v1-03,MWB,resource54,U_to_T,0,deliverables/app_resource_constrained_extension_v1/results/summary/member_deltas.json,/189/events/U_to_T
WEBGL1-LOEO-v1-03,MWB,resource54,to_FAILED,0,deliverables/app_resource_constrained_extension_v1/results/summary/member_deltas.json,/189/events/to_FAILED
WEBGL1-LOEO-v1-03,MWB,mtc_reserved_validation,new_detection,0,deliverables/app_resource_constrained_extension_v1/results/summary/member_deltas.json,/190/events/new_detection
WEBGL1-LOEO-v1-03,MWB,mtc_reserved_validation,lost_detection,0,deliverables/app_resource_constrained_extension_v1/results/summary/member_deltas.json,/190/events/lost_detection
WEBGL1-LOEO-v1-03,MWB,mtc_reserved_validation,new_normal_alarm,16,deliverables/app_resource_constrained_extension_v1/results/summary/member_deltas.json,/190/events/new_normal_alarm
WEBGL1-LOEO-v1-03,MWB,mtc_reserved_validation,lost_normal_alarm,0,deliverables/app_resource_constrained_extension_v1/results/summary/member_deltas.json,/190/events/lost_normal_alarm
WEBGL1-LOEO-v1-03,MWB,mtc_reserved_validation,F_to_U,2,deliverables/app_resource_constrained_extension_v1/results/summary/member_deltas.json,/190/events/F_to_U
WEBGL1-LOEO-v1-03,MWB,mtc_reserved_validation,U_to_T,0,deliverables/app_resource_constrained_extension_v1/results/summary/member_deltas.json,/190/events/U_to_T
WEBGL1-LOEO-v1-03,MWB,mtc_reserved_validation,to_FAILED,0,deliverables/app_resource_constrained_extension_v1/results/summary/member_deltas.json,/190/events/to_FAILED
WEBGL1-LOEO-v1-03,MWB,mtc_development,new_detection,0,deliverables/app_resource_constrained_extension_v1/results/summary/member_deltas.json,/191/events/new_detection
WEBGL1-LOEO-v1-03,MWB,mtc_development,lost_detection,0,deliverables/app_resource_constrained_extension_v1/results/summary/member_deltas.json,/191/events/lost_detection
WEBGL1-LOEO-v1-03,MWB,mtc_development,new_normal_alarm,6,deliverables/app_resource_constrained_extension_v1/results/summary/member_deltas.json,/191/events/new_normal_alarm
WEBGL1-LOEO-v1-03,MWB,mtc_development,lost_normal_alarm,0,deliverables/app_resource_constrained_extension_v1/results/summary/member_deltas.json,/191/events/lost_normal_alarm
WEBGL1-LOEO-v1-03,MWB,mtc_development,F_to_U,0,deliverables/app_resource_constrained_extension_v1/results/summary/member_deltas.json,/191/events/F_to_U
WEBGL1-LOEO-v1-03,MWB,mtc_development,U_to_T,0,deliverables/app_resource_constrained_extension_v1/results/summary/member_deltas.json,/191/events/U_to_T
WEBGL1-LOEO-v1-03,MWB,mtc_development,to_FAILED,0,deliverables/app_resource_constrained_extension_v1/results/summary/member_deltas.json,/191/events/to_FAILED
