N,T,F,U,FAILED,defined,rate,defined_rate,source_path,source_locator,method_role,plan,view,role,cohort,group,input_complete,partial_input_binary,unseen_category_positions,aggregation_note
144,0,144,0,0,144,0.0,1.0,deliverables/cross_endpoint_four_view_comparison_v1/results/summary/summary.csv,CSV row 2,four_view_small_tree,P0,V_APP,historical_normal_evaluation,mtc_development,NORMAL,143,1,0,all / identity / family / scenario overlap; never sum across group levels
144,0,144,0,0,144,0.0,1.0,deliverables/cross_endpoint_four_view_comparison_v1/results/summary/summary.csv,CSV row 3,four_view_small_tree,P0,V_APP,historical_normal_evaluation,mtc_development,all,143,1,0,all / identity / family / scenario overlap; never sum across group levels
144,0,144,0,0,144,0.0,1.0,deliverables/cross_endpoint_four_view_comparison_v1/results/summary/summary.csv,CSV row 4,four_view_small_tree,P0,V_APP,historical_normal_evaluation,mtc_development,scenario:routine_mtc:observation,143,1,0,all / identity / family / scenario overlap; never sum across group levels
117,0,117,0,0,117,0.0,1.0,deliverables/cross_endpoint_four_view_comparison_v1/results/summary/summary.csv,CSV row 5,four_view_small_tree,P0,V_APP,historical_normal_evaluation,mtc_reserved_validation,NORMAL,117,0,1,all / identity / family / scenario overlap; never sum across group levels
117,0,117,0,0,117,0.0,1.0,deliverables/cross_endpoint_four_view_comparison_v1/results/summary/summary.csv,CSV row 6,four_view_small_tree,P0,V_APP,historical_normal_evaluation,mtc_reserved_validation,all,117,0,1,all / identity / family / scenario overlap; never sum across group levels
117,0,117,0,0,117,0.0,1.0,deliverables/cross_endpoint_four_view_comparison_v1/results/summary/summary.csv,CSV row 7,four_view_small_tree,P0,V_APP,historical_normal_evaluation,mtc_reserved_validation,scenario:routine_mtc:observation,117,0,1,all / identity / family / scenario overlap; never sum across group levels
8,4,4,0,0,8,0.5,1.0,deliverables/cross_endpoint_four_view_comparison_v1/results/summary/summary.csv,CSV row 8,four_view_small_tree,P0,V_APP,training,b2b42,EFFECTIVE_INTERVENTION,8,0,0,all / identity / family / scenario overlap; never sum across group levels
34,2,32,0,0,34,0.058823529411764705,1.0,deliverables/cross_endpoint_four_view_comparison_v1/results/summary/summary.csv,CSV row 9,four_view_small_tree,P0,V_APP,training,b2b42,NORMAL,34,0,0,all / identity / family / scenario overlap; never sum across group levels
42,6,36,0,0,42,0.14285714285714285,1.0,deliverables/cross_endpoint_four_view_comparison_v1/results/summary/summary.csv,CSV row 10,four_view_small_tree,P0,V_APP,training,b2b42,all,42,0,0,all / identity / family / scenario overlap; never sum across group levels
2,2,0,0,0,2,1.0,1.0,deliverables/cross_endpoint_four_view_comparison_v1/results/summary/summary.csv,CSV row 11,four_view_small_tree,P0,V_APP,training,b2b42,family:App_language,2,0,0,all / identity / family / scenario overlap; never sum across group levels
2,2,0,0,0,2,1.0,1.0,deliverables/cross_endpoint_four_view_comparison_v1/results/summary/summary.csv,CSV row 12,four_view_small_tree,P0,V_APP,training,b2b42,family:App_timezone,2,0,0,all / identity / family / scenario overlap; never sum across group levels
2,0,2,0,0,2,0.0,1.0,deliverables/cross_endpoint_four_view_comparison_v1/results/summary/summary.csv,CSV row 13,four_view_small_tree,P0,V_APP,training,b2b42,family:Browser_language,2,0,0,all / identity / family / scenario overlap; never sum across group levels
2,0,2,0,0,2,0.0,1.0,deliverables/cross_endpoint_four_view_comparison_v1/results/summary/summary.csv,CSV row 14,four_view_small_tree,P0,V_APP,training,b2b42,family:Browser_timezone,2,0,0,all / identity / family / scenario overlap; never sum across group levels
2,2,0,0,0,2,1.0,1.0,deliverables/cross_endpoint_four_view_comparison_v1/results/summary/summary.csv,CSV row 15,four_view_small_tree,P0,V_APP,training,b2b42,scenario:A_APP_LANG:change,2,0,0,all / identity / family / scenario overlap; never sum across group levels
2,0,2,0,0,2,0.0,1.0,deliverables/cross_endpoint_four_view_comparison_v1/results/summary/summary.csv,CSV row 16,four_view_small_tree,P0,V_APP,training,b2b42,scenario:A_APP_LANG:post,2,0,0,all / identity / family / scenario overlap; never sum across group levels
2,0,2,0,0,2,0.0,1.0,deliverables/cross_endpoint_four_view_comparison_v1/results/summary/summary.csv,CSV row 17,four_view_small_tree,P0,V_APP,training,b2b42,scenario:A_APP_LANG:pre,2,0,0,all / identity / family / scenario overlap; never sum across group levels
2,2,0,0,0,2,1.0,1.0,deliverables/cross_endpoint_four_view_comparison_v1/results/summary/summary.csv,CSV row 18,four_view_small_tree,P0,V_APP,training,b2b42,scenario:A_APP_TZ:change,2,0,0,all / identity / family / scenario overlap; never sum across group levels
2,0,2,0,0,2,0.0,1.0,deliverables/cross_endpoint_four_view_comparison_v1/results/summary/summary.csv,CSV row 19,four_view_small_tree,P0,V_APP,training,b2b42,scenario:A_APP_TZ:post,2,0,0,all / identity / family / scenario overlap; never sum across group levels
2,0,2,0,0,2,0.0,1.0,deliverables/cross_endpoint_four_view_comparison_v1/results/summary/summary.csv,CSV row 20,four_view_small_tree,P0,V_APP,training,b2b42,scenario:A_APP_TZ:pre,2,0,0,all / identity / family / scenario overlap; never sum across group levels
2,0,2,0,0,2,0.0,1.0,deliverables/cross_endpoint_four_view_comparison_v1/results/summary/summary.csv,CSV row 21,four_view_small_tree,P0,V_APP,training,b2b42,scenario:A_BROWSER_LANG:change,2,0,0,all / identity / family / scenario overlap; never sum across group levels
2,0,2,0,0,2,0.0,1.0,deliverables/cross_endpoint_four_view_comparison_v1/results/summary/summary.csv,CSV row 22,four_view_small_tree,P0,V_APP,training,b2b42,scenario:A_BROWSER_LANG:post,2,0,0,all / identity / family / scenario overlap; never sum across group levels
2,0,2,0,0,2,0.0,1.0,deliverables/cross_endpoint_four_view_comparison_v1/results/summary/summary.csv,CSV row 23,four_view_small_tree,P0,V_APP,training,b2b42,scenario:A_BROWSER_LANG:pre,2,0,0,all / identity / family / scenario overlap; never sum across group levels
2,0,2,0,0,2,0.0,1.0,deliverables/cross_endpoint_four_view_comparison_v1/results/summary/summary.csv,CSV row 24,four_view_small_tree,P0,V_APP,training,b2b42,scenario:A_BROWSER_TZ:change,2,0,0,all / identity / family / scenario overlap; never sum across group levels
2,0,2,0,0,2,0.0,1.0,deliverables/cross_endpoint_four_view_comparison_v1/results/summary/summary.csv,CSV row 25,four_view_small_tree,P0,V_APP,training,b2b42,scenario:A_BROWSER_TZ:post,2,0,0,all / identity / family / scenario overlap; never sum across group levels
2,0,2,0,0,2,0.0,1.0,deliverables/cross_endpoint_four_view_comparison_v1/results/summary/summary.csv,CSV row 26,four_view_small_tree,P0,V_APP,training,b2b42,scenario:A_BROWSER_TZ:pre,2,0,0,all / identity / family / scenario overlap; never sum across group levels
2,0,2,0,0,2,0.0,1.0,deliverables/cross_endpoint_four_view_comparison_v1/results/summary/summary.csv,CSV row 27,four_view_small_tree,P0,V_APP,training,b2b42,scenario:L_BROWSER_LANG:change,2,0,0,all / identity / family / scenario overlap; never sum across group levels
2,0,2,0,0,2,0.0,1.0,deliverables/cross_endpoint_four_view_comparison_v1/results/summary/summary.csv,CSV row 28,four_view_small_tree,P0,V_APP,training,b2b42,scenario:L_BROWSER_LANG:post,2,0,0,all / identity / family / scenario overlap; never sum across group levels
2,0,2,0,0,2,0.0,1.0,deliverables/cross_endpoint_four_view_comparison_v1/results/summary/summary.csv,CSV row 29,four_view_small_tree,P0,V_APP,training,b2b42,scenario:L_BROWSER_LANG:pre,2,0,0,all / identity / family / scenario overlap; never sum across group levels
2,0,2,0,0,2,0.0,1.0,deliverables/cross_endpoint_four_view_comparison_v1/results/summary/summary.csv,CSV row 30,four_view_small_tree,P0,V_APP,training,b2b42,scenario:L_SYS_LANG:change,2,0,0,all / identity / family / scenario overlap; never sum across group levels
2,0,2,0,0,2,0.0,1.0,deliverables/cross_endpoint_four_view_comparison_v1/results/summary/summary.csv,CSV row 31,four_view_small_tree,P0,V_APP,training,b2b42,scenario:L_SYS_LANG:post,2,0,0,all / identity / family / scenario overlap; never sum across group levels
2,0,2,0,0,2,0.0,1.0,deliverables/cross_endpoint_four_view_comparison_v1/results/summary/summary.csv,CSV row 32,four_view_small_tree,P0,V_APP,training,b2b42,scenario:L_SYS_LANG:pre,2,0,0,all / identity / family / scenario overlap; never sum across group levels
2,2,0,0,0,2,1.0,1.0,deliverables/cross_endpoint_four_view_comparison_v1/results/summary/summary.csv,CSV row 33,four_view_small_tree,P0,V_APP,training,b2b42,scenario:L_SYS_TZ:change,2,0,0,all / identity / family / scenario overlap; never sum across group levels
2,0,2,0,0,2,0.0,1.0,deliverables/cross_endpoint_four_view_comparison_v1/results/summary/summary.csv,CSV row 34,four_view_small_tree,P0,V_APP,training,b2b42,scenario:L_SYS_TZ:post,2,0,0,all / identity / family / scenario overlap; never sum across group levels
2,0,2,0,0,2,0.0,1.0,deliverables/cross_endpoint_four_view_comparison_v1/results/summary/summary.csv,CSV row 35,four_view_small_tree,P0,V_APP,training,b2b42,scenario:L_SYS_TZ:pre,2,0,0,all / identity / family / scenario overlap; never sum across group levels
630,0,630,0,0,630,0.0,1.0,deliverables/cross_endpoint_four_view_comparison_v1/results/summary/summary.csv,CSV row 36,four_view_small_tree,P0,V_APP,training,mtc_discovery,NORMAL,627,3,0,all / identity / family / scenario overlap; never sum across group levels
630,0,630,0,0,630,0.0,1.0,deliverables/cross_endpoint_four_view_comparison_v1/results/summary/summary.csv,CSV row 37,four_view_small_tree,P0,V_APP,training,mtc_discovery,all,627,3,0,all / identity / family / scenario overlap; never sum across group levels
630,0,630,0,0,630,0.0,1.0,deliverables/cross_endpoint_four_view_comparison_v1/results/summary/summary.csv,CSV row 38,four_view_small_tree,P0,V_APP,training,mtc_discovery,scenario:routine_mtc:observation,627,3,0,all / identity / family / scenario overlap; never sum across group levels
6,0,6,0,0,6,0.0,1.0,deliverables/cross_endpoint_four_view_comparison_v1/results/summary/summary.csv,CSV row 39,four_view_small_tree,P0,V_APP,training,pilot18,EFFECTIVE_INTERVENTION,6,0,0,all / identity / family / scenario overlap; never sum across group levels
12,0,12,0,0,12,0.0,1.0,deliverables/cross_endpoint_four_view_comparison_v1/results/summary/summary.csv,CSV row 40,four_view_small_tree,P0,V_APP,training,pilot18,NORMAL,12,0,0,all / identity / family / scenario overlap; never sum across group levels
18,0,18,0,0,18,0.0,1.0,deliverables/cross_endpoint_four_view_comparison_v1/results/summary/summary.csv,CSV row 41,four_view_small_tree,P0,V_APP,training,pilot18,all,18,0,0,all / identity / family / scenario overlap; never sum across group levels
3,0,3,0,0,3,0.0,1.0,deliverables/cross_endpoint_four_view_comparison_v1/results/summary/summary.csv,CSV row 42,four_view_small_tree,P0,V_APP,training,pilot18,family:Browser_language,3,0,0,all / identity / family / scenario overlap; never sum across group levels
3,0,3,0,0,3,0.0,1.0,deliverables/cross_endpoint_four_view_comparison_v1/results/summary/summary.csv,CSV row 43,four_view_small_tree,P0,V_APP,training,pilot18,family:Browser_timezone,3,0,0,all / identity / family / scenario overlap; never sum across group levels
3,0,3,0,0,3,0.0,1.0,deliverables/cross_endpoint_four_view_comparison_v1/results/summary/summary.csv,CSV row 44,four_view_small_tree,P0,V_APP,training,pilot18,scenario:language_fr:attack_active,3,0,0,all / identity / family / scenario overlap; never sum across group levels
3,0,3,0,0,3,0.0,1.0,deliverables/cross_endpoint_four_view_comparison_v1/results/summary/summary.csv,CSV row 45,four_view_small_tree,P0,V_APP,training,pilot18,scenario:language_fr:clean_post,3,0,0,all / identity / family / scenario overlap; never sum across group levels
3,0,3,0,0,3,0.0,1.0,deliverables/cross_endpoint_four_view_comparison_v1/results/summary/summary.csv,CSV row 46,four_view_small_tree,P0,V_APP,training,pilot18,scenario:language_fr:clean_pre,3,0,0,all / identity / family / scenario overlap; never sum across group levels
3,0,3,0,0,3,0.0,1.0,deliverables/cross_endpoint_four_view_comparison_v1/results/summary/summary.csv,CSV row 47,four_view_small_tree,P0,V_APP,training,pilot18,scenario:timezone_tokyo:attack_active,3,0,0,all / identity / family / scenario overlap; never sum across group levels
3,0,3,0,0,3,0.0,1.0,deliverables/cross_endpoint_four_view_comparison_v1/results/summary/summary.csv,CSV row 48,four_view_small_tree,P0,V_APP,training,pilot18,scenario:timezone_tokyo:clean_post,3,0,0,all / identity / family / scenario overlap; never sum across group levels
3,0,3,0,0,3,0.0,1.0,deliverables/cross_endpoint_four_view_comparison_v1/results/summary/summary.csv,CSV row 49,four_view_small_tree,P0,V_APP,training,pilot18,scenario:timezone_tokyo:clean_pre,3,0,0,all / identity / family / scenario overlap; never sum across group levels
144,0,144,0,0,144,0.0,1.0,deliverables/cross_endpoint_four_view_comparison_v1/results/summary/summary.csv,CSV row 50,four_view_small_tree,P0,V_BOTH,historical_normal_evaluation,mtc_development,NORMAL,139,5,0,all / identity / family / scenario overlap; never sum across group levels
144,0,144,0,0,144,0.0,1.0,deliverables/cross_endpoint_four_view_comparison_v1/results/summary/summary.csv,CSV row 51,four_view_small_tree,P0,V_BOTH,historical_normal_evaluation,mtc_development,all,139,5,0,all / identity / family / scenario overlap; never sum across group levels
144,0,144,0,0,144,0.0,1.0,deliverables/cross_endpoint_four_view_comparison_v1/results/summary/summary.csv,CSV row 52,four_view_small_tree,P0,V_BOTH,historical_normal_evaluation,mtc_development,scenario:routine_mtc:observation,139,5,0,all / identity / family / scenario overlap; never sum across group levels
117,0,117,0,0,117,0.0,1.0,deliverables/cross_endpoint_four_view_comparison_v1/results/summary/summary.csv,CSV row 53,four_view_small_tree,P0,V_BOTH,historical_normal_evaluation,mtc_reserved_validation,NORMAL,116,1,1,all / identity / family / scenario overlap; never sum across group levels
117,0,117,0,0,117,0.0,1.0,deliverables/cross_endpoint_four_view_comparison_v1/results/summary/summary.csv,CSV row 54,four_view_small_tree,P0,V_BOTH,historical_normal_evaluation,mtc_reserved_validation,all,116,1,1,all / identity / family / scenario overlap; never sum across group levels
117,0,117,0,0,117,0.0,1.0,deliverables/cross_endpoint_four_view_comparison_v1/results/summary/summary.csv,CSV row 55,four_view_small_tree,P0,V_BOTH,historical_normal_evaluation,mtc_reserved_validation,scenario:routine_mtc:observation,116,1,1,all / identity / family / scenario overlap; never sum across group levels
8,8,0,0,0,8,1.0,1.0,deliverables/cross_endpoint_four_view_comparison_v1/results/summary/summary.csv,CSV row 56,four_view_small_tree,P0,V_BOTH,training,b2b42,EFFECTIVE_INTERVENTION,8,0,0,all / identity / family / scenario overlap; never sum across group levels
34,32,2,0,0,34,0.9411764705882353,1.0,deliverables/cross_endpoint_four_view_comparison_v1/results/summary/summary.csv,CSV row 57,four_view_small_tree,P0,V_BOTH,training,b2b42,NORMAL,34,0,0,all / identity / family / scenario overlap; never sum across group levels
42,40,2,0,0,42,0.9523809523809523,1.0,deliverables/cross_endpoint_four_view_comparison_v1/results/summary/summary.csv,CSV row 58,four_view_small_tree,P0,V_BOTH,training,b2b42,all,42,0,0,all / identity / family / scenario overlap; never sum across group levels
2,2,0,0,0,2,1.0,1.0,deliverables/cross_endpoint_four_view_comparison_v1/results/summary/summary.csv,CSV row 59,four_view_small_tree,P0,V_BOTH,training,b2b42,family:App_language,2,0,0,all / identity / family / scenario overlap; never sum across group levels
2,2,0,0,0,2,1.0,1.0,deliverables/cross_endpoint_four_view_comparison_v1/results/summary/summary.csv,CSV row 60,four_view_small_tree,P0,V_BOTH,training,b2b42,family:App_timezone,2,0,0,all / identity / family / scenario overlap; never sum across group levels
2,2,0,0,0,2,1.0,1.0,deliverables/cross_endpoint_four_view_comparison_v1/results/summary/summary.csv,CSV row 61,four_view_small_tree,P0,V_BOTH,training,b2b42,family:Browser_language,2,0,0,all / identity / family / scenario overlap; never sum across group levels
2,2,0,0,0,2,1.0,1.0,deliverables/cross_endpoint_four_view_comparison_v1/results/summary/summary.csv,CSV row 62,four_view_small_tree,P0,V_BOTH,training,b2b42,family:Browser_timezone,2,0,0,all / identity / family / scenario overlap; never sum across group levels
2,2,0,0,0,2,1.0,1.0,deliverables/cross_endpoint_four_view_comparison_v1/results/summary/summary.csv,CSV row 63,four_view_small_tree,P0,V_BOTH,training,b2b42,scenario:A_APP_LANG:change,2,0,0,all / identity / family / scenario overlap; never sum across group levels
2,2,0,0,0,2,1.0,1.0,deliverables/cross_endpoint_four_view_comparison_v1/results/summary/summary.csv,CSV row 64,four_view_small_tree,P0,V_BOTH,training,b2b42,scenario:A_APP_LANG:post,2,0,0,all / identity / family / scenario overlap; never sum across group levels
2,2,0,0,0,2,1.0,1.0,deliverables/cross_endpoint_four_view_comparison_v1/results/summary/summary.csv,CSV row 65,four_view_small_tree,P0,V_BOTH,training,b2b42,scenario:A_APP_LANG:pre,2,0,0,all / identity / family / scenario overlap; never sum across group levels
2,2,0,0,0,2,1.0,1.0,deliverables/cross_endpoint_four_view_comparison_v1/results/summary/summary.csv,CSV row 66,four_view_small_tree,P0,V_BOTH,training,b2b42,scenario:A_APP_TZ:change,2,0,0,all / identity / family / scenario overlap; never sum across group levels
2,2,0,0,0,2,1.0,1.0,deliverables/cross_endpoint_four_view_comparison_v1/results/summary/summary.csv,CSV row 67,four_view_small_tree,P0,V_BOTH,training,b2b42,scenario:A_APP_TZ:post,2,0,0,all / identity / family / scenario overlap; never sum across group levels
2,2,0,0,0,2,1.0,1.0,deliverables/cross_endpoint_four_view_comparison_v1/results/summary/summary.csv,CSV row 68,four_view_small_tree,P0,V_BOTH,training,b2b42,scenario:A_APP_TZ:pre,2,0,0,all / identity / family / scenario overlap; never sum across group levels
2,2,0,0,0,2,1.0,1.0,deliverables/cross_endpoint_four_view_comparison_v1/results/summary/summary.csv,CSV row 69,four_view_small_tree,P0,V_BOTH,training,b2b42,scenario:A_BROWSER_LANG:change,2,0,0,all / identity / family / scenario overlap; never sum across group levels
2,2,0,0,0,2,1.0,1.0,deliverables/cross_endpoint_four_view_comparison_v1/results/summary/summary.csv,CSV row 70,four_view_small_tree,P0,V_BOTH,training,b2b42,scenario:A_BROWSER_LANG:post,2,0,0,all / identity / family / scenario overlap; never sum across group levels
2,2,0,0,0,2,1.0,1.0,deliverables/cross_endpoint_four_view_comparison_v1/results/summary/summary.csv,CSV row 71,four_view_small_tree,P0,V_BOTH,training,b2b42,scenario:A_BROWSER_LANG:pre,2,0,0,all / identity / family / scenario overlap; never sum across group levels
2,2,0,0,0,2,1.0,1.0,deliverables/cross_endpoint_four_view_comparison_v1/results/summary/summary.csv,CSV row 72,four_view_small_tree,P0,V_BOTH,training,b2b42,scenario:A_BROWSER_TZ:change,2,0,0,all / identity / family / scenario overlap; never sum across group levels
2,2,0,0,0,2,1.0,1.0,deliverables/cross_endpoint_four_view_comparison_v1/results/summary/summary.csv,CSV row 73,four_view_small_tree,P0,V_BOTH,training,b2b42,scenario:A_BROWSER_TZ:post,2,0,0,all / identity / family / scenario overlap; never sum across group levels
2,2,0,0,0,2,1.0,1.0,deliverables/cross_endpoint_four_view_comparison_v1/results/summary/summary.csv,CSV row 74,four_view_small_tree,P0,V_BOTH,training,b2b42,scenario:A_BROWSER_TZ:pre,2,0,0,all / identity / family / scenario overlap; never sum across group levels
2,2,0,0,0,2,1.0,1.0,deliverables/cross_endpoint_four_view_comparison_v1/results/summary/summary.csv,CSV row 75,four_view_small_tree,P0,V_BOTH,training,b2b42,scenario:L_BROWSER_LANG:change,2,0,0,all / identity / family / scenario overlap; never sum across group levels
2,2,0,0,0,2,1.0,1.0,deliverables/cross_endpoint_four_view_comparison_v1/results/summary/summary.csv,CSV row 76,four_view_small_tree,P0,V_BOTH,training,b2b42,scenario:L_BROWSER_LANG:post,2,0,0,all / identity / family / scenario overlap; never sum across group levels
2,2,0,0,0,2,1.0,1.0,deliverables/cross_endpoint_four_view_comparison_v1/results/summary/summary.csv,CSV row 77,four_view_small_tree,P0,V_BOTH,training,b2b42,scenario:L_BROWSER_LANG:pre,2,0,0,all / identity / family / scenario overlap; never sum across group levels
2,0,2,0,0,2,0.0,1.0,deliverables/cross_endpoint_four_view_comparison_v1/results/summary/summary.csv,CSV row 78,four_view_small_tree,P0,V_BOTH,training,b2b42,scenario:L_SYS_LANG:change,2,0,0,all / identity / family / scenario overlap; never sum across group levels
2,2,0,0,0,2,1.0,1.0,deliverables/cross_endpoint_four_view_comparison_v1/results/summary/summary.csv,CSV row 79,four_view_small_tree,P0,V_BOTH,training,b2b42,scenario:L_SYS_LANG:post,2,0,0,all / identity / family / scenario overlap; never sum across group levels
2,2,0,0,0,2,1.0,1.0,deliverables/cross_endpoint_four_view_comparison_v1/results/summary/summary.csv,CSV row 80,four_view_small_tree,P0,V_BOTH,training,b2b42,scenario:L_SYS_LANG:pre,2,0,0,all / identity / family / scenario overlap; never sum across group levels
2,2,0,0,0,2,1.0,1.0,deliverables/cross_endpoint_four_view_comparison_v1/results/summary/summary.csv,CSV row 81,four_view_small_tree,P0,V_BOTH,training,b2b42,scenario:L_SYS_TZ:change,2,0,0,all / identity / family / scenario overlap; never sum across group levels
2,2,0,0,0,2,1.0,1.0,deliverables/cross_endpoint_four_view_comparison_v1/results/summary/summary.csv,CSV row 82,four_view_small_tree,P0,V_BOTH,training,b2b42,scenario:L_SYS_TZ:post,2,0,0,all / identity / family / scenario overlap; never sum across group levels
2,2,0,0,0,2,1.0,1.0,deliverables/cross_endpoint_four_view_comparison_v1/results/summary/summary.csv,CSV row 83,four_view_small_tree,P0,V_BOTH,training,b2b42,scenario:L_SYS_TZ:pre,2,0,0,all / identity / family / scenario overlap; never sum across group levels
630,0,630,0,0,630,0.0,1.0,deliverables/cross_endpoint_four_view_comparison_v1/results/summary/summary.csv,CSV row 84,four_view_small_tree,P0,V_BOTH,training,mtc_discovery,NORMAL,603,27,0,all / identity / family / scenario overlap; never sum across group levels
630,0,630,0,0,630,0.0,1.0,deliverables/cross_endpoint_four_view_comparison_v1/results/summary/summary.csv,CSV row 85,four_view_small_tree,P0,V_BOTH,training,mtc_discovery,all,603,27,0,all / identity / family / scenario overlap; never sum across group levels
630,0,630,0,0,630,0.0,1.0,deliverables/cross_endpoint_four_view_comparison_v1/results/summary/summary.csv,CSV row 86,four_view_small_tree,P0,V_BOTH,training,mtc_discovery,scenario:routine_mtc:observation,603,27,0,all / identity / family / scenario overlap; never sum across group levels
6,6,0,0,0,6,1.0,1.0,deliverables/cross_endpoint_four_view_comparison_v1/results/summary/summary.csv,CSV row 87,four_view_small_tree,P0,V_BOTH,training,pilot18,EFFECTIVE_INTERVENTION,6,0,0,all / identity / family / scenario overlap; never sum across group levels
12,0,12,0,0,12,0.0,1.0,deliverables/cross_endpoint_four_view_comparison_v1/results/summary/summary.csv,CSV row 88,four_view_small_tree,P0,V_BOTH,training,pilot18,NORMAL,12,0,0,all / identity / family / scenario overlap; never sum across group levels
18,6,12,0,0,18,0.3333333333333333,1.0,deliverables/cross_endpoint_four_view_comparison_v1/results/summary/summary.csv,CSV row 89,four_view_small_tree,P0,V_BOTH,training,pilot18,all,18,0,0,all / identity / family / scenario overlap; never sum across group levels
3,3,0,0,0,3,1.0,1.0,deliverables/cross_endpoint_four_view_comparison_v1/results/summary/summary.csv,CSV row 90,four_view_small_tree,P0,V_BOTH,training,pilot18,family:Browser_language,3,0,0,all / identity / family / scenario overlap; never sum across group levels
3,3,0,0,0,3,1.0,1.0,deliverables/cross_endpoint_four_view_comparison_v1/results/summary/summary.csv,CSV row 91,four_view_small_tree,P0,V_BOTH,training,pilot18,family:Browser_timezone,3,0,0,all / identity / family / scenario overlap; never sum across group levels
3,3,0,0,0,3,1.0,1.0,deliverables/cross_endpoint_four_view_comparison_v1/results/summary/summary.csv,CSV row 92,four_view_small_tree,P0,V_BOTH,training,pilot18,scenario:language_fr:attack_active,3,0,0,all / identity / family / scenario overlap; never sum across group levels
3,0,3,0,0,3,0.0,1.0,deliverables/cross_endpoint_four_view_comparison_v1/results/summary/summary.csv,CSV row 93,four_view_small_tree,P0,V_BOTH,training,pilot18,scenario:language_fr:clean_post,3,0,0,all / identity / family / scenario overlap; never sum across group levels
3,0,3,0,0,3,0.0,1.0,deliverables/cross_endpoint_four_view_comparison_v1/results/summary/summary.csv,CSV row 94,four_view_small_tree,P0,V_BOTH,training,pilot18,scenario:language_fr:clean_pre,3,0,0,all / identity / family / scenario overlap; never sum across group levels
3,3,0,0,0,3,1.0,1.0,deliverables/cross_endpoint_four_view_comparison_v1/results/summary/summary.csv,CSV row 95,four_view_small_tree,P0,V_BOTH,training,pilot18,scenario:timezone_tokyo:attack_active,3,0,0,all / identity / family / scenario overlap; never sum across group levels
3,0,3,0,0,3,0.0,1.0,deliverables/cross_endpoint_four_view_comparison_v1/results/summary/summary.csv,CSV row 96,four_view_small_tree,P0,V_BOTH,training,pilot18,scenario:timezone_tokyo:clean_post,3,0,0,all / identity / family / scenario overlap; never sum across group levels
3,0,3,0,0,3,0.0,1.0,deliverables/cross_endpoint_four_view_comparison_v1/results/summary/summary.csv,CSV row 97,four_view_small_tree,P0,V_BOTH,training,pilot18,scenario:timezone_tokyo:clean_pre,3,0,0,all / identity / family / scenario overlap; never sum across group levels
144,0,144,0,0,144,0.0,1.0,deliverables/cross_endpoint_four_view_comparison_v1/results/summary/summary.csv,CSV row 98,four_view_small_tree,P0,V_BOTH_REL,historical_normal_evaluation,mtc_development,NORMAL,139,5,0,all / identity / family / scenario overlap; never sum across group levels
144,0,144,0,0,144,0.0,1.0,deliverables/cross_endpoint_four_view_comparison_v1/results/summary/summary.csv,CSV row 99,four_view_small_tree,P0,V_BOTH_REL,historical_normal_evaluation,mtc_development,all,139,5,0,all / identity / family / scenario overlap; never sum across group levels
144,0,144,0,0,144,0.0,1.0,deliverables/cross_endpoint_four_view_comparison_v1/results/summary/summary.csv,CSV row 100,four_view_small_tree,P0,V_BOTH_REL,historical_normal_evaluation,mtc_development,scenario:routine_mtc:observation,139,5,0,all / identity / family / scenario overlap; never sum across group levels
117,0,117,0,0,117,0.0,1.0,deliverables/cross_endpoint_four_view_comparison_v1/results/summary/summary.csv,CSV row 101,four_view_small_tree,P0,V_BOTH_REL,historical_normal_evaluation,mtc_reserved_validation,NORMAL,116,1,1,all / identity / family / scenario overlap; never sum across group levels
117,0,117,0,0,117,0.0,1.0,deliverables/cross_endpoint_four_view_comparison_v1/results/summary/summary.csv,CSV row 102,four_view_small_tree,P0,V_BOTH_REL,historical_normal_evaluation,mtc_reserved_validation,all,116,1,1,all / identity / family / scenario overlap; never sum across group levels
117,0,117,0,0,117,0.0,1.0,deliverables/cross_endpoint_four_view_comparison_v1/results/summary/summary.csv,CSV row 103,four_view_small_tree,P0,V_BOTH_REL,historical_normal_evaluation,mtc_reserved_validation,scenario:routine_mtc:observation,116,1,1,all / identity / family / scenario overlap; never sum across group levels
8,8,0,0,0,8,1.0,1.0,deliverables/cross_endpoint_four_view_comparison_v1/results/summary/summary.csv,CSV row 104,four_view_small_tree,P0,V_BOTH_REL,training,b2b42,EFFECTIVE_INTERVENTION,8,0,0,all / identity / family / scenario overlap; never sum across group levels
34,0,34,0,0,34,0.0,1.0,deliverables/cross_endpoint_four_view_comparison_v1/results/summary/summary.csv,CSV row 105,four_view_small_tree,P0,V_BOTH_REL,training,b2b42,NORMAL,34,0,0,all / identity / family / scenario overlap; never sum across group levels
42,8,34,0,0,42,0.19047619047619047,1.0,deliverables/cross_endpoint_four_view_comparison_v1/results/summary/summary.csv,CSV row 106,four_view_small_tree,P0,V_BOTH_REL,training,b2b42,all,42,0,0,all / identity / family / scenario overlap; never sum across group levels
2,2,0,0,0,2,1.0,1.0,deliverables/cross_endpoint_four_view_comparison_v1/results/summary/summary.csv,CSV row 107,four_view_small_tree,P0,V_BOTH_REL,training,b2b42,family:App_language,2,0,0,all / identity / family / scenario overlap; never sum across group levels
2,2,0,0,0,2,1.0,1.0,deliverables/cross_endpoint_four_view_comparison_v1/results/summary/summary.csv,CSV row 108,four_view_small_tree,P0,V_BOTH_REL,training,b2b42,family:App_timezone,2,0,0,all / identity / family / scenario overlap; never sum across group levels
2,2,0,0,0,2,1.0,1.0,deliverables/cross_endpoint_four_view_comparison_v1/results/summary/summary.csv,CSV row 109,four_view_small_tree,P0,V_BOTH_REL,training,b2b42,family:Browser_language,2,0,0,all / identity / family / scenario overlap; never sum across group levels
2,2,0,0,0,2,1.0,1.0,deliverables/cross_endpoint_four_view_comparison_v1/results/summary/summary.csv,CSV row 110,four_view_small_tree,P0,V_BOTH_REL,training,b2b42,family:Browser_timezone,2,0,0,all / identity / family / scenario overlap; never sum across group levels
2,2,0,0,0,2,1.0,1.0,deliverables/cross_endpoint_four_view_comparison_v1/results/summary/summary.csv,CSV row 111,four_view_small_tree,P0,V_BOTH_REL,training,b2b42,scenario:A_APP_LANG:change,2,0,0,all / identity / family / scenario overlap; never sum across group levels
2,0,2,0,0,2,0.0,1.0,deliverables/cross_endpoint_four_view_comparison_v1/results/summary/summary.csv,CSV row 112,four_view_small_tree,P0,V_BOTH_REL,training,b2b42,scenario:A_APP_LANG:post,2,0,0,all / identity / family / scenario overlap; never sum across group levels
2,0,2,0,0,2,0.0,1.0,deliverables/cross_endpoint_four_view_comparison_v1/results/summary/summary.csv,CSV row 113,four_view_small_tree,P0,V_BOTH_REL,training,b2b42,scenario:A_APP_LANG:pre,2,0,0,all / identity / family / scenario overlap; never sum across group levels
2,2,0,0,0,2,1.0,1.0,deliverables/cross_endpoint_four_view_comparison_v1/results/summary/summary.csv,CSV row 114,four_view_small_tree,P0,V_BOTH_REL,training,b2b42,scenario:A_APP_TZ:change,2,0,0,all / identity / family / scenario overlap; never sum across group levels
2,0,2,0,0,2,0.0,1.0,deliverables/cross_endpoint_four_view_comparison_v1/results/summary/summary.csv,CSV row 115,four_view_small_tree,P0,V_BOTH_REL,training,b2b42,scenario:A_APP_TZ:post,2,0,0,all / identity / family / scenario overlap; never sum across group levels
2,0,2,0,0,2,0.0,1.0,deliverables/cross_endpoint_four_view_comparison_v1/results/summary/summary.csv,CSV row 116,four_view_small_tree,P0,V_BOTH_REL,training,b2b42,scenario:A_APP_TZ:pre,2,0,0,all / identity / family / scenario overlap; never sum across group levels
2,2,0,0,0,2,1.0,1.0,deliverables/cross_endpoint_four_view_comparison_v1/results/summary/summary.csv,CSV row 117,four_view_small_tree,P0,V_BOTH_REL,training,b2b42,scenario:A_BROWSER_LANG:change,2,0,0,all / identity / family / scenario overlap; never sum across group levels
2,0,2,0,0,2,0.0,1.0,deliverables/cross_endpoint_four_view_comparison_v1/results/summary/summary.csv,CSV row 118,four_view_small_tree,P0,V_BOTH_REL,training,b2b42,scenario:A_BROWSER_LANG:post,2,0,0,all / identity / family / scenario overlap; never sum across group levels
2,0,2,0,0,2,0.0,1.0,deliverables/cross_endpoint_four_view_comparison_v1/results/summary/summary.csv,CSV row 119,four_view_small_tree,P0,V_BOTH_REL,training,b2b42,scenario:A_BROWSER_LANG:pre,2,0,0,all / identity / family / scenario overlap; never sum across group levels
2,2,0,0,0,2,1.0,1.0,deliverables/cross_endpoint_four_view_comparison_v1/results/summary/summary.csv,CSV row 120,four_view_small_tree,P0,V_BOTH_REL,training,b2b42,scenario:A_BROWSER_TZ:change,2,0,0,all / identity / family / scenario overlap; never sum across group levels
2,0,2,0,0,2,0.0,1.0,deliverables/cross_endpoint_four_view_comparison_v1/results/summary/summary.csv,CSV row 121,four_view_small_tree,P0,V_BOTH_REL,training,b2b42,scenario:A_BROWSER_TZ:post,2,0,0,all / identity / family / scenario overlap; never sum across group levels
2,0,2,0,0,2,0.0,1.0,deliverables/cross_endpoint_four_view_comparison_v1/results/summary/summary.csv,CSV row 122,four_view_small_tree,P0,V_BOTH_REL,training,b2b42,scenario:A_BROWSER_TZ:pre,2,0,0,all / identity / family / scenario overlap; never sum across group levels
2,0,2,0,0,2,0.0,1.0,deliverables/cross_endpoint_four_view_comparison_v1/results/summary/summary.csv,CSV row 123,four_view_small_tree,P0,V_BOTH_REL,training,b2b42,scenario:L_BROWSER_LANG:change,2,0,0,all / identity / family / scenario overlap; never sum across group levels
2,0,2,0,0,2,0.0,1.0,deliverables/cross_endpoint_four_view_comparison_v1/results/summary/summary.csv,CSV row 124,four_view_small_tree,P0,V_BOTH_REL,training,b2b42,scenario:L_BROWSER_LANG:post,2,0,0,all / identity / family / scenario overlap; never sum across group levels
2,0,2,0,0,2,0.0,1.0,deliverables/cross_endpoint_four_view_comparison_v1/results/summary/summary.csv,CSV row 125,four_view_small_tree,P0,V_BOTH_REL,training,b2b42,scenario:L_BROWSER_LANG:pre,2,0,0,all / identity / family / scenario overlap; never sum across group levels
2,0,2,0,0,2,0.0,1.0,deliverables/cross_endpoint_four_view_comparison_v1/results/summary/summary.csv,CSV row 126,four_view_small_tree,P0,V_BOTH_REL,training,b2b42,scenario:L_SYS_LANG:change,2,0,0,all / identity / family / scenario overlap; never sum across group levels
2,0,2,0,0,2,0.0,1.0,deliverables/cross_endpoint_four_view_comparison_v1/results/summary/summary.csv,CSV row 127,four_view_small_tree,P0,V_BOTH_REL,training,b2b42,scenario:L_SYS_LANG:post,2,0,0,all / identity / family / scenario overlap; never sum across group levels
2,0,2,0,0,2,0.0,1.0,deliverables/cross_endpoint_four_view_comparison_v1/results/summary/summary.csv,CSV row 128,four_view_small_tree,P0,V_BOTH_REL,training,b2b42,scenario:L_SYS_LANG:pre,2,0,0,all / identity / family / scenario overlap; never sum across group levels
2,0,2,0,0,2,0.0,1.0,deliverables/cross_endpoint_four_view_comparison_v1/results/summary/summary.csv,CSV row 129,four_view_small_tree,P0,V_BOTH_REL,training,b2b42,scenario:L_SYS_TZ:change,2,0,0,all / identity / family / scenario overlap; never sum across group levels
2,0,2,0,0,2,0.0,1.0,deliverables/cross_endpoint_four_view_comparison_v1/results/summary/summary.csv,CSV row 130,four_view_small_tree,P0,V_BOTH_REL,training,b2b42,scenario:L_SYS_TZ:post,2,0,0,all / identity / family / scenario overlap; never sum across group levels
2,0,2,0,0,2,0.0,1.0,deliverables/cross_endpoint_four_view_comparison_v1/results/summary/summary.csv,CSV row 131,four_view_small_tree,P0,V_BOTH_REL,training,b2b42,scenario:L_SYS_TZ:pre,2,0,0,all / identity / family / scenario overlap; never sum across group levels
630,0,630,0,0,630,0.0,1.0,deliverables/cross_endpoint_four_view_comparison_v1/results/summary/summary.csv,CSV row 132,four_view_small_tree,P0,V_BOTH_REL,training,mtc_discovery,NORMAL,603,27,0,all / identity / family / scenario overlap; never sum across group levels
630,0,630,0,0,630,0.0,1.0,deliverables/cross_endpoint_four_view_comparison_v1/results/summary/summary.csv,CSV row 133,four_view_small_tree,P0,V_BOTH_REL,training,mtc_discovery,all,603,27,0,all / identity / family / scenario overlap; never sum across group levels
630,0,630,0,0,630,0.0,1.0,deliverables/cross_endpoint_four_view_comparison_v1/results/summary/summary.csv,CSV row 134,four_view_small_tree,P0,V_BOTH_REL,training,mtc_discovery,scenario:routine_mtc:observation,603,27,0,all / identity / family / scenario overlap; never sum across group levels
6,6,0,0,0,6,1.0,1.0,deliverables/cross_endpoint_four_view_comparison_v1/results/summary/summary.csv,CSV row 135,four_view_small_tree,P0,V_BOTH_REL,training,pilot18,EFFECTIVE_INTERVENTION,6,0,0,all / identity / family / scenario overlap; never sum across group levels
12,0,12,0,0,12,0.0,1.0,deliverables/cross_endpoint_four_view_comparison_v1/results/summary/summary.csv,CSV row 136,four_view_small_tree,P0,V_BOTH_REL,training,pilot18,NORMAL,12,0,0,all / identity / family / scenario overlap; never sum across group levels
18,6,12,0,0,18,0.3333333333333333,1.0,deliverables/cross_endpoint_four_view_comparison_v1/results/summary/summary.csv,CSV row 137,four_view_small_tree,P0,V_BOTH_REL,training,pilot18,all,18,0,0,all / identity / family / scenario overlap; never sum across group levels
3,3,0,0,0,3,1.0,1.0,deliverables/cross_endpoint_four_view_comparison_v1/results/summary/summary.csv,CSV row 138,four_view_small_tree,P0,V_BOTH_REL,training,pilot18,family:Browser_language,3,0,0,all / identity / family / scenario overlap; never sum across group levels
3,3,0,0,0,3,1.0,1.0,deliverables/cross_endpoint_four_view_comparison_v1/results/summary/summary.csv,CSV row 139,four_view_small_tree,P0,V_BOTH_REL,training,pilot18,family:Browser_timezone,3,0,0,all / identity / family / scenario overlap; never sum across group levels
3,3,0,0,0,3,1.0,1.0,deliverables/cross_endpoint_four_view_comparison_v1/results/summary/summary.csv,CSV row 140,four_view_small_tree,P0,V_BOTH_REL,training,pilot18,scenario:language_fr:attack_active,3,0,0,all / identity / family / scenario overlap; never sum across group levels
3,0,3,0,0,3,0.0,1.0,deliverables/cross_endpoint_four_view_comparison_v1/results/summary/summary.csv,CSV row 141,four_view_small_tree,P0,V_BOTH_REL,training,pilot18,scenario:language_fr:clean_post,3,0,0,all / identity / family / scenario overlap; never sum across group levels
3,0,3,0,0,3,0.0,1.0,deliverables/cross_endpoint_four_view_comparison_v1/results/summary/summary.csv,CSV row 142,four_view_small_tree,P0,V_BOTH_REL,training,pilot18,scenario:language_fr:clean_pre,3,0,0,all / identity / family / scenario overlap; never sum across group levels
3,3,0,0,0,3,1.0,1.0,deliverables/cross_endpoint_four_view_comparison_v1/results/summary/summary.csv,CSV row 143,four_view_small_tree,P0,V_BOTH_REL,training,pilot18,scenario:timezone_tokyo:attack_active,3,0,0,all / identity / family / scenario overlap; never sum across group levels
3,0,3,0,0,3,0.0,1.0,deliverables/cross_endpoint_four_view_comparison_v1/results/summary/summary.csv,CSV row 144,four_view_small_tree,P0,V_BOTH_REL,training,pilot18,scenario:timezone_tokyo:clean_post,3,0,0,all / identity / family / scenario overlap; never sum across group levels
3,0,3,0,0,3,0.0,1.0,deliverables/cross_endpoint_four_view_comparison_v1/results/summary/summary.csv,CSV row 145,four_view_small_tree,P0,V_BOTH_REL,training,pilot18,scenario:timezone_tokyo:clean_pre,3,0,0,all / identity / family / scenario overlap; never sum across group levels
144,0,144,0,0,144,0.0,1.0,deliverables/cross_endpoint_four_view_comparison_v1/results/summary/summary.csv,CSV row 146,four_view_small_tree,P0,V_BROWSER,historical_normal_evaluation,mtc_development,NORMAL,139,5,0,all / identity / family / scenario overlap; never sum across group levels
144,0,144,0,0,144,0.0,1.0,deliverables/cross_endpoint_four_view_comparison_v1/results/summary/summary.csv,CSV row 147,four_view_small_tree,P0,V_BROWSER,historical_normal_evaluation,mtc_development,all,139,5,0,all / identity / family / scenario overlap; never sum across group levels
144,0,144,0,0,144,0.0,1.0,deliverables/cross_endpoint_four_view_comparison_v1/results/summary/summary.csv,CSV row 148,four_view_small_tree,P0,V_BROWSER,historical_normal_evaluation,mtc_development,scenario:routine_mtc:observation,139,5,0,all / identity / family / scenario overlap; never sum across group levels
117,0,117,0,0,117,0.0,1.0,deliverables/cross_endpoint_four_view_comparison_v1/results/summary/summary.csv,CSV row 149,four_view_small_tree,P0,V_BROWSER,historical_normal_evaluation,mtc_reserved_validation,NORMAL,116,1,1,all / identity / family / scenario overlap; never sum across group levels
117,0,117,0,0,117,0.0,1.0,deliverables/cross_endpoint_four_view_comparison_v1/results/summary/summary.csv,CSV row 150,four_view_small_tree,P0,V_BROWSER,historical_normal_evaluation,mtc_reserved_validation,all,116,1,1,all / identity / family / scenario overlap; never sum across group levels
117,0,117,0,0,117,0.0,1.0,deliverables/cross_endpoint_four_view_comparison_v1/results/summary/summary.csv,CSV row 151,four_view_small_tree,P0,V_BROWSER,historical_normal_evaluation,mtc_reserved_validation,scenario:routine_mtc:observation,116,1,1,all / identity / family / scenario overlap; never sum across group levels
8,8,0,0,0,8,1.0,1.0,deliverables/cross_endpoint_four_view_comparison_v1/results/summary/summary.csv,CSV row 152,four_view_small_tree,P0,V_BROWSER,training,b2b42,EFFECTIVE_INTERVENTION,8,0,0,all / identity / family / scenario overlap; never sum across group levels
34,30,4,0,0,34,0.8823529411764706,1.0,deliverables/cross_endpoint_four_view_comparison_v1/results/summary/summary.csv,CSV row 153,four_view_small_tree,P0,V_BROWSER,training,b2b42,NORMAL,34,0,0,all / identity / family / scenario overlap; never sum across group levels
42,38,4,0,0,42,0.9047619047619048,1.0,deliverables/cross_endpoint_four_view_comparison_v1/results/summary/summary.csv,CSV row 154,four_view_small_tree,P0,V_BROWSER,training,b2b42,all,42,0,0,all / identity / family / scenario overlap; never sum across group levels
2,2,0,0,0,2,1.0,1.0,deliverables/cross_endpoint_four_view_comparison_v1/results/summary/summary.csv,CSV row 155,four_view_small_tree,P0,V_BROWSER,training,b2b42,family:App_language,2,0,0,all / identity / family / scenario overlap; never sum across group levels
2,2,0,0,0,2,1.0,1.0,deliverables/cross_endpoint_four_view_comparison_v1/results/summary/summary.csv,CSV row 156,four_view_small_tree,P0,V_BROWSER,training,b2b42,family:App_timezone,2,0,0,all / identity / family / scenario overlap; never sum across group levels
2,2,0,0,0,2,1.0,1.0,deliverables/cross_endpoint_four_view_comparison_v1/results/summary/summary.csv,CSV row 157,four_view_small_tree,P0,V_BROWSER,training,b2b42,family:Browser_language,2,0,0,all / identity / family / scenario overlap; never sum across group levels
2,2,0,0,0,2,1.0,1.0,deliverables/cross_endpoint_four_view_comparison_v1/results/summary/summary.csv,CSV row 158,four_view_small_tree,P0,V_BROWSER,training,b2b42,family:Browser_timezone,2,0,0,all / identity / family / scenario overlap; never sum across group levels
2,2,0,0,0,2,1.0,1.0,deliverables/cross_endpoint_four_view_comparison_v1/results/summary/summary.csv,CSV row 159,four_view_small_tree,P0,V_BROWSER,training,b2b42,scenario:A_APP_LANG:change,2,0,0,all / identity / family / scenario overlap; never sum across group levels
2,2,0,0,0,2,1.0,1.0,deliverables/cross_endpoint_four_view_comparison_v1/results/summary/summary.csv,CSV row 160,four_view_small_tree,P0,V_BROWSER,training,b2b42,scenario:A_APP_LANG:post,2,0,0,all / identity / family / scenario overlap; never sum across group levels
2,2,0,0,0,2,1.0,1.0,deliverables/cross_endpoint_four_view_comparison_v1/results/summary/summary.csv,CSV row 161,four_view_small_tree,P0,V_BROWSER,training,b2b42,scenario:A_APP_LANG:pre,2,0,0,all / identity / family / scenario overlap; never sum across group levels
2,2,0,0,0,2,1.0,1.0,deliverables/cross_endpoint_four_view_comparison_v1/results/summary/summary.csv,CSV row 162,four_view_small_tree,P0,V_BROWSER,training,b2b42,scenario:A_APP_TZ:change,2,0,0,all / identity / family / scenario overlap; never sum across group levels
2,2,0,0,0,2,1.0,1.0,deliverables/cross_endpoint_four_view_comparison_v1/results/summary/summary.csv,CSV row 163,four_view_small_tree,P0,V_BROWSER,training,b2b42,scenario:A_APP_TZ:post,2,0,0,all / identity / family / scenario overlap; never sum across group levels
2,2,0,0,0,2,1.0,1.0,deliverables/cross_endpoint_four_view_comparison_v1/results/summary/summary.csv,CSV row 164,four_view_small_tree,P0,V_BROWSER,training,b2b42,scenario:A_APP_TZ:pre,2,0,0,all / identity / family / scenario overlap; never sum across group levels
2,2,0,0,0,2,1.0,1.0,deliverables/cross_endpoint_four_view_comparison_v1/results/summary/summary.csv,CSV row 165,four_view_small_tree,P0,V_BROWSER,training,b2b42,scenario:A_BROWSER_LANG:change,2,0,0,all / identity / family / scenario overlap; never sum across group levels
2,2,0,0,0,2,1.0,1.0,deliverables/cross_endpoint_four_view_comparison_v1/results/summary/summary.csv,CSV row 166,four_view_small_tree,P0,V_BROWSER,training,b2b42,scenario:A_BROWSER_LANG:post,2,0,0,all / identity / family / scenario overlap; never sum across group levels
2,2,0,0,0,2,1.0,1.0,deliverables/cross_endpoint_four_view_comparison_v1/results/summary/summary.csv,CSV row 167,four_view_small_tree,P0,V_BROWSER,training,b2b42,scenario:A_BROWSER_LANG:pre,2,0,0,all / identity / family / scenario overlap; never sum across group levels
2,2,0,0,0,2,1.0,1.0,deliverables/cross_endpoint_four_view_comparison_v1/results/summary/summary.csv,CSV row 168,four_view_small_tree,P0,V_BROWSER,training,b2b42,scenario:A_BROWSER_TZ:change,2,0,0,all / identity / family / scenario overlap; never sum across group levels
2,2,0,0,0,2,1.0,1.0,deliverables/cross_endpoint_four_view_comparison_v1/results/summary/summary.csv,CSV row 169,four_view_small_tree,P0,V_BROWSER,training,b2b42,scenario:A_BROWSER_TZ:post,2,0,0,all / identity / family / scenario overlap; never sum across group levels
2,2,0,0,0,2,1.0,1.0,deliverables/cross_endpoint_four_view_comparison_v1/results/summary/summary.csv,CSV row 170,four_view_small_tree,P0,V_BROWSER,training,b2b42,scenario:A_BROWSER_TZ:pre,2,0,0,all / identity / family / scenario overlap; never sum across group levels
2,0,2,0,0,2,0.0,1.0,deliverables/cross_endpoint_four_view_comparison_v1/results/summary/summary.csv,CSV row 171,four_view_small_tree,P0,V_BROWSER,training,b2b42,scenario:L_BROWSER_LANG:change,2,0,0,all / identity / family / scenario overlap; never sum across group levels
2,2,0,0,0,2,1.0,1.0,deliverables/cross_endpoint_four_view_comparison_v1/results/summary/summary.csv,CSV row 172,four_view_small_tree,P0,V_BROWSER,training,b2b42,scenario:L_BROWSER_LANG:post,2,0,0,all / identity / family / scenario overlap; never sum across group levels
2,2,0,0,0,2,1.0,1.0,deliverables/cross_endpoint_four_view_comparison_v1/results/summary/summary.csv,CSV row 173,four_view_small_tree,P0,V_BROWSER,training,b2b42,scenario:L_BROWSER_LANG:pre,2,0,0,all / identity / family / scenario overlap; never sum across group levels
2,0,2,0,0,2,0.0,1.0,deliverables/cross_endpoint_four_view_comparison_v1/results/summary/summary.csv,CSV row 174,four_view_small_tree,P0,V_BROWSER,training,b2b42,scenario:L_SYS_LANG:change,2,0,0,all / identity / family / scenario overlap; never sum across group levels
2,2,0,0,0,2,1.0,1.0,deliverables/cross_endpoint_four_view_comparison_v1/results/summary/summary.csv,CSV row 175,four_view_small_tree,P0,V_BROWSER,training,b2b42,scenario:L_SYS_LANG:post,2,0,0,all / identity / family / scenario overlap; never sum across group levels
2,2,0,0,0,2,1.0,1.0,deliverables/cross_endpoint_four_view_comparison_v1/results/summary/summary.csv,CSV row 176,four_view_small_tree,P0,V_BROWSER,training,b2b42,scenario:L_SYS_LANG:pre,2,0,0,all / identity / family / scenario overlap; never sum across group levels
2,2,0,0,0,2,1.0,1.0,deliverables/cross_endpoint_four_view_comparison_v1/results/summary/summary.csv,CSV row 177,four_view_small_tree,P0,V_BROWSER,training,b2b42,scenario:L_SYS_TZ:change,2,0,0,all / identity / family / scenario overlap; never sum across group levels
2,2,0,0,0,2,1.0,1.0,deliverables/cross_endpoint_four_view_comparison_v1/results/summary/summary.csv,CSV row 178,four_view_small_tree,P0,V_BROWSER,training,b2b42,scenario:L_SYS_TZ:post,2,0,0,all / identity / family / scenario overlap; never sum across group levels
2,2,0,0,0,2,1.0,1.0,deliverables/cross_endpoint_four_view_comparison_v1/results/summary/summary.csv,CSV row 179,four_view_small_tree,P0,V_BROWSER,training,b2b42,scenario:L_SYS_TZ:pre,2,0,0,all / identity / family / scenario overlap; never sum across group levels
630,0,630,0,0,630,0.0,1.0,deliverables/cross_endpoint_four_view_comparison_v1/results/summary/summary.csv,CSV row 180,four_view_small_tree,P0,V_BROWSER,training,mtc_discovery,NORMAL,605,25,0,all / identity / family / scenario overlap; never sum across group levels
630,0,630,0,0,630,0.0,1.0,deliverables/cross_endpoint_four_view_comparison_v1/results/summary/summary.csv,CSV row 181,four_view_small_tree,P0,V_BROWSER,training,mtc_discovery,all,605,25,0,all / identity / family / scenario overlap; never sum across group levels
630,0,630,0,0,630,0.0,1.0,deliverables/cross_endpoint_four_view_comparison_v1/results/summary/summary.csv,CSV row 182,four_view_small_tree,P0,V_BROWSER,training,mtc_discovery,scenario:routine_mtc:observation,605,25,0,all / identity / family / scenario overlap; never sum across group levels
6,6,0,0,0,6,1.0,1.0,deliverables/cross_endpoint_four_view_comparison_v1/results/summary/summary.csv,CSV row 183,four_view_small_tree,P0,V_BROWSER,training,pilot18,EFFECTIVE_INTERVENTION,6,0,0,all / identity / family / scenario overlap; never sum across group levels
12,0,12,0,0,12,0.0,1.0,deliverables/cross_endpoint_four_view_comparison_v1/results/summary/summary.csv,CSV row 184,four_view_small_tree,P0,V_BROWSER,training,pilot18,NORMAL,12,0,0,all / identity / family / scenario overlap; never sum across group levels
18,6,12,0,0,18,0.3333333333333333,1.0,deliverables/cross_endpoint_four_view_comparison_v1/results/summary/summary.csv,CSV row 185,four_view_small_tree,P0,V_BROWSER,training,pilot18,all,18,0,0,all / identity / family / scenario overlap; never sum across group levels
3,3,0,0,0,3,1.0,1.0,deliverables/cross_endpoint_four_view_comparison_v1/results/summary/summary.csv,CSV row 186,four_view_small_tree,P0,V_BROWSER,training,pilot18,family:Browser_language,3,0,0,all / identity / family / scenario overlap; never sum across group levels
3,3,0,0,0,3,1.0,1.0,deliverables/cross_endpoint_four_view_comparison_v1/results/summary/summary.csv,CSV row 187,four_view_small_tree,P0,V_BROWSER,training,pilot18,family:Browser_timezone,3,0,0,all / identity / family / scenario overlap; never sum across group levels
3,3,0,0,0,3,1.0,1.0,deliverables/cross_endpoint_four_view_comparison_v1/results/summary/summary.csv,CSV row 188,four_view_small_tree,P0,V_BROWSER,training,pilot18,scenario:language_fr:attack_active,3,0,0,all / identity / family / scenario overlap; never sum across group levels
3,0,3,0,0,3,0.0,1.0,deliverables/cross_endpoint_four_view_comparison_v1/results/summary/summary.csv,CSV row 189,four_view_small_tree,P0,V_BROWSER,training,pilot18,scenario:language_fr:clean_post,3,0,0,all / identity / family / scenario overlap; never sum across group levels
3,0,3,0,0,3,0.0,1.0,deliverables/cross_endpoint_four_view_comparison_v1/results/summary/summary.csv,CSV row 190,four_view_small_tree,P0,V_BROWSER,training,pilot18,scenario:language_fr:clean_pre,3,0,0,all / identity / family / scenario overlap; never sum across group levels
3,3,0,0,0,3,1.0,1.0,deliverables/cross_endpoint_four_view_comparison_v1/results/summary/summary.csv,CSV row 191,four_view_small_tree,P0,V_BROWSER,training,pilot18,scenario:timezone_tokyo:attack_active,3,0,0,all / identity / family / scenario overlap; never sum across group levels
3,0,3,0,0,3,0.0,1.0,deliverables/cross_endpoint_four_view_comparison_v1/results/summary/summary.csv,CSV row 192,four_view_small_tree,P0,V_BROWSER,training,pilot18,scenario:timezone_tokyo:clean_post,3,0,0,all / identity / family / scenario overlap; never sum across group levels
3,0,3,0,0,3,0.0,1.0,deliverables/cross_endpoint_four_view_comparison_v1/results/summary/summary.csv,CSV row 193,four_view_small_tree,P0,V_BROWSER,training,pilot18,scenario:timezone_tokyo:clean_pre,3,0,0,all / identity / family / scenario overlap; never sum across group levels
6,6,0,0,0,6,1.0,1.0,deliverables/cross_endpoint_four_view_comparison_v1/results/summary/summary.csv,CSV row 194,four_view_small_tree,P1,V_APP,batch_holdout_development,pilot18,EFFECTIVE_INTERVENTION,6,0,0,all / identity / family / scenario overlap; never sum across group levels
12,12,0,0,0,12,1.0,1.0,deliverables/cross_endpoint_four_view_comparison_v1/results/summary/summary.csv,CSV row 195,four_view_small_tree,P1,V_APP,batch_holdout_development,pilot18,NORMAL,12,0,0,all / identity / family / scenario overlap; never sum across group levels
18,18,0,0,0,18,1.0,1.0,deliverables/cross_endpoint_four_view_comparison_v1/results/summary/summary.csv,CSV row 196,four_view_small_tree,P1,V_APP,batch_holdout_development,pilot18,all,18,0,0,all / identity / family / scenario overlap; never sum across group levels
3,3,0,0,0,3,1.0,1.0,deliverables/cross_endpoint_four_view_comparison_v1/results/summary/summary.csv,CSV row 197,four_view_small_tree,P1,V_APP,batch_holdout_development,pilot18,family:Browser_language,3,0,0,all / identity / family / scenario overlap; never sum across group levels
3,3,0,0,0,3,1.0,1.0,deliverables/cross_endpoint_four_view_comparison_v1/results/summary/summary.csv,CSV row 198,four_view_small_tree,P1,V_APP,batch_holdout_development,pilot18,family:Browser_timezone,3,0,0,all / identity / family / scenario overlap; never sum across group levels
3,3,0,0,0,3,1.0,1.0,deliverables/cross_endpoint_four_view_comparison_v1/results/summary/summary.csv,CSV row 199,four_view_small_tree,P1,V_APP,batch_holdout_development,pilot18,scenario:language_fr:attack_active,3,0,0,all / identity / family / scenario overlap; never sum across group levels
3,3,0,0,0,3,1.0,1.0,deliverables/cross_endpoint_four_view_comparison_v1/results/summary/summary.csv,CSV row 200,four_view_small_tree,P1,V_APP,batch_holdout_development,pilot18,scenario:language_fr:clean_post,3,0,0,all / identity / family / scenario overlap; never sum across group levels
3,3,0,0,0,3,1.0,1.0,deliverables/cross_endpoint_four_view_comparison_v1/results/summary/summary.csv,CSV row 201,four_view_small_tree,P1,V_APP,batch_holdout_development,pilot18,scenario:language_fr:clean_pre,3,0,0,all / identity / family / scenario overlap; never sum across group levels
3,3,0,0,0,3,1.0,1.0,deliverables/cross_endpoint_four_view_comparison_v1/results/summary/summary.csv,CSV row 202,four_view_small_tree,P1,V_APP,batch_holdout_development,pilot18,scenario:timezone_tokyo:attack_active,3,0,0,all / identity / family / scenario overlap; never sum across group levels
3,3,0,0,0,3,1.0,1.0,deliverables/cross_endpoint_four_view_comparison_v1/results/summary/summary.csv,CSV row 203,four_view_small_tree,P1,V_APP,batch_holdout_development,pilot18,scenario:timezone_tokyo:clean_post,3,0,0,all / identity / family / scenario overlap; never sum across group levels
3,3,0,0,0,3,1.0,1.0,deliverables/cross_endpoint_four_view_comparison_v1/results/summary/summary.csv,CSV row 204,four_view_small_tree,P1,V_APP,batch_holdout_development,pilot18,scenario:timezone_tokyo:clean_pre,3,0,0,all / identity / family / scenario overlap; never sum across group levels
144,0,144,0,0,144,0.0,1.0,deliverables/cross_endpoint_four_view_comparison_v1/results/summary/summary.csv,CSV row 205,four_view_small_tree,P1,V_APP,historical_normal_evaluation,mtc_development,NORMAL,143,1,0,all / identity / family / scenario overlap; never sum across group levels
144,0,144,0,0,144,0.0,1.0,deliverables/cross_endpoint_four_view_comparison_v1/results/summary/summary.csv,CSV row 206,four_view_small_tree,P1,V_APP,historical_normal_evaluation,mtc_development,all,143,1,0,all / identity / family / scenario overlap; never sum across group levels
144,0,144,0,0,144,0.0,1.0,deliverables/cross_endpoint_four_view_comparison_v1/results/summary/summary.csv,CSV row 207,four_view_small_tree,P1,V_APP,historical_normal_evaluation,mtc_development,scenario:routine_mtc:observation,143,1,0,all / identity / family / scenario overlap; never sum across group levels
117,0,117,0,0,117,0.0,1.0,deliverables/cross_endpoint_four_view_comparison_v1/results/summary/summary.csv,CSV row 208,four_view_small_tree,P1,V_APP,historical_normal_evaluation,mtc_reserved_validation,NORMAL,117,0,1,all / identity / family / scenario overlap; never sum across group levels
117,0,117,0,0,117,0.0,1.0,deliverables/cross_endpoint_four_view_comparison_v1/results/summary/summary.csv,CSV row 209,four_view_small_tree,P1,V_APP,historical_normal_evaluation,mtc_reserved_validation,all,117,0,1,all / identity / family / scenario overlap; never sum across group levels
117,0,117,0,0,117,0.0,1.0,deliverables/cross_endpoint_four_view_comparison_v1/results/summary/summary.csv,CSV row 210,four_view_small_tree,P1,V_APP,historical_normal_evaluation,mtc_reserved_validation,scenario:routine_mtc:observation,117,0,1,all / identity / family / scenario overlap; never sum across group levels
8,8,0,0,0,8,1.0,1.0,deliverables/cross_endpoint_four_view_comparison_v1/results/summary/summary.csv,CSV row 211,four_view_small_tree,P1,V_APP,training,b2b42,EFFECTIVE_INTERVENTION,8,0,0,all / identity / family / scenario overlap; never sum across group levels
34,32,2,0,0,34,0.9411764705882353,1.0,deliverables/cross_endpoint_four_view_comparison_v1/results/summary/summary.csv,CSV row 212,four_view_small_tree,P1,V_APP,training,b2b42,NORMAL,34,0,0,all / identity / family / scenario overlap; never sum across group levels
42,40,2,0,0,42,0.9523809523809523,1.0,deliverables/cross_endpoint_four_view_comparison_v1/results/summary/summary.csv,CSV row 213,four_view_small_tree,P1,V_APP,training,b2b42,all,42,0,0,all / identity / family / scenario overlap; never sum across group levels
2,2,0,0,0,2,1.0,1.0,deliverables/cross_endpoint_four_view_comparison_v1/results/summary/summary.csv,CSV row 214,four_view_small_tree,P1,V_APP,training,b2b42,family:App_language,2,0,0,all / identity / family / scenario overlap; never sum across group levels
2,2,0,0,0,2,1.0,1.0,deliverables/cross_endpoint_four_view_comparison_v1/results/summary/summary.csv,CSV row 215,four_view_small_tree,P1,V_APP,training,b2b42,family:App_timezone,2,0,0,all / identity / family / scenario overlap; never sum across group levels
2,2,0,0,0,2,1.0,1.0,deliverables/cross_endpoint_four_view_comparison_v1/results/summary/summary.csv,CSV row 216,four_view_small_tree,P1,V_APP,training,b2b42,family:Browser_language,2,0,0,all / identity / family / scenario overlap; never sum across group levels
2,2,0,0,0,2,1.0,1.0,deliverables/cross_endpoint_four_view_comparison_v1/results/summary/summary.csv,CSV row 217,four_view_small_tree,P1,V_APP,training,b2b42,family:Browser_timezone,2,0,0,all / identity / family / scenario overlap; never sum across group levels
2,2,0,0,0,2,1.0,1.0,deliverables/cross_endpoint_four_view_comparison_v1/results/summary/summary.csv,CSV row 218,four_view_small_tree,P1,V_APP,training,b2b42,scenario:A_APP_LANG:change,2,0,0,all / identity / family / scenario overlap; never sum across group levels
2,2,0,0,0,2,1.0,1.0,deliverables/cross_endpoint_four_view_comparison_v1/results/summary/summary.csv,CSV row 219,four_view_small_tree,P1,V_APP,training,b2b42,scenario:A_APP_LANG:post,2,0,0,all / identity / family / scenario overlap; never sum across group levels
2,2,0,0,0,2,1.0,1.0,deliverables/cross_endpoint_four_view_comparison_v1/results/summary/summary.csv,CSV row 220,four_view_small_tree,P1,V_APP,training,b2b42,scenario:A_APP_LANG:pre,2,0,0,all / identity / family / scenario overlap; never sum across group levels
2,2,0,0,0,2,1.0,1.0,deliverables/cross_endpoint_four_view_comparison_v1/results/summary/summary.csv,CSV row 221,four_view_small_tree,P1,V_APP,training,b2b42,scenario:A_APP_TZ:change,2,0,0,all / identity / family / scenario overlap; never sum across group levels
2,2,0,0,0,2,1.0,1.0,deliverables/cross_endpoint_four_view_comparison_v1/results/summary/summary.csv,CSV row 222,four_view_small_tree,P1,V_APP,training,b2b42,scenario:A_APP_TZ:post,2,0,0,all / identity / family / scenario overlap; never sum across group levels
2,2,0,0,0,2,1.0,1.0,deliverables/cross_endpoint_four_view_comparison_v1/results/summary/summary.csv,CSV row 223,four_view_small_tree,P1,V_APP,training,b2b42,scenario:A_APP_TZ:pre,2,0,0,all / identity / family / scenario overlap; never sum across group levels
2,2,0,0,0,2,1.0,1.0,deliverables/cross_endpoint_four_view_comparison_v1/results/summary/summary.csv,CSV row 224,four_view_small_tree,P1,V_APP,training,b2b42,scenario:A_BROWSER_LANG:change,2,0,0,all / identity / family / scenario overlap; never sum across group levels
2,2,0,0,0,2,1.0,1.0,deliverables/cross_endpoint_four_view_comparison_v1/results/summary/summary.csv,CSV row 225,four_view_small_tree,P1,V_APP,training,b2b42,scenario:A_BROWSER_LANG:post,2,0,0,all / identity / family / scenario overlap; never sum across group levels
2,2,0,0,0,2,1.0,1.0,deliverables/cross_endpoint_four_view_comparison_v1/results/summary/summary.csv,CSV row 226,four_view_small_tree,P1,V_APP,training,b2b42,scenario:A_BROWSER_LANG:pre,2,0,0,all / identity / family / scenario overlap; never sum across group levels
2,2,0,0,0,2,1.0,1.0,deliverables/cross_endpoint_four_view_comparison_v1/results/summary/summary.csv,CSV row 227,four_view_small_tree,P1,V_APP,training,b2b42,scenario:A_BROWSER_TZ:change,2,0,0,all / identity / family / scenario overlap; never sum across group levels
2,2,0,0,0,2,1.0,1.0,deliverables/cross_endpoint_four_view_comparison_v1/results/summary/summary.csv,CSV row 228,four_view_small_tree,P1,V_APP,training,b2b42,scenario:A_BROWSER_TZ:post,2,0,0,all / identity / family / scenario overlap; never sum across group levels
2,2,0,0,0,2,1.0,1.0,deliverables/cross_endpoint_four_view_comparison_v1/results/summary/summary.csv,CSV row 229,four_view_small_tree,P1,V_APP,training,b2b42,scenario:A_BROWSER_TZ:pre,2,0,0,all / identity / family / scenario overlap; never sum across group levels
2,2,0,0,0,2,1.0,1.0,deliverables/cross_endpoint_four_view_comparison_v1/results/summary/summary.csv,CSV row 230,four_view_small_tree,P1,V_APP,training,b2b42,scenario:L_BROWSER_LANG:change,2,0,0,all / identity / family / scenario overlap; never sum across group levels
2,2,0,0,0,2,1.0,1.0,deliverables/cross_endpoint_four_view_comparison_v1/results/summary/summary.csv,CSV row 231,four_view_small_tree,P1,V_APP,training,b2b42,scenario:L_BROWSER_LANG:post,2,0,0,all / identity / family / scenario overlap; never sum across group levels
2,2,0,0,0,2,1.0,1.0,deliverables/cross_endpoint_four_view_comparison_v1/results/summary/summary.csv,CSV row 232,four_view_small_tree,P1,V_APP,training,b2b42,scenario:L_BROWSER_LANG:pre,2,0,0,all / identity / family / scenario overlap; never sum across group levels
2,0,2,0,0,2,0.0,1.0,deliverables/cross_endpoint_four_view_comparison_v1/results/summary/summary.csv,CSV row 233,four_view_small_tree,P1,V_APP,training,b2b42,scenario:L_SYS_LANG:change,2,0,0,all / identity / family / scenario overlap; never sum across group levels
2,2,0,0,0,2,1.0,1.0,deliverables/cross_endpoint_four_view_comparison_v1/results/summary/summary.csv,CSV row 234,four_view_small_tree,P1,V_APP,training,b2b42,scenario:L_SYS_LANG:post,2,0,0,all / identity / family / scenario overlap; never sum across group levels
2,2,0,0,0,2,1.0,1.0,deliverables/cross_endpoint_four_view_comparison_v1/results/summary/summary.csv,CSV row 235,four_view_small_tree,P1,V_APP,training,b2b42,scenario:L_SYS_LANG:pre,2,0,0,all / identity / family / scenario overlap; never sum across group levels
2,2,0,0,0,2,1.0,1.0,deliverables/cross_endpoint_four_view_comparison_v1/results/summary/summary.csv,CSV row 236,four_view_small_tree,P1,V_APP,training,b2b42,scenario:L_SYS_TZ:change,2,0,0,all / identity / family / scenario overlap; never sum across group levels
2,2,0,0,0,2,1.0,1.0,deliverables/cross_endpoint_four_view_comparison_v1/results/summary/summary.csv,CSV row 237,four_view_small_tree,P1,V_APP,training,b2b42,scenario:L_SYS_TZ:post,2,0,0,all / identity / family / scenario overlap; never sum across group levels
2,2,0,0,0,2,1.0,1.0,deliverables/cross_endpoint_four_view_comparison_v1/results/summary/summary.csv,CSV row 238,four_view_small_tree,P1,V_APP,training,b2b42,scenario:L_SYS_TZ:pre,2,0,0,all / identity / family / scenario overlap; never sum across group levels
630,0,630,0,0,630,0.0,1.0,deliverables/cross_endpoint_four_view_comparison_v1/results/summary/summary.csv,CSV row 239,four_view_small_tree,P1,V_APP,training,mtc_discovery,NORMAL,627,3,0,all / identity / family / scenario overlap; never sum across group levels
630,0,630,0,0,630,0.0,1.0,deliverables/cross_endpoint_four_view_comparison_v1/results/summary/summary.csv,CSV row 240,four_view_small_tree,P1,V_APP,training,mtc_discovery,all,627,3,0,all / identity / family / scenario overlap; never sum across group levels
630,0,630,0,0,630,0.0,1.0,deliverables/cross_endpoint_four_view_comparison_v1/results/summary/summary.csv,CSV row 241,four_view_small_tree,P1,V_APP,training,mtc_discovery,scenario:routine_mtc:observation,627,3,0,all / identity / family / scenario overlap; never sum across group levels
6,6,0,0,0,6,1.0,1.0,deliverables/cross_endpoint_four_view_comparison_v1/results/summary/summary.csv,CSV row 242,four_view_small_tree,P1,V_BOTH,batch_holdout_development,pilot18,EFFECTIVE_INTERVENTION,6,0,0,all / identity / family / scenario overlap; never sum across group levels
12,12,0,0,0,12,1.0,1.0,deliverables/cross_endpoint_four_view_comparison_v1/results/summary/summary.csv,CSV row 243,four_view_small_tree,P1,V_BOTH,batch_holdout_development,pilot18,NORMAL,12,0,0,all / identity / family / scenario overlap; never sum across group levels
18,18,0,0,0,18,1.0,1.0,deliverables/cross_endpoint_four_view_comparison_v1/results/summary/summary.csv,CSV row 244,four_view_small_tree,P1,V_BOTH,batch_holdout_development,pilot18,all,18,0,0,all / identity / family / scenario overlap; never sum across group levels
3,3,0,0,0,3,1.0,1.0,deliverables/cross_endpoint_four_view_comparison_v1/results/summary/summary.csv,CSV row 245,four_view_small_tree,P1,V_BOTH,batch_holdout_development,pilot18,family:Browser_language,3,0,0,all / identity / family / scenario overlap; never sum across group levels
3,3,0,0,0,3,1.0,1.0,deliverables/cross_endpoint_four_view_comparison_v1/results/summary/summary.csv,CSV row 246,four_view_small_tree,P1,V_BOTH,batch_holdout_development,pilot18,family:Browser_timezone,3,0,0,all / identity / family / scenario overlap; never sum across group levels
3,3,0,0,0,3,1.0,1.0,deliverables/cross_endpoint_four_view_comparison_v1/results/summary/summary.csv,CSV row 247,four_view_small_tree,P1,V_BOTH,batch_holdout_development,pilot18,scenario:language_fr:attack_active,3,0,0,all / identity / family / scenario overlap; never sum across group levels
3,3,0,0,0,3,1.0,1.0,deliverables/cross_endpoint_four_view_comparison_v1/results/summary/summary.csv,CSV row 248,four_view_small_tree,P1,V_BOTH,batch_holdout_development,pilot18,scenario:language_fr:clean_post,3,0,0,all / identity / family / scenario overlap; never sum across group levels
3,3,0,0,0,3,1.0,1.0,deliverables/cross_endpoint_four_view_comparison_v1/results/summary/summary.csv,CSV row 249,four_view_small_tree,P1,V_BOTH,batch_holdout_development,pilot18,scenario:language_fr:clean_pre,3,0,0,all / identity / family / scenario overlap; never sum across group levels
3,3,0,0,0,3,1.0,1.0,deliverables/cross_endpoint_four_view_comparison_v1/results/summary/summary.csv,CSV row 250,four_view_small_tree,P1,V_BOTH,batch_holdout_development,pilot18,scenario:timezone_tokyo:attack_active,3,0,0,all / identity / family / scenario overlap; never sum across group levels
3,3,0,0,0,3,1.0,1.0,deliverables/cross_endpoint_four_view_comparison_v1/results/summary/summary.csv,CSV row 251,four_view_small_tree,P1,V_BOTH,batch_holdout_development,pilot18,scenario:timezone_tokyo:clean_post,3,0,0,all / identity / family / scenario overlap; never sum across group levels
3,3,0,0,0,3,1.0,1.0,deliverables/cross_endpoint_four_view_comparison_v1/results/summary/summary.csv,CSV row 252,four_view_small_tree,P1,V_BOTH,batch_holdout_development,pilot18,scenario:timezone_tokyo:clean_pre,3,0,0,all / identity / family / scenario overlap; never sum across group levels
144,0,144,0,0,144,0.0,1.0,deliverables/cross_endpoint_four_view_comparison_v1/results/summary/summary.csv,CSV row 253,four_view_small_tree,P1,V_BOTH,historical_normal_evaluation,mtc_development,NORMAL,139,5,0,all / identity / family / scenario overlap; never sum across group levels
144,0,144,0,0,144,0.0,1.0,deliverables/cross_endpoint_four_view_comparison_v1/results/summary/summary.csv,CSV row 254,four_view_small_tree,P1,V_BOTH,historical_normal_evaluation,mtc_development,all,139,5,0,all / identity / family / scenario overlap; never sum across group levels
144,0,144,0,0,144,0.0,1.0,deliverables/cross_endpoint_four_view_comparison_v1/results/summary/summary.csv,CSV row 255,four_view_small_tree,P1,V_BOTH,historical_normal_evaluation,mtc_development,scenario:routine_mtc:observation,139,5,0,all / identity / family / scenario overlap; never sum across group levels
117,0,117,0,0,117,0.0,1.0,deliverables/cross_endpoint_four_view_comparison_v1/results/summary/summary.csv,CSV row 256,four_view_small_tree,P1,V_BOTH,historical_normal_evaluation,mtc_reserved_validation,NORMAL,116,1,1,all / identity / family / scenario overlap; never sum across group levels
117,0,117,0,0,117,0.0,1.0,deliverables/cross_endpoint_four_view_comparison_v1/results/summary/summary.csv,CSV row 257,four_view_small_tree,P1,V_BOTH,historical_normal_evaluation,mtc_reserved_validation,all,116,1,1,all / identity / family / scenario overlap; never sum across group levels
117,0,117,0,0,117,0.0,1.0,deliverables/cross_endpoint_four_view_comparison_v1/results/summary/summary.csv,CSV row 258,four_view_small_tree,P1,V_BOTH,historical_normal_evaluation,mtc_reserved_validation,scenario:routine_mtc:observation,116,1,1,all / identity / family / scenario overlap; never sum across group levels
8,8,0,0,0,8,1.0,1.0,deliverables/cross_endpoint_four_view_comparison_v1/results/summary/summary.csv,CSV row 259,four_view_small_tree,P1,V_BOTH,training,b2b42,EFFECTIVE_INTERVENTION,8,0,0,all / identity / family / scenario overlap; never sum across group levels
34,32,2,0,0,34,0.9411764705882353,1.0,deliverables/cross_endpoint_four_view_comparison_v1/results/summary/summary.csv,CSV row 260,four_view_small_tree,P1,V_BOTH,training,b2b42,NORMAL,34,0,0,all / identity / family / scenario overlap; never sum across group levels
42,40,2,0,0,42,0.9523809523809523,1.0,deliverables/cross_endpoint_four_view_comparison_v1/results/summary/summary.csv,CSV row 261,four_view_small_tree,P1,V_BOTH,training,b2b42,all,42,0,0,all / identity / family / scenario overlap; never sum across group levels
2,2,0,0,0,2,1.0,1.0,deliverables/cross_endpoint_four_view_comparison_v1/results/summary/summary.csv,CSV row 262,four_view_small_tree,P1,V_BOTH,training,b2b42,family:App_language,2,0,0,all / identity / family / scenario overlap; never sum across group levels
2,2,0,0,0,2,1.0,1.0,deliverables/cross_endpoint_four_view_comparison_v1/results/summary/summary.csv,CSV row 263,four_view_small_tree,P1,V_BOTH,training,b2b42,family:App_timezone,2,0,0,all / identity / family / scenario overlap; never sum across group levels
2,2,0,0,0,2,1.0,1.0,deliverables/cross_endpoint_four_view_comparison_v1/results/summary/summary.csv,CSV row 264,four_view_small_tree,P1,V_BOTH,training,b2b42,family:Browser_language,2,0,0,all / identity / family / scenario overlap; never sum across group levels
2,2,0,0,0,2,1.0,1.0,deliverables/cross_endpoint_four_view_comparison_v1/results/summary/summary.csv,CSV row 265,four_view_small_tree,P1,V_BOTH,training,b2b42,family:Browser_timezone,2,0,0,all / identity / family / scenario overlap; never sum across group levels
2,2,0,0,0,2,1.0,1.0,deliverables/cross_endpoint_four_view_comparison_v1/results/summary/summary.csv,CSV row 266,four_view_small_tree,P1,V_BOTH,training,b2b42,scenario:A_APP_LANG:change,2,0,0,all / identity / family / scenario overlap; never sum across group levels
2,2,0,0,0,2,1.0,1.0,deliverables/cross_endpoint_four_view_comparison_v1/results/summary/summary.csv,CSV row 267,four_view_small_tree,P1,V_BOTH,training,b2b42,scenario:A_APP_LANG:post,2,0,0,all / identity / family / scenario overlap; never sum across group levels
2,2,0,0,0,2,1.0,1.0,deliverables/cross_endpoint_four_view_comparison_v1/results/summary/summary.csv,CSV row 268,four_view_small_tree,P1,V_BOTH,training,b2b42,scenario:A_APP_LANG:pre,2,0,0,all / identity / family / scenario overlap; never sum across group levels
2,2,0,0,0,2,1.0,1.0,deliverables/cross_endpoint_four_view_comparison_v1/results/summary/summary.csv,CSV row 269,four_view_small_tree,P1,V_BOTH,training,b2b42,scenario:A_APP_TZ:change,2,0,0,all / identity / family / scenario overlap; never sum across group levels
2,2,0,0,0,2,1.0,1.0,deliverables/cross_endpoint_four_view_comparison_v1/results/summary/summary.csv,CSV row 270,four_view_small_tree,P1,V_BOTH,training,b2b42,scenario:A_APP_TZ:post,2,0,0,all / identity / family / scenario overlap; never sum across group levels
2,2,0,0,0,2,1.0,1.0,deliverables/cross_endpoint_four_view_comparison_v1/results/summary/summary.csv,CSV row 271,four_view_small_tree,P1,V_BOTH,training,b2b42,scenario:A_APP_TZ:pre,2,0,0,all / identity / family / scenario overlap; never sum across group levels
2,2,0,0,0,2,1.0,1.0,deliverables/cross_endpoint_four_view_comparison_v1/results/summary/summary.csv,CSV row 272,four_view_small_tree,P1,V_BOTH,training,b2b42,scenario:A_BROWSER_LANG:change,2,0,0,all / identity / family / scenario overlap; never sum across group levels
2,2,0,0,0,2,1.0,1.0,deliverables/cross_endpoint_four_view_comparison_v1/results/summary/summary.csv,CSV row 273,four_view_small_tree,P1,V_BOTH,training,b2b42,scenario:A_BROWSER_LANG:post,2,0,0,all / identity / family / scenario overlap; never sum across group levels
2,2,0,0,0,2,1.0,1.0,deliverables/cross_endpoint_four_view_comparison_v1/results/summary/summary.csv,CSV row 274,four_view_small_tree,P1,V_BOTH,training,b2b42,scenario:A_BROWSER_LANG:pre,2,0,0,all / identity / family / scenario overlap; never sum across group levels
2,2,0,0,0,2,1.0,1.0,deliverables/cross_endpoint_four_view_comparison_v1/results/summary/summary.csv,CSV row 275,four_view_small_tree,P1,V_BOTH,training,b2b42,scenario:A_BROWSER_TZ:change,2,0,0,all / identity / family / scenario overlap; never sum across group levels
2,2,0,0,0,2,1.0,1.0,deliverables/cross_endpoint_four_view_comparison_v1/results/summary/summary.csv,CSV row 276,four_view_small_tree,P1,V_BOTH,training,b2b42,scenario:A_BROWSER_TZ:post,2,0,0,all / identity / family / scenario overlap; never sum across group levels
2,2,0,0,0,2,1.0,1.0,deliverables/cross_endpoint_four_view_comparison_v1/results/summary/summary.csv,CSV row 277,four_view_small_tree,P1,V_BOTH,training,b2b42,scenario:A_BROWSER_TZ:pre,2,0,0,all / identity / family / scenario overlap; never sum across group levels
2,2,0,0,0,2,1.0,1.0,deliverables/cross_endpoint_four_view_comparison_v1/results/summary/summary.csv,CSV row 278,four_view_small_tree,P1,V_BOTH,training,b2b42,scenario:L_BROWSER_LANG:change,2,0,0,all / identity / family / scenario overlap; never sum across group levels
2,2,0,0,0,2,1.0,1.0,deliverables/cross_endpoint_four_view_comparison_v1/results/summary/summary.csv,CSV row 279,four_view_small_tree,P1,V_BOTH,training,b2b42,scenario:L_BROWSER_LANG:post,2,0,0,all / identity / family / scenario overlap; never sum across group levels
2,2,0,0,0,2,1.0,1.0,deliverables/cross_endpoint_four_view_comparison_v1/results/summary/summary.csv,CSV row 280,four_view_small_tree,P1,V_BOTH,training,b2b42,scenario:L_BROWSER_LANG:pre,2,0,0,all / identity / family / scenario overlap; never sum across group levels
2,0,2,0,0,2,0.0,1.0,deliverables/cross_endpoint_four_view_comparison_v1/results/summary/summary.csv,CSV row 281,four_view_small_tree,P1,V_BOTH,training,b2b42,scenario:L_SYS_LANG:change,2,0,0,all / identity / family / scenario overlap; never sum across group levels
2,2,0,0,0,2,1.0,1.0,deliverables/cross_endpoint_four_view_comparison_v1/results/summary/summary.csv,CSV row 282,four_view_small_tree,P1,V_BOTH,training,b2b42,scenario:L_SYS_LANG:post,2,0,0,all / identity / family / scenario overlap; never sum across group levels
2,2,0,0,0,2,1.0,1.0,deliverables/cross_endpoint_four_view_comparison_v1/results/summary/summary.csv,CSV row 283,four_view_small_tree,P1,V_BOTH,training,b2b42,scenario:L_SYS_LANG:pre,2,0,0,all / identity / family / scenario overlap; never sum across group levels
2,2,0,0,0,2,1.0,1.0,deliverables/cross_endpoint_four_view_comparison_v1/results/summary/summary.csv,CSV row 284,four_view_small_tree,P1,V_BOTH,training,b2b42,scenario:L_SYS_TZ:change,2,0,0,all / identity / family / scenario overlap; never sum across group levels
2,2,0,0,0,2,1.0,1.0,deliverables/cross_endpoint_four_view_comparison_v1/results/summary/summary.csv,CSV row 285,four_view_small_tree,P1,V_BOTH,training,b2b42,scenario:L_SYS_TZ:post,2,0,0,all / identity / family / scenario overlap; never sum across group levels
2,2,0,0,0,2,1.0,1.0,deliverables/cross_endpoint_four_view_comparison_v1/results/summary/summary.csv,CSV row 286,four_view_small_tree,P1,V_BOTH,training,b2b42,scenario:L_SYS_TZ:pre,2,0,0,all / identity / family / scenario overlap; never sum across group levels
630,0,630,0,0,630,0.0,1.0,deliverables/cross_endpoint_four_view_comparison_v1/results/summary/summary.csv,CSV row 287,four_view_small_tree,P1,V_BOTH,training,mtc_discovery,NORMAL,603,27,0,all / identity / family / scenario overlap; never sum across group levels
630,0,630,0,0,630,0.0,1.0,deliverables/cross_endpoint_four_view_comparison_v1/results/summary/summary.csv,CSV row 288,four_view_small_tree,P1,V_BOTH,training,mtc_discovery,all,603,27,0,all / identity / family / scenario overlap; never sum across group levels
630,0,630,0,0,630,0.0,1.0,deliverables/cross_endpoint_four_view_comparison_v1/results/summary/summary.csv,CSV row 289,four_view_small_tree,P1,V_BOTH,training,mtc_discovery,scenario:routine_mtc:observation,603,27,0,all / identity / family / scenario overlap; never sum across group levels
6,6,0,0,0,6,1.0,1.0,deliverables/cross_endpoint_four_view_comparison_v1/results/summary/summary.csv,CSV row 290,four_view_small_tree,P1,V_BOTH_REL,batch_holdout_development,pilot18,EFFECTIVE_INTERVENTION,6,0,0,all / identity / family / scenario overlap; never sum across group levels
12,0,12,0,0,12,0.0,1.0,deliverables/cross_endpoint_four_view_comparison_v1/results/summary/summary.csv,CSV row 291,four_view_small_tree,P1,V_BOTH_REL,batch_holdout_development,pilot18,NORMAL,12,0,0,all / identity / family / scenario overlap; never sum across group levels
18,6,12,0,0,18,0.3333333333333333,1.0,deliverables/cross_endpoint_four_view_comparison_v1/results/summary/summary.csv,CSV row 292,four_view_small_tree,P1,V_BOTH_REL,batch_holdout_development,pilot18,all,18,0,0,all / identity / family / scenario overlap; never sum across group levels
3,3,0,0,0,3,1.0,1.0,deliverables/cross_endpoint_four_view_comparison_v1/results/summary/summary.csv,CSV row 293,four_view_small_tree,P1,V_BOTH_REL,batch_holdout_development,pilot18,family:Browser_language,3,0,0,all / identity / family / scenario overlap; never sum across group levels
3,3,0,0,0,3,1.0,1.0,deliverables/cross_endpoint_four_view_comparison_v1/results/summary/summary.csv,CSV row 294,four_view_small_tree,P1,V_BOTH_REL,batch_holdout_development,pilot18,family:Browser_timezone,3,0,0,all / identity / family / scenario overlap; never sum across group levels
3,3,0,0,0,3,1.0,1.0,deliverables/cross_endpoint_four_view_comparison_v1/results/summary/summary.csv,CSV row 295,four_view_small_tree,P1,V_BOTH_REL,batch_holdout_development,pilot18,scenario:language_fr:attack_active,3,0,0,all / identity / family / scenario overlap; never sum across group levels
3,0,3,0,0,3,0.0,1.0,deliverables/cross_endpoint_four_view_comparison_v1/results/summary/summary.csv,CSV row 296,four_view_small_tree,P1,V_BOTH_REL,batch_holdout_development,pilot18,scenario:language_fr:clean_post,3,0,0,all / identity / family / scenario overlap; never sum across group levels
3,0,3,0,0,3,0.0,1.0,deliverables/cross_endpoint_four_view_comparison_v1/results/summary/summary.csv,CSV row 297,four_view_small_tree,P1,V_BOTH_REL,batch_holdout_development,pilot18,scenario:language_fr:clean_pre,3,0,0,all / identity / family / scenario overlap; never sum across group levels
3,3,0,0,0,3,1.0,1.0,deliverables/cross_endpoint_four_view_comparison_v1/results/summary/summary.csv,CSV row 298,four_view_small_tree,P1,V_BOTH_REL,batch_holdout_development,pilot18,scenario:timezone_tokyo:attack_active,3,0,0,all / identity / family / scenario overlap; never sum across group levels
3,0,3,0,0,3,0.0,1.0,deliverables/cross_endpoint_four_view_comparison_v1/results/summary/summary.csv,CSV row 299,four_view_small_tree,P1,V_BOTH_REL,batch_holdout_development,pilot18,scenario:timezone_tokyo:clean_post,3,0,0,all / identity / family / scenario overlap; never sum across group levels
3,0,3,0,0,3,0.0,1.0,deliverables/cross_endpoint_four_view_comparison_v1/results/summary/summary.csv,CSV row 300,four_view_small_tree,P1,V_BOTH_REL,batch_holdout_development,pilot18,scenario:timezone_tokyo:clean_pre,3,0,0,all / identity / family / scenario overlap; never sum across group levels
144,0,144,0,0,144,0.0,1.0,deliverables/cross_endpoint_four_view_comparison_v1/results/summary/summary.csv,CSV row 301,four_view_small_tree,P1,V_BOTH_REL,historical_normal_evaluation,mtc_development,NORMAL,139,5,0,all / identity / family / scenario overlap; never sum across group levels
144,0,144,0,0,144,0.0,1.0,deliverables/cross_endpoint_four_view_comparison_v1/results/summary/summary.csv,CSV row 302,four_view_small_tree,P1,V_BOTH_REL,historical_normal_evaluation,mtc_development,all,139,5,0,all / identity / family / scenario overlap; never sum across group levels
144,0,144,0,0,144,0.0,1.0,deliverables/cross_endpoint_four_view_comparison_v1/results/summary/summary.csv,CSV row 303,four_view_small_tree,P1,V_BOTH_REL,historical_normal_evaluation,mtc_development,scenario:routine_mtc:observation,139,5,0,all / identity / family / scenario overlap; never sum across group levels
117,0,117,0,0,117,0.0,1.0,deliverables/cross_endpoint_four_view_comparison_v1/results/summary/summary.csv,CSV row 304,four_view_small_tree,P1,V_BOTH_REL,historical_normal_evaluation,mtc_reserved_validation,NORMAL,116,1,1,all / identity / family / scenario overlap; never sum across group levels
117,0,117,0,0,117,0.0,1.0,deliverables/cross_endpoint_four_view_comparison_v1/results/summary/summary.csv,CSV row 305,four_view_small_tree,P1,V_BOTH_REL,historical_normal_evaluation,mtc_reserved_validation,all,116,1,1,all / identity / family / scenario overlap; never sum across group levels
117,0,117,0,0,117,0.0,1.0,deliverables/cross_endpoint_four_view_comparison_v1/results/summary/summary.csv,CSV row 306,four_view_small_tree,P1,V_BOTH_REL,historical_normal_evaluation,mtc_reserved_validation,scenario:routine_mtc:observation,116,1,1,all / identity / family / scenario overlap; never sum across group levels
8,8,0,0,0,8,1.0,1.0,deliverables/cross_endpoint_four_view_comparison_v1/results/summary/summary.csv,CSV row 307,four_view_small_tree,P1,V_BOTH_REL,training,b2b42,EFFECTIVE_INTERVENTION,8,0,0,all / identity / family / scenario overlap; never sum across group levels
34,2,32,0,0,34,0.058823529411764705,1.0,deliverables/cross_endpoint_four_view_comparison_v1/results/summary/summary.csv,CSV row 308,four_view_small_tree,P1,V_BOTH_REL,training,b2b42,NORMAL,34,0,0,all / identity / family / scenario overlap; never sum across group levels
42,10,32,0,0,42,0.23809523809523808,1.0,deliverables/cross_endpoint_four_view_comparison_v1/results/summary/summary.csv,CSV row 309,four_view_small_tree,P1,V_BOTH_REL,training,b2b42,all,42,0,0,all / identity / family / scenario overlap; never sum across group levels
2,2,0,0,0,2,1.0,1.0,deliverables/cross_endpoint_four_view_comparison_v1/results/summary/summary.csv,CSV row 310,four_view_small_tree,P1,V_BOTH_REL,training,b2b42,family:App_language,2,0,0,all / identity / family / scenario overlap; never sum across group levels
2,2,0,0,0,2,1.0,1.0,deliverables/cross_endpoint_four_view_comparison_v1/results/summary/summary.csv,CSV row 311,four_view_small_tree,P1,V_BOTH_REL,training,b2b42,family:App_timezone,2,0,0,all / identity / family / scenario overlap; never sum across group levels
2,2,0,0,0,2,1.0,1.0,deliverables/cross_endpoint_four_view_comparison_v1/results/summary/summary.csv,CSV row 312,four_view_small_tree,P1,V_BOTH_REL,training,b2b42,family:Browser_language,2,0,0,all / identity / family / scenario overlap; never sum across group levels
2,2,0,0,0,2,1.0,1.0,deliverables/cross_endpoint_four_view_comparison_v1/results/summary/summary.csv,CSV row 313,four_view_small_tree,P1,V_BOTH_REL,training,b2b42,family:Browser_timezone,2,0,0,all / identity / family / scenario overlap; never sum across group levels
2,2,0,0,0,2,1.0,1.0,deliverables/cross_endpoint_four_view_comparison_v1/results/summary/summary.csv,CSV row 314,four_view_small_tree,P1,V_BOTH_REL,training,b2b42,scenario:A_APP_LANG:change,2,0,0,all / identity / family / scenario overlap; never sum across group levels
2,0,2,0,0,2,0.0,1.0,deliverables/cross_endpoint_four_view_comparison_v1/results/summary/summary.csv,CSV row 315,four_view_small_tree,P1,V_BOTH_REL,training,b2b42,scenario:A_APP_LANG:post,2,0,0,all / identity / family / scenario overlap; never sum across group levels
2,0,2,0,0,2,0.0,1.0,deliverables/cross_endpoint_four_view_comparison_v1/results/summary/summary.csv,CSV row 316,four_view_small_tree,P1,V_BOTH_REL,training,b2b42,scenario:A_APP_LANG:pre,2,0,0,all / identity / family / scenario overlap; never sum across group levels
2,2,0,0,0,2,1.0,1.0,deliverables/cross_endpoint_four_view_comparison_v1/results/summary/summary.csv,CSV row 317,four_view_small_tree,P1,V_BOTH_REL,training,b2b42,scenario:A_APP_TZ:change,2,0,0,all / identity / family / scenario overlap; never sum across group levels
2,0,2,0,0,2,0.0,1.0,deliverables/cross_endpoint_four_view_comparison_v1/results/summary/summary.csv,CSV row 318,four_view_small_tree,P1,V_BOTH_REL,training,b2b42,scenario:A_APP_TZ:post,2,0,0,all / identity / family / scenario overlap; never sum across group levels
2,0,2,0,0,2,0.0,1.0,deliverables/cross_endpoint_four_view_comparison_v1/results/summary/summary.csv,CSV row 319,four_view_small_tree,P1,V_BOTH_REL,training,b2b42,scenario:A_APP_TZ:pre,2,0,0,all / identity / family / scenario overlap; never sum across group levels
2,2,0,0,0,2,1.0,1.0,deliverables/cross_endpoint_four_view_comparison_v1/results/summary/summary.csv,CSV row 320,four_view_small_tree,P1,V_BOTH_REL,training,b2b42,scenario:A_BROWSER_LANG:change,2,0,0,all / identity / family / scenario overlap; never sum across group levels
2,0,2,0,0,2,0.0,1.0,deliverables/cross_endpoint_four_view_comparison_v1/results/summary/summary.csv,CSV row 321,four_view_small_tree,P1,V_BOTH_REL,training,b2b42,scenario:A_BROWSER_LANG:post,2,0,0,all / identity / family / scenario overlap; never sum across group levels
2,0,2,0,0,2,0.0,1.0,deliverables/cross_endpoint_four_view_comparison_v1/results/summary/summary.csv,CSV row 322,four_view_small_tree,P1,V_BOTH_REL,training,b2b42,scenario:A_BROWSER_LANG:pre,2,0,0,all / identity / family / scenario overlap; never sum across group levels
2,2,0,0,0,2,1.0,1.0,deliverables/cross_endpoint_four_view_comparison_v1/results/summary/summary.csv,CSV row 323,four_view_small_tree,P1,V_BOTH_REL,training,b2b42,scenario:A_BROWSER_TZ:change,2,0,0,all / identity / family / scenario overlap; never sum across group levels
2,0,2,0,0,2,0.0,1.0,deliverables/cross_endpoint_four_view_comparison_v1/results/summary/summary.csv,CSV row 324,four_view_small_tree,P1,V_BOTH_REL,training,b2b42,scenario:A_BROWSER_TZ:post,2,0,0,all / identity / family / scenario overlap; never sum across group levels
2,0,2,0,0,2,0.0,1.0,deliverables/cross_endpoint_four_view_comparison_v1/results/summary/summary.csv,CSV row 325,four_view_small_tree,P1,V_BOTH_REL,training,b2b42,scenario:A_BROWSER_TZ:pre,2,0,0,all / identity / family / scenario overlap; never sum across group levels
2,2,0,0,0,2,1.0,1.0,deliverables/cross_endpoint_four_view_comparison_v1/results/summary/summary.csv,CSV row 326,four_view_small_tree,P1,V_BOTH_REL,training,b2b42,scenario:L_BROWSER_LANG:change,2,0,0,all / identity / family / scenario overlap; never sum across group levels
2,0,2,0,0,2,0.0,1.0,deliverables/cross_endpoint_four_view_comparison_v1/results/summary/summary.csv,CSV row 327,four_view_small_tree,P1,V_BOTH_REL,training,b2b42,scenario:L_BROWSER_LANG:post,2,0,0,all / identity / family / scenario overlap; never sum across group levels
2,0,2,0,0,2,0.0,1.0,deliverables/cross_endpoint_four_view_comparison_v1/results/summary/summary.csv,CSV row 328,four_view_small_tree,P1,V_BOTH_REL,training,b2b42,scenario:L_BROWSER_LANG:pre,2,0,0,all / identity / family / scenario overlap; never sum across group levels
2,0,2,0,0,2,0.0,1.0,deliverables/cross_endpoint_four_view_comparison_v1/results/summary/summary.csv,CSV row 329,four_view_small_tree,P1,V_BOTH_REL,training,b2b42,scenario:L_SYS_LANG:change,2,0,0,all / identity / family / scenario overlap; never sum across group levels
2,0,2,0,0,2,0.0,1.0,deliverables/cross_endpoint_four_view_comparison_v1/results/summary/summary.csv,CSV row 330,four_view_small_tree,P1,V_BOTH_REL,training,b2b42,scenario:L_SYS_LANG:post,2,0,0,all / identity / family / scenario overlap; never sum across group levels
2,0,2,0,0,2,0.0,1.0,deliverables/cross_endpoint_four_view_comparison_v1/results/summary/summary.csv,CSV row 331,four_view_small_tree,P1,V_BOTH_REL,training,b2b42,scenario:L_SYS_LANG:pre,2,0,0,all / identity / family / scenario overlap; never sum across group levels
2,0,2,0,0,2,0.0,1.0,deliverables/cross_endpoint_four_view_comparison_v1/results/summary/summary.csv,CSV row 332,four_view_small_tree,P1,V_BOTH_REL,training,b2b42,scenario:L_SYS_TZ:change,2,0,0,all / identity / family / scenario overlap; never sum across group levels
2,0,2,0,0,2,0.0,1.0,deliverables/cross_endpoint_four_view_comparison_v1/results/summary/summary.csv,CSV row 333,four_view_small_tree,P1,V_BOTH_REL,training,b2b42,scenario:L_SYS_TZ:post,2,0,0,all / identity / family / scenario overlap; never sum across group levels
2,0,2,0,0,2,0.0,1.0,deliverables/cross_endpoint_four_view_comparison_v1/results/summary/summary.csv,CSV row 334,four_view_small_tree,P1,V_BOTH_REL,training,b2b42,scenario:L_SYS_TZ:pre,2,0,0,all / identity / family / scenario overlap; never sum across group levels
630,0,630,0,0,630,0.0,1.0,deliverables/cross_endpoint_four_view_comparison_v1/results/summary/summary.csv,CSV row 335,four_view_small_tree,P1,V_BOTH_REL,training,mtc_discovery,NORMAL,603,27,0,all / identity / family / scenario overlap; never sum across group levels
630,0,630,0,0,630,0.0,1.0,deliverables/cross_endpoint_four_view_comparison_v1/results/summary/summary.csv,CSV row 336,four_view_small_tree,P1,V_BOTH_REL,training,mtc_discovery,all,603,27,0,all / identity / family / scenario overlap; never sum across group levels
630,0,630,0,0,630,0.0,1.0,deliverables/cross_endpoint_four_view_comparison_v1/results/summary/summary.csv,CSV row 337,four_view_small_tree,P1,V_BOTH_REL,training,mtc_discovery,scenario:routine_mtc:observation,603,27,0,all / identity / family / scenario overlap; never sum across group levels
6,6,0,0,0,6,1.0,1.0,deliverables/cross_endpoint_four_view_comparison_v1/results/summary/summary.csv,CSV row 338,four_view_small_tree,P1,V_BROWSER,batch_holdout_development,pilot18,EFFECTIVE_INTERVENTION,6,0,0,all / identity / family / scenario overlap; never sum across group levels
12,12,0,0,0,12,1.0,1.0,deliverables/cross_endpoint_four_view_comparison_v1/results/summary/summary.csv,CSV row 339,four_view_small_tree,P1,V_BROWSER,batch_holdout_development,pilot18,NORMAL,12,0,0,all / identity / family / scenario overlap; never sum across group levels
18,18,0,0,0,18,1.0,1.0,deliverables/cross_endpoint_four_view_comparison_v1/results/summary/summary.csv,CSV row 340,four_view_small_tree,P1,V_BROWSER,batch_holdout_development,pilot18,all,18,0,0,all / identity / family / scenario overlap; never sum across group levels
3,3,0,0,0,3,1.0,1.0,deliverables/cross_endpoint_four_view_comparison_v1/results/summary/summary.csv,CSV row 341,four_view_small_tree,P1,V_BROWSER,batch_holdout_development,pilot18,family:Browser_language,3,0,0,all / identity / family / scenario overlap; never sum across group levels
3,3,0,0,0,3,1.0,1.0,deliverables/cross_endpoint_four_view_comparison_v1/results/summary/summary.csv,CSV row 342,four_view_small_tree,P1,V_BROWSER,batch_holdout_development,pilot18,family:Browser_timezone,3,0,0,all / identity / family / scenario overlap; never sum across group levels
3,3,0,0,0,3,1.0,1.0,deliverables/cross_endpoint_four_view_comparison_v1/results/summary/summary.csv,CSV row 343,four_view_small_tree,P1,V_BROWSER,batch_holdout_development,pilot18,scenario:language_fr:attack_active,3,0,0,all / identity / family / scenario overlap; never sum across group levels
3,3,0,0,0,3,1.0,1.0,deliverables/cross_endpoint_four_view_comparison_v1/results/summary/summary.csv,CSV row 344,four_view_small_tree,P1,V_BROWSER,batch_holdout_development,pilot18,scenario:language_fr:clean_post,3,0,0,all / identity / family / scenario overlap; never sum across group levels
3,3,0,0,0,3,1.0,1.0,deliverables/cross_endpoint_four_view_comparison_v1/results/summary/summary.csv,CSV row 345,four_view_small_tree,P1,V_BROWSER,batch_holdout_development,pilot18,scenario:language_fr:clean_pre,3,0,0,all / identity / family / scenario overlap; never sum across group levels
3,3,0,0,0,3,1.0,1.0,deliverables/cross_endpoint_four_view_comparison_v1/results/summary/summary.csv,CSV row 346,four_view_small_tree,P1,V_BROWSER,batch_holdout_development,pilot18,scenario:timezone_tokyo:attack_active,3,0,0,all / identity / family / scenario overlap; never sum across group levels
3,3,0,0,0,3,1.0,1.0,deliverables/cross_endpoint_four_view_comparison_v1/results/summary/summary.csv,CSV row 347,four_view_small_tree,P1,V_BROWSER,batch_holdout_development,pilot18,scenario:timezone_tokyo:clean_post,3,0,0,all / identity / family / scenario overlap; never sum across group levels
3,3,0,0,0,3,1.0,1.0,deliverables/cross_endpoint_four_view_comparison_v1/results/summary/summary.csv,CSV row 348,four_view_small_tree,P1,V_BROWSER,batch_holdout_development,pilot18,scenario:timezone_tokyo:clean_pre,3,0,0,all / identity / family / scenario overlap; never sum across group levels
144,1,143,0,0,144,0.006944444444444444,1.0,deliverables/cross_endpoint_four_view_comparison_v1/results/summary/summary.csv,CSV row 349,four_view_small_tree,P1,V_BROWSER,historical_normal_evaluation,mtc_development,NORMAL,139,5,0,all / identity / family / scenario overlap; never sum across group levels
144,1,143,0,0,144,0.006944444444444444,1.0,deliverables/cross_endpoint_four_view_comparison_v1/results/summary/summary.csv,CSV row 350,four_view_small_tree,P1,V_BROWSER,historical_normal_evaluation,mtc_development,all,139,5,0,all / identity / family / scenario overlap; never sum across group levels
144,1,143,0,0,144,0.006944444444444444,1.0,deliverables/cross_endpoint_four_view_comparison_v1/results/summary/summary.csv,CSV row 351,four_view_small_tree,P1,V_BROWSER,historical_normal_evaluation,mtc_development,scenario:routine_mtc:observation,139,5,0,all / identity / family / scenario overlap; never sum across group levels
117,2,115,0,0,117,0.017094017094017096,1.0,deliverables/cross_endpoint_four_view_comparison_v1/results/summary/summary.csv,CSV row 352,four_view_small_tree,P1,V_BROWSER,historical_normal_evaluation,mtc_reserved_validation,NORMAL,116,1,1,all / identity / family / scenario overlap; never sum across group levels
117,2,115,0,0,117,0.017094017094017096,1.0,deliverables/cross_endpoint_four_view_comparison_v1/results/summary/summary.csv,CSV row 353,four_view_small_tree,P1,V_BROWSER,historical_normal_evaluation,mtc_reserved_validation,all,116,1,1,all / identity / family / scenario overlap; never sum across group levels
117,2,115,0,0,117,0.017094017094017096,1.0,deliverables/cross_endpoint_four_view_comparison_v1/results/summary/summary.csv,CSV row 354,four_view_small_tree,P1,V_BROWSER,historical_normal_evaluation,mtc_reserved_validation,scenario:routine_mtc:observation,116,1,1,all / identity / family / scenario overlap; never sum across group levels
8,8,0,0,0,8,1.0,1.0,deliverables/cross_endpoint_four_view_comparison_v1/results/summary/summary.csv,CSV row 355,four_view_small_tree,P1,V_BROWSER,training,b2b42,EFFECTIVE_INTERVENTION,8,0,0,all / identity / family / scenario overlap; never sum across group levels
34,34,0,0,0,34,1.0,1.0,deliverables/cross_endpoint_four_view_comparison_v1/results/summary/summary.csv,CSV row 356,four_view_small_tree,P1,V_BROWSER,training,b2b42,NORMAL,34,0,0,all / identity / family / scenario overlap; never sum across group levels
42,42,0,0,0,42,1.0,1.0,deliverables/cross_endpoint_four_view_comparison_v1/results/summary/summary.csv,CSV row 357,four_view_small_tree,P1,V_BROWSER,training,b2b42,all,42,0,0,all / identity / family / scenario overlap; never sum across group levels
2,2,0,0,0,2,1.0,1.0,deliverables/cross_endpoint_four_view_comparison_v1/results/summary/summary.csv,CSV row 358,four_view_small_tree,P1,V_BROWSER,training,b2b42,family:App_language,2,0,0,all / identity / family / scenario overlap; never sum across group levels
2,2,0,0,0,2,1.0,1.0,deliverables/cross_endpoint_four_view_comparison_v1/results/summary/summary.csv,CSV row 359,four_view_small_tree,P1,V_BROWSER,training,b2b42,family:App_timezone,2,0,0,all / identity / family / scenario overlap; never sum across group levels
2,2,0,0,0,2,1.0,1.0,deliverables/cross_endpoint_four_view_comparison_v1/results/summary/summary.csv,CSV row 360,four_view_small_tree,P1,V_BROWSER,training,b2b42,family:Browser_language,2,0,0,all / identity / family / scenario overlap; never sum across group levels
2,2,0,0,0,2,1.0,1.0,deliverables/cross_endpoint_four_view_comparison_v1/results/summary/summary.csv,CSV row 361,four_view_small_tree,P1,V_BROWSER,training,b2b42,family:Browser_timezone,2,0,0,all / identity / family / scenario overlap; never sum across group levels
2,2,0,0,0,2,1.0,1.0,deliverables/cross_endpoint_four_view_comparison_v1/results/summary/summary.csv,CSV row 362,four_view_small_tree,P1,V_BROWSER,training,b2b42,scenario:A_APP_LANG:change,2,0,0,all / identity / family / scenario overlap; never sum across group levels
2,2,0,0,0,2,1.0,1.0,deliverables/cross_endpoint_four_view_comparison_v1/results/summary/summary.csv,CSV row 363,four_view_small_tree,P1,V_BROWSER,training,b2b42,scenario:A_APP_LANG:post,2,0,0,all / identity / family / scenario overlap; never sum across group levels
2,2,0,0,0,2,1.0,1.0,deliverables/cross_endpoint_four_view_comparison_v1/results/summary/summary.csv,CSV row 364,four_view_small_tree,P1,V_BROWSER,training,b2b42,scenario:A_APP_LANG:pre,2,0,0,all / identity / family / scenario overlap; never sum across group levels
2,2,0,0,0,2,1.0,1.0,deliverables/cross_endpoint_four_view_comparison_v1/results/summary/summary.csv,CSV row 365,four_view_small_tree,P1,V_BROWSER,training,b2b42,scenario:A_APP_TZ:change,2,0,0,all / identity / family / scenario overlap; never sum across group levels
2,2,0,0,0,2,1.0,1.0,deliverables/cross_endpoint_four_view_comparison_v1/results/summary/summary.csv,CSV row 366,four_view_small_tree,P1,V_BROWSER,training,b2b42,scenario:A_APP_TZ:post,2,0,0,all / identity / family / scenario overlap; never sum across group levels
2,2,0,0,0,2,1.0,1.0,deliverables/cross_endpoint_four_view_comparison_v1/results/summary/summary.csv,CSV row 367,four_view_small_tree,P1,V_BROWSER,training,b2b42,scenario:A_APP_TZ:pre,2,0,0,all / identity / family / scenario overlap; never sum across group levels
2,2,0,0,0,2,1.0,1.0,deliverables/cross_endpoint_four_view_comparison_v1/results/summary/summary.csv,CSV row 368,four_view_small_tree,P1,V_BROWSER,training,b2b42,scenario:A_BROWSER_LANG:change,2,0,0,all / identity / family / scenario overlap; never sum across group levels
2,2,0,0,0,2,1.0,1.0,deliverables/cross_endpoint_four_view_comparison_v1/results/summary/summary.csv,CSV row 369,four_view_small_tree,P1,V_BROWSER,training,b2b42,scenario:A_BROWSER_LANG:post,2,0,0,all / identity / family / scenario overlap; never sum across group levels
2,2,0,0,0,2,1.0,1.0,deliverables/cross_endpoint_four_view_comparison_v1/results/summary/summary.csv,CSV row 370,four_view_small_tree,P1,V_BROWSER,training,b2b42,scenario:A_BROWSER_LANG:pre,2,0,0,all / identity / family / scenario overlap; never sum across group levels
2,2,0,0,0,2,1.0,1.0,deliverables/cross_endpoint_four_view_comparison_v1/results/summary/summary.csv,CSV row 371,four_view_small_tree,P1,V_BROWSER,training,b2b42,scenario:A_BROWSER_TZ:change,2,0,0,all / identity / family / scenario overlap; never sum across group levels
2,2,0,0,0,2,1.0,1.0,deliverables/cross_endpoint_four_view_comparison_v1/results/summary/summary.csv,CSV row 372,four_view_small_tree,P1,V_BROWSER,training,b2b42,scenario:A_BROWSER_TZ:post,2,0,0,all / identity / family / scenario overlap; never sum across group levels
2,2,0,0,0,2,1.0,1.0,deliverables/cross_endpoint_four_view_comparison_v1/results/summary/summary.csv,CSV row 373,four_view_small_tree,P1,V_BROWSER,training,b2b42,scenario:A_BROWSER_TZ:pre,2,0,0,all / identity / family / scenario overlap; never sum across group levels
2,2,0,0,0,2,1.0,1.0,deliverables/cross_endpoint_four_view_comparison_v1/results/summary/summary.csv,CSV row 374,four_view_small_tree,P1,V_BROWSER,training,b2b42,scenario:L_BROWSER_LANG:change,2,0,0,all / identity / family / scenario overlap; never sum across group levels
2,2,0,0,0,2,1.0,1.0,deliverables/cross_endpoint_four_view_comparison_v1/results/summary/summary.csv,CSV row 375,four_view_small_tree,P1,V_BROWSER,training,b2b42,scenario:L_BROWSER_LANG:post,2,0,0,all / identity / family / scenario overlap; never sum across group levels
2,2,0,0,0,2,1.0,1.0,deliverables/cross_endpoint_four_view_comparison_v1/results/summary/summary.csv,CSV row 376,four_view_small_tree,P1,V_BROWSER,training,b2b42,scenario:L_BROWSER_LANG:pre,2,0,0,all / identity / family / scenario overlap; never sum across group levels
2,2,0,0,0,2,1.0,1.0,deliverables/cross_endpoint_four_view_comparison_v1/results/summary/summary.csv,CSV row 377,four_view_small_tree,P1,V_BROWSER,training,b2b42,scenario:L_SYS_LANG:change,2,0,0,all / identity / family / scenario overlap; never sum across group levels
2,2,0,0,0,2,1.0,1.0,deliverables/cross_endpoint_four_view_comparison_v1/results/summary/summary.csv,CSV row 378,four_view_small_tree,P1,V_BROWSER,training,b2b42,scenario:L_SYS_LANG:post,2,0,0,all / identity / family / scenario overlap; never sum across group levels
2,2,0,0,0,2,1.0,1.0,deliverables/cross_endpoint_four_view_comparison_v1/results/summary/summary.csv,CSV row 379,four_view_small_tree,P1,V_BROWSER,training,b2b42,scenario:L_SYS_LANG:pre,2,0,0,all / identity / family / scenario overlap; never sum across group levels
2,2,0,0,0,2,1.0,1.0,deliverables/cross_endpoint_four_view_comparison_v1/results/summary/summary.csv,CSV row 380,four_view_small_tree,P1,V_BROWSER,training,b2b42,scenario:L_SYS_TZ:change,2,0,0,all / identity / family / scenario overlap; never sum across group levels
2,2,0,0,0,2,1.0,1.0,deliverables/cross_endpoint_four_view_comparison_v1/results/summary/summary.csv,CSV row 381,four_view_small_tree,P1,V_BROWSER,training,b2b42,scenario:L_SYS_TZ:post,2,0,0,all / identity / family / scenario overlap; never sum across group levels
2,2,0,0,0,2,1.0,1.0,deliverables/cross_endpoint_four_view_comparison_v1/results/summary/summary.csv,CSV row 382,four_view_small_tree,P1,V_BROWSER,training,b2b42,scenario:L_SYS_TZ:pre,2,0,0,all / identity / family / scenario overlap; never sum across group levels
630,3,627,0,0,630,0.004761904761904762,1.0,deliverables/cross_endpoint_four_view_comparison_v1/results/summary/summary.csv,CSV row 383,four_view_small_tree,P1,V_BROWSER,training,mtc_discovery,NORMAL,605,25,0,all / identity / family / scenario overlap; never sum across group levels
630,3,627,0,0,630,0.004761904761904762,1.0,deliverables/cross_endpoint_four_view_comparison_v1/results/summary/summary.csv,CSV row 384,four_view_small_tree,P1,V_BROWSER,training,mtc_discovery,all,605,25,0,all / identity / family / scenario overlap; never sum across group levels
630,3,627,0,0,630,0.004761904761904762,1.0,deliverables/cross_endpoint_four_view_comparison_v1/results/summary/summary.csv,CSV row 385,four_view_small_tree,P1,V_BROWSER,training,mtc_discovery,scenario:routine_mtc:observation,605,25,0,all / identity / family / scenario overlap; never sum across group levels
8,8,0,0,0,8,1.0,1.0,deliverables/cross_endpoint_four_view_comparison_v1/results/summary/summary.csv,CSV row 386,four_view_small_tree,P2,V_APP,batch_holdout_development,b2b42,EFFECTIVE_INTERVENTION,8,0,2,all / identity / family / scenario overlap; never sum across group levels
34,32,2,0,0,34,0.9411764705882353,1.0,deliverables/cross_endpoint_four_view_comparison_v1/results/summary/summary.csv,CSV row 387,four_view_small_tree,P2,V_APP,batch_holdout_development,b2b42,NORMAL,34,0,4,all / identity / family / scenario overlap; never sum across group levels
42,40,2,0,0,42,0.9523809523809523,1.0,deliverables/cross_endpoint_four_view_comparison_v1/results/summary/summary.csv,CSV row 388,four_view_small_tree,P2,V_APP,batch_holdout_development,b2b42,all,42,0,6,all / identity / family / scenario overlap; never sum across group levels
2,2,0,0,0,2,1.0,1.0,deliverables/cross_endpoint_four_view_comparison_v1/results/summary/summary.csv,CSV row 389,four_view_small_tree,P2,V_APP,batch_holdout_development,b2b42,family:App_language,2,0,2,all / identity / family / scenario overlap; never sum across group levels
2,2,0,0,0,2,1.0,1.0,deliverables/cross_endpoint_four_view_comparison_v1/results/summary/summary.csv,CSV row 390,four_view_small_tree,P2,V_APP,batch_holdout_development,b2b42,family:App_timezone,2,0,0,all / identity / family / scenario overlap; never sum across group levels
2,2,0,0,0,2,1.0,1.0,deliverables/cross_endpoint_four_view_comparison_v1/results/summary/summary.csv,CSV row 391,four_view_small_tree,P2,V_APP,batch_holdout_development,b2b42,family:Browser_language,2,0,0,all / identity / family / scenario overlap; never sum across group levels
2,2,0,0,0,2,1.0,1.0,deliverables/cross_endpoint_four_view_comparison_v1/results/summary/summary.csv,CSV row 392,four_view_small_tree,P2,V_APP,batch_holdout_development,b2b42,family:Browser_timezone,2,0,0,all / identity / family / scenario overlap; never sum across group levels
2,2,0,0,0,2,1.0,1.0,deliverables/cross_endpoint_four_view_comparison_v1/results/summary/summary.csv,CSV row 393,four_view_small_tree,P2,V_APP,batch_holdout_development,b2b42,scenario:A_APP_LANG:change,2,0,2,all / identity / family / scenario overlap; never sum across group levels
2,2,0,0,0,2,1.0,1.0,deliverables/cross_endpoint_four_view_comparison_v1/results/summary/summary.csv,CSV row 394,four_view_small_tree,P2,V_APP,batch_holdout_development,b2b42,scenario:A_APP_LANG:post,2,0,0,all / identity / family / scenario overlap; never sum across group levels
2,2,0,0,0,2,1.0,1.0,deliverables/cross_endpoint_four_view_comparison_v1/results/summary/summary.csv,CSV row 395,four_view_small_tree,P2,V_APP,batch_holdout_development,b2b42,scenario:A_APP_LANG:pre,2,0,0,all / identity / family / scenario overlap; never sum across group levels
2,2,0,0,0,2,1.0,1.0,deliverables/cross_endpoint_four_view_comparison_v1/results/summary/summary.csv,CSV row 396,four_view_small_tree,P2,V_APP,batch_holdout_development,b2b42,scenario:A_APP_TZ:change,2,0,0,all / identity / family / scenario overlap; never sum across group levels
2,2,0,0,0,2,1.0,1.0,deliverables/cross_endpoint_four_view_comparison_v1/results/summary/summary.csv,CSV row 397,four_view_small_tree,P2,V_APP,batch_holdout_development,b2b42,scenario:A_APP_TZ:post,2,0,0,all / identity / family / scenario overlap; never sum across group levels
2,2,0,0,0,2,1.0,1.0,deliverables/cross_endpoint_four_view_comparison_v1/results/summary/summary.csv,CSV row 398,four_view_small_tree,P2,V_APP,batch_holdout_development,b2b42,scenario:A_APP_TZ:pre,2,0,0,all / identity / family / scenario overlap; never sum across group levels
2,2,0,0,0,2,1.0,1.0,deliverables/cross_endpoint_four_view_comparison_v1/results/summary/summary.csv,CSV row 399,four_view_small_tree,P2,V_APP,batch_holdout_development,b2b42,scenario:A_BROWSER_LANG:change,2,0,0,all / identity / family / scenario overlap; never sum across group levels
2,2,0,0,0,2,1.0,1.0,deliverables/cross_endpoint_four_view_comparison_v1/results/summary/summary.csv,CSV row 400,four_view_small_tree,P2,V_APP,batch_holdout_development,b2b42,scenario:A_BROWSER_LANG:post,2,0,0,all / identity / family / scenario overlap; never sum across group levels
2,2,0,0,0,2,1.0,1.0,deliverables/cross_endpoint_four_view_comparison_v1/results/summary/summary.csv,CSV row 401,four_view_small_tree,P2,V_APP,batch_holdout_development,b2b42,scenario:A_BROWSER_LANG:pre,2,0,0,all / identity / family / scenario overlap; never sum across group levels
2,2,0,0,0,2,1.0,1.0,deliverables/cross_endpoint_four_view_comparison_v1/results/summary/summary.csv,CSV row 402,four_view_small_tree,P2,V_APP,batch_holdout_development,b2b42,scenario:A_BROWSER_TZ:change,2,0,0,all / identity / family / scenario overlap; never sum across group levels
2,2,0,0,0,2,1.0,1.0,deliverables/cross_endpoint_four_view_comparison_v1/results/summary/summary.csv,CSV row 403,four_view_small_tree,P2,V_APP,batch_holdout_development,b2b42,scenario:A_BROWSER_TZ:post,2,0,0,all / identity / family / scenario overlap; never sum across group levels
2,2,0,0,0,2,1.0,1.0,deliverables/cross_endpoint_four_view_comparison_v1/results/summary/summary.csv,CSV row 404,four_view_small_tree,P2,V_APP,batch_holdout_development,b2b42,scenario:A_BROWSER_TZ:pre,2,0,0,all / identity / family / scenario overlap; never sum across group levels
2,2,0,0,0,2,1.0,1.0,deliverables/cross_endpoint_four_view_comparison_v1/results/summary/summary.csv,CSV row 405,four_view_small_tree,P2,V_APP,batch_holdout_development,b2b42,scenario:L_BROWSER_LANG:change,2,0,0,all / identity / family / scenario overlap; never sum across group levels
2,2,0,0,0,2,1.0,1.0,deliverables/cross_endpoint_four_view_comparison_v1/results/summary/summary.csv,CSV row 406,four_view_small_tree,P2,V_APP,batch_holdout_development,b2b42,scenario:L_BROWSER_LANG:post,2,0,0,all / identity / family / scenario overlap; never sum across group levels
2,2,0,0,0,2,1.0,1.0,deliverables/cross_endpoint_four_view_comparison_v1/results/summary/summary.csv,CSV row 407,four_view_small_tree,P2,V_APP,batch_holdout_development,b2b42,scenario:L_BROWSER_LANG:pre,2,0,0,all / identity / family / scenario overlap; never sum across group levels
2,0,2,0,0,2,0.0,1.0,deliverables/cross_endpoint_four_view_comparison_v1/results/summary/summary.csv,CSV row 408,four_view_small_tree,P2,V_APP,batch_holdout_development,b2b42,scenario:L_SYS_LANG:change,2,0,2,all / identity / family / scenario overlap; never sum across group levels
2,2,0,0,0,2,1.0,1.0,deliverables/cross_endpoint_four_view_comparison_v1/results/summary/summary.csv,CSV row 409,four_view_small_tree,P2,V_APP,batch_holdout_development,b2b42,scenario:L_SYS_LANG:post,2,0,0,all / identity / family / scenario overlap; never sum across group levels
2,2,0,0,0,2,1.0,1.0,deliverables/cross_endpoint_four_view_comparison_v1/results/summary/summary.csv,CSV row 410,four_view_small_tree,P2,V_APP,batch_holdout_development,b2b42,scenario:L_SYS_LANG:pre,2,0,0,all / identity / family / scenario overlap; never sum across group levels
2,2,0,0,0,2,1.0,1.0,deliverables/cross_endpoint_four_view_comparison_v1/results/summary/summary.csv,CSV row 411,four_view_small_tree,P2,V_APP,batch_holdout_development,b2b42,scenario:L_SYS_TZ:change,2,0,2,all / identity / family / scenario overlap; never sum across group levels
2,2,0,0,0,2,1.0,1.0,deliverables/cross_endpoint_four_view_comparison_v1/results/summary/summary.csv,CSV row 412,four_view_small_tree,P2,V_APP,batch_holdout_development,b2b42,scenario:L_SYS_TZ:post,2,0,0,all / identity / family / scenario overlap; never sum across group levels
2,2,0,0,0,2,1.0,1.0,deliverables/cross_endpoint_four_view_comparison_v1/results/summary/summary.csv,CSV row 413,four_view_small_tree,P2,V_APP,batch_holdout_development,b2b42,scenario:L_SYS_TZ:pre,2,0,0,all / identity / family / scenario overlap; never sum across group levels
144,0,144,0,0,144,0.0,1.0,deliverables/cross_endpoint_four_view_comparison_v1/results/summary/summary.csv,CSV row 414,four_view_small_tree,P2,V_APP,historical_normal_evaluation,mtc_development,NORMAL,143,1,0,all / identity / family / scenario overlap; never sum across group levels
144,0,144,0,0,144,0.0,1.0,deliverables/cross_endpoint_four_view_comparison_v1/results/summary/summary.csv,CSV row 415,four_view_small_tree,P2,V_APP,historical_normal_evaluation,mtc_development,all,143,1,0,all / identity / family / scenario overlap; never sum across group levels
144,0,144,0,0,144,0.0,1.0,deliverables/cross_endpoint_four_view_comparison_v1/results/summary/summary.csv,CSV row 416,four_view_small_tree,P2,V_APP,historical_normal_evaluation,mtc_development,scenario:routine_mtc:observation,143,1,0,all / identity / family / scenario overlap; never sum across group levels
117,0,117,0,0,117,0.0,1.0,deliverables/cross_endpoint_four_view_comparison_v1/results/summary/summary.csv,CSV row 417,four_view_small_tree,P2,V_APP,historical_normal_evaluation,mtc_reserved_validation,NORMAL,117,0,1,all / identity / family / scenario overlap; never sum across group levels
117,0,117,0,0,117,0.0,1.0,deliverables/cross_endpoint_four_view_comparison_v1/results/summary/summary.csv,CSV row 418,four_view_small_tree,P2,V_APP,historical_normal_evaluation,mtc_reserved_validation,all,117,0,1,all / identity / family / scenario overlap; never sum across group levels
117,0,117,0,0,117,0.0,1.0,deliverables/cross_endpoint_four_view_comparison_v1/results/summary/summary.csv,CSV row 419,four_view_small_tree,P2,V_APP,historical_normal_evaluation,mtc_reserved_validation,scenario:routine_mtc:observation,117,0,1,all / identity / family / scenario overlap; never sum across group levels
630,0,630,0,0,630,0.0,1.0,deliverables/cross_endpoint_four_view_comparison_v1/results/summary/summary.csv,CSV row 420,four_view_small_tree,P2,V_APP,training,mtc_discovery,NORMAL,627,3,0,all / identity / family / scenario overlap; never sum across group levels
630,0,630,0,0,630,0.0,1.0,deliverables/cross_endpoint_four_view_comparison_v1/results/summary/summary.csv,CSV row 421,four_view_small_tree,P2,V_APP,training,mtc_discovery,all,627,3,0,all / identity / family / scenario overlap; never sum across group levels
630,0,630,0,0,630,0.0,1.0,deliverables/cross_endpoint_four_view_comparison_v1/results/summary/summary.csv,CSV row 422,four_view_small_tree,P2,V_APP,training,mtc_discovery,scenario:routine_mtc:observation,627,3,0,all / identity / family / scenario overlap; never sum across group levels
6,6,0,0,0,6,1.0,1.0,deliverables/cross_endpoint_four_view_comparison_v1/results/summary/summary.csv,CSV row 423,four_view_small_tree,P2,V_APP,training,pilot18,EFFECTIVE_INTERVENTION,6,0,0,all / identity / family / scenario overlap; never sum across group levels
12,12,0,0,0,12,1.0,1.0,deliverables/cross_endpoint_four_view_comparison_v1/results/summary/summary.csv,CSV row 424,four_view_small_tree,P2,V_APP,training,pilot18,NORMAL,12,0,0,all / identity / family / scenario overlap; never sum across group levels
18,18,0,0,0,18,1.0,1.0,deliverables/cross_endpoint_four_view_comparison_v1/results/summary/summary.csv,CSV row 425,four_view_small_tree,P2,V_APP,training,pilot18,all,18,0,0,all / identity / family / scenario overlap; never sum across group levels
3,3,0,0,0,3,1.0,1.0,deliverables/cross_endpoint_four_view_comparison_v1/results/summary/summary.csv,CSV row 426,four_view_small_tree,P2,V_APP,training,pilot18,family:Browser_language,3,0,0,all / identity / family / scenario overlap; never sum across group levels
3,3,0,0,0,3,1.0,1.0,deliverables/cross_endpoint_four_view_comparison_v1/results/summary/summary.csv,CSV row 427,four_view_small_tree,P2,V_APP,training,pilot18,family:Browser_timezone,3,0,0,all / identity / family / scenario overlap; never sum across group levels
3,3,0,0,0,3,1.0,1.0,deliverables/cross_endpoint_four_view_comparison_v1/results/summary/summary.csv,CSV row 428,four_view_small_tree,P2,V_APP,training,pilot18,scenario:language_fr:attack_active,3,0,0,all / identity / family / scenario overlap; never sum across group levels
3,3,0,0,0,3,1.0,1.0,deliverables/cross_endpoint_four_view_comparison_v1/results/summary/summary.csv,CSV row 429,four_view_small_tree,P2,V_APP,training,pilot18,scenario:language_fr:clean_post,3,0,0,all / identity / family / scenario overlap; never sum across group levels
3,3,0,0,0,3,1.0,1.0,deliverables/cross_endpoint_four_view_comparison_v1/results/summary/summary.csv,CSV row 430,four_view_small_tree,P2,V_APP,training,pilot18,scenario:language_fr:clean_pre,3,0,0,all / identity / family / scenario overlap; never sum across group levels
3,3,0,0,0,3,1.0,1.0,deliverables/cross_endpoint_four_view_comparison_v1/results/summary/summary.csv,CSV row 431,four_view_small_tree,P2,V_APP,training,pilot18,scenario:timezone_tokyo:attack_active,3,0,0,all / identity / family / scenario overlap; never sum across group levels
3,3,0,0,0,3,1.0,1.0,deliverables/cross_endpoint_four_view_comparison_v1/results/summary/summary.csv,CSV row 432,four_view_small_tree,P2,V_APP,training,pilot18,scenario:timezone_tokyo:clean_post,3,0,0,all / identity / family / scenario overlap; never sum across group levels
3,3,0,0,0,3,1.0,1.0,deliverables/cross_endpoint_four_view_comparison_v1/results/summary/summary.csv,CSV row 433,four_view_small_tree,P2,V_APP,training,pilot18,scenario:timezone_tokyo:clean_pre,3,0,0,all / identity / family / scenario overlap; never sum across group levels
8,4,4,0,0,8,0.5,1.0,deliverables/cross_endpoint_four_view_comparison_v1/results/summary/summary.csv,CSV row 434,four_view_small_tree,P2,V_BOTH,batch_holdout_development,b2b42,EFFECTIVE_INTERVENTION,8,0,2,all / identity / family / scenario overlap; never sum across group levels
34,6,28,0,0,34,0.17647058823529413,1.0,deliverables/cross_endpoint_four_view_comparison_v1/results/summary/summary.csv,CSV row 435,four_view_small_tree,P2,V_BOTH,batch_holdout_development,b2b42,NORMAL,34,0,4,all / identity / family / scenario overlap; never sum across group levels
42,10,32,0,0,42,0.23809523809523808,1.0,deliverables/cross_endpoint_four_view_comparison_v1/results/summary/summary.csv,CSV row 436,four_view_small_tree,P2,V_BOTH,batch_holdout_development,b2b42,all,42,0,6,all / identity / family / scenario overlap; never sum across group levels
2,0,2,0,0,2,0.0,1.0,deliverables/cross_endpoint_four_view_comparison_v1/results/summary/summary.csv,CSV row 437,four_view_small_tree,P2,V_BOTH,batch_holdout_development,b2b42,family:App_language,2,0,2,all / identity / family / scenario overlap; never sum across group levels
2,0,2,0,0,2,0.0,1.0,deliverables/cross_endpoint_four_view_comparison_v1/results/summary/summary.csv,CSV row 438,four_view_small_tree,P2,V_BOTH,batch_holdout_development,b2b42,family:App_timezone,2,0,0,all / identity / family / scenario overlap; never sum across group levels
2,2,0,0,0,2,1.0,1.0,deliverables/cross_endpoint_four_view_comparison_v1/results/summary/summary.csv,CSV row 439,four_view_small_tree,P2,V_BOTH,batch_holdout_development,b2b42,family:Browser_language,2,0,0,all / identity / family / scenario overlap; never sum across group levels
2,2,0,0,0,2,1.0,1.0,deliverables/cross_endpoint_four_view_comparison_v1/results/summary/summary.csv,CSV row 440,four_view_small_tree,P2,V_BOTH,batch_holdout_development,b2b42,family:Browser_timezone,2,0,0,all / identity / family / scenario overlap; never sum across group levels
2,0,2,0,0,2,0.0,1.0,deliverables/cross_endpoint_four_view_comparison_v1/results/summary/summary.csv,CSV row 441,four_view_small_tree,P2,V_BOTH,batch_holdout_development,b2b42,scenario:A_APP_LANG:change,2,0,2,all / identity / family / scenario overlap; never sum across group levels
2,0,2,0,0,2,0.0,1.0,deliverables/cross_endpoint_four_view_comparison_v1/results/summary/summary.csv,CSV row 442,four_view_small_tree,P2,V_BOTH,batch_holdout_development,b2b42,scenario:A_APP_LANG:post,2,0,0,all / identity / family / scenario overlap; never sum across group levels
2,0,2,0,0,2,0.0,1.0,deliverables/cross_endpoint_four_view_comparison_v1/results/summary/summary.csv,CSV row 443,four_view_small_tree,P2,V_BOTH,batch_holdout_development,b2b42,scenario:A_APP_LANG:pre,2,0,0,all / identity / family / scenario overlap; never sum across group levels
2,0,2,0,0,2,0.0,1.0,deliverables/cross_endpoint_four_view_comparison_v1/results/summary/summary.csv,CSV row 444,four_view_small_tree,P2,V_BOTH,batch_holdout_development,b2b42,scenario:A_APP_TZ:change,2,0,0,all / identity / family / scenario overlap; never sum across group levels
2,0,2,0,0,2,0.0,1.0,deliverables/cross_endpoint_four_view_comparison_v1/results/summary/summary.csv,CSV row 445,four_view_small_tree,P2,V_BOTH,batch_holdout_development,b2b42,scenario:A_APP_TZ:post,2,0,0,all / identity / family / scenario overlap; never sum across group levels
2,0,2,0,0,2,0.0,1.0,deliverables/cross_endpoint_four_view_comparison_v1/results/summary/summary.csv,CSV row 446,four_view_small_tree,P2,V_BOTH,batch_holdout_development,b2b42,scenario:A_APP_TZ:pre,2,0,0,all / identity / family / scenario overlap; never sum across group levels
2,2,0,0,0,2,1.0,1.0,deliverables/cross_endpoint_four_view_comparison_v1/results/summary/summary.csv,CSV row 447,four_view_small_tree,P2,V_BOTH,batch_holdout_development,b2b42,scenario:A_BROWSER_LANG:change,2,0,0,all / identity / family / scenario overlap; never sum across group levels
2,0,2,0,0,2,0.0,1.0,deliverables/cross_endpoint_four_view_comparison_v1/results/summary/summary.csv,CSV row 448,four_view_small_tree,P2,V_BOTH,batch_holdout_development,b2b42,scenario:A_BROWSER_LANG:post,2,0,0,all / identity / family / scenario overlap; never sum across group levels
2,0,2,0,0,2,0.0,1.0,deliverables/cross_endpoint_four_view_comparison_v1/results/summary/summary.csv,CSV row 449,four_view_small_tree,P2,V_BOTH,batch_holdout_development,b2b42,scenario:A_BROWSER_LANG:pre,2,0,0,all / identity / family / scenario overlap; never sum across group levels
2,2,0,0,0,2,1.0,1.0,deliverables/cross_endpoint_four_view_comparison_v1/results/summary/summary.csv,CSV row 450,four_view_small_tree,P2,V_BOTH,batch_holdout_development,b2b42,scenario:A_BROWSER_TZ:change,2,0,0,all / identity / family / scenario overlap; never sum across group levels
2,0,2,0,0,2,0.0,1.0,deliverables/cross_endpoint_four_view_comparison_v1/results/summary/summary.csv,CSV row 451,four_view_small_tree,P2,V_BOTH,batch_holdout_development,b2b42,scenario:A_BROWSER_TZ:post,2,0,0,all / identity / family / scenario overlap; never sum across group levels
2,0,2,0,0,2,0.0,1.0,deliverables/cross_endpoint_four_view_comparison_v1/results/summary/summary.csv,CSV row 452,four_view_small_tree,P2,V_BOTH,batch_holdout_development,b2b42,scenario:A_BROWSER_TZ:pre,2,0,0,all / identity / family / scenario overlap; never sum across group levels
2,2,0,0,0,2,1.0,1.0,deliverables/cross_endpoint_four_view_comparison_v1/results/summary/summary.csv,CSV row 453,four_view_small_tree,P2,V_BOTH,batch_holdout_development,b2b42,scenario:L_BROWSER_LANG:change,2,0,0,all / identity / family / scenario overlap; never sum across group levels
2,0,2,0,0,2,0.0,1.0,deliverables/cross_endpoint_four_view_comparison_v1/results/summary/summary.csv,CSV row 454,four_view_small_tree,P2,V_BOTH,batch_holdout_development,b2b42,scenario:L_BROWSER_LANG:post,2,0,0,all / identity / family / scenario overlap; never sum across group levels
2,0,2,0,0,2,0.0,1.0,deliverables/cross_endpoint_four_view_comparison_v1/results/summary/summary.csv,CSV row 455,four_view_small_tree,P2,V_BOTH,batch_holdout_development,b2b42,scenario:L_BROWSER_LANG:pre,2,0,0,all / identity / family / scenario overlap; never sum across group levels
2,2,0,0,0,2,1.0,1.0,deliverables/cross_endpoint_four_view_comparison_v1/results/summary/summary.csv,CSV row 456,four_view_small_tree,P2,V_BOTH,batch_holdout_development,b2b42,scenario:L_SYS_LANG:change,2,0,2,all / identity / family / scenario overlap; never sum across group levels
2,0,2,0,0,2,0.0,1.0,deliverables/cross_endpoint_four_view_comparison_v1/results/summary/summary.csv,CSV row 457,four_view_small_tree,P2,V_BOTH,batch_holdout_development,b2b42,scenario:L_SYS_LANG:post,2,0,0,all / identity / family / scenario overlap; never sum across group levels
2,0,2,0,0,2,0.0,1.0,deliverables/cross_endpoint_four_view_comparison_v1/results/summary/summary.csv,CSV row 458,four_view_small_tree,P2,V_BOTH,batch_holdout_development,b2b42,scenario:L_SYS_LANG:pre,2,0,0,all / identity / family / scenario overlap; never sum across group levels
2,2,0,0,0,2,1.0,1.0,deliverables/cross_endpoint_four_view_comparison_v1/results/summary/summary.csv,CSV row 459,four_view_small_tree,P2,V_BOTH,batch_holdout_development,b2b42,scenario:L_SYS_TZ:change,2,0,2,all / identity / family / scenario overlap; never sum across group levels
2,0,2,0,0,2,0.0,1.0,deliverables/cross_endpoint_four_view_comparison_v1/results/summary/summary.csv,CSV row 460,four_view_small_tree,P2,V_BOTH,batch_holdout_development,b2b42,scenario:L_SYS_TZ:post,2,0,0,all / identity / family / scenario overlap; never sum across group levels
2,0,2,0,0,2,0.0,1.0,deliverables/cross_endpoint_four_view_comparison_v1/results/summary/summary.csv,CSV row 461,four_view_small_tree,P2,V_BOTH,batch_holdout_development,b2b42,scenario:L_SYS_TZ:pre,2,0,0,all / identity / family / scenario overlap; never sum across group levels
144,0,144,0,0,144,0.0,1.0,deliverables/cross_endpoint_four_view_comparison_v1/results/summary/summary.csv,CSV row 462,four_view_small_tree,P2,V_BOTH,historical_normal_evaluation,mtc_development,NORMAL,139,5,0,all / identity / family / scenario overlap; never sum across group levels
144,0,144,0,0,144,0.0,1.0,deliverables/cross_endpoint_four_view_comparison_v1/results/summary/summary.csv,CSV row 463,four_view_small_tree,P2,V_BOTH,historical_normal_evaluation,mtc_development,all,139,5,0,all / identity / family / scenario overlap; never sum across group levels
144,0,144,0,0,144,0.0,1.0,deliverables/cross_endpoint_four_view_comparison_v1/results/summary/summary.csv,CSV row 464,four_view_small_tree,P2,V_BOTH,historical_normal_evaluation,mtc_development,scenario:routine_mtc:observation,139,5,0,all / identity / family / scenario overlap; never sum across group levels
117,0,117,0,0,117,0.0,1.0,deliverables/cross_endpoint_four_view_comparison_v1/results/summary/summary.csv,CSV row 465,four_view_small_tree,P2,V_BOTH,historical_normal_evaluation,mtc_reserved_validation,NORMAL,116,1,1,all / identity / family / scenario overlap; never sum across group levels
117,0,117,0,0,117,0.0,1.0,deliverables/cross_endpoint_four_view_comparison_v1/results/summary/summary.csv,CSV row 466,four_view_small_tree,P2,V_BOTH,historical_normal_evaluation,mtc_reserved_validation,all,116,1,1,all / identity / family / scenario overlap; never sum across group levels
117,0,117,0,0,117,0.0,1.0,deliverables/cross_endpoint_four_view_comparison_v1/results/summary/summary.csv,CSV row 467,four_view_small_tree,P2,V_BOTH,historical_normal_evaluation,mtc_reserved_validation,scenario:routine_mtc:observation,116,1,1,all / identity / family / scenario overlap; never sum across group levels
630,0,630,0,0,630,0.0,1.0,deliverables/cross_endpoint_four_view_comparison_v1/results/summary/summary.csv,CSV row 468,four_view_small_tree,P2,V_BOTH,training,mtc_discovery,NORMAL,603,27,0,all / identity / family / scenario overlap; never sum across group levels
630,0,630,0,0,630,0.0,1.0,deliverables/cross_endpoint_four_view_comparison_v1/results/summary/summary.csv,CSV row 469,four_view_small_tree,P2,V_BOTH,training,mtc_discovery,all,603,27,0,all / identity / family / scenario overlap; never sum across group levels
630,0,630,0,0,630,0.0,1.0,deliverables/cross_endpoint_four_view_comparison_v1/results/summary/summary.csv,CSV row 470,four_view_small_tree,P2,V_BOTH,training,mtc_discovery,scenario:routine_mtc:observation,603,27,0,all / identity / family / scenario overlap; never sum across group levels
6,6,0,0,0,6,1.0,1.0,deliverables/cross_endpoint_four_view_comparison_v1/results/summary/summary.csv,CSV row 471,four_view_small_tree,P2,V_BOTH,training,pilot18,EFFECTIVE_INTERVENTION,6,0,0,all / identity / family / scenario overlap; never sum across group levels
12,0,12,0,0,12,0.0,1.0,deliverables/cross_endpoint_four_view_comparison_v1/results/summary/summary.csv,CSV row 472,four_view_small_tree,P2,V_BOTH,training,pilot18,NORMAL,12,0,0,all / identity / family / scenario overlap; never sum across group levels
18,6,12,0,0,18,0.3333333333333333,1.0,deliverables/cross_endpoint_four_view_comparison_v1/results/summary/summary.csv,CSV row 473,four_view_small_tree,P2,V_BOTH,training,pilot18,all,18,0,0,all / identity / family / scenario overlap; never sum across group levels
3,3,0,0,0,3,1.0,1.0,deliverables/cross_endpoint_four_view_comparison_v1/results/summary/summary.csv,CSV row 474,four_view_small_tree,P2,V_BOTH,training,pilot18,family:Browser_language,3,0,0,all / identity / family / scenario overlap; never sum across group levels
3,3,0,0,0,3,1.0,1.0,deliverables/cross_endpoint_four_view_comparison_v1/results/summary/summary.csv,CSV row 475,four_view_small_tree,P2,V_BOTH,training,pilot18,family:Browser_timezone,3,0,0,all / identity / family / scenario overlap; never sum across group levels
3,3,0,0,0,3,1.0,1.0,deliverables/cross_endpoint_four_view_comparison_v1/results/summary/summary.csv,CSV row 476,four_view_small_tree,P2,V_BOTH,training,pilot18,scenario:language_fr:attack_active,3,0,0,all / identity / family / scenario overlap; never sum across group levels
3,0,3,0,0,3,0.0,1.0,deliverables/cross_endpoint_four_view_comparison_v1/results/summary/summary.csv,CSV row 477,four_view_small_tree,P2,V_BOTH,training,pilot18,scenario:language_fr:clean_post,3,0,0,all / identity / family / scenario overlap; never sum across group levels
3,0,3,0,0,3,0.0,1.0,deliverables/cross_endpoint_four_view_comparison_v1/results/summary/summary.csv,CSV row 478,four_view_small_tree,P2,V_BOTH,training,pilot18,scenario:language_fr:clean_pre,3,0,0,all / identity / family / scenario overlap; never sum across group levels
3,3,0,0,0,3,1.0,1.0,deliverables/cross_endpoint_four_view_comparison_v1/results/summary/summary.csv,CSV row 479,four_view_small_tree,P2,V_BOTH,training,pilot18,scenario:timezone_tokyo:attack_active,3,0,0,all / identity / family / scenario overlap; never sum across group levels
3,0,3,0,0,3,0.0,1.0,deliverables/cross_endpoint_four_view_comparison_v1/results/summary/summary.csv,CSV row 480,four_view_small_tree,P2,V_BOTH,training,pilot18,scenario:timezone_tokyo:clean_post,3,0,0,all / identity / family / scenario overlap; never sum across group levels
3,0,3,0,0,3,0.0,1.0,deliverables/cross_endpoint_four_view_comparison_v1/results/summary/summary.csv,CSV row 481,four_view_small_tree,P2,V_BOTH,training,pilot18,scenario:timezone_tokyo:clean_pre,3,0,0,all / identity / family / scenario overlap; never sum across group levels
8,4,4,0,0,8,0.5,1.0,deliverables/cross_endpoint_four_view_comparison_v1/results/summary/summary.csv,CSV row 482,four_view_small_tree,P2,V_BOTH_REL,batch_holdout_development,b2b42,EFFECTIVE_INTERVENTION,8,0,2,all / identity / family / scenario overlap; never sum across group levels
34,6,28,0,0,34,0.17647058823529413,1.0,deliverables/cross_endpoint_four_view_comparison_v1/results/summary/summary.csv,CSV row 483,four_view_small_tree,P2,V_BOTH_REL,batch_holdout_development,b2b42,NORMAL,34,0,4,all / identity / family / scenario overlap; never sum across group levels
42,10,32,0,0,42,0.23809523809523808,1.0,deliverables/cross_endpoint_four_view_comparison_v1/results/summary/summary.csv,CSV row 484,four_view_small_tree,P2,V_BOTH_REL,batch_holdout_development,b2b42,all,42,0,6,all / identity / family / scenario overlap; never sum across group levels
2,0,2,0,0,2,0.0,1.0,deliverables/cross_endpoint_four_view_comparison_v1/results/summary/summary.csv,CSV row 485,four_view_small_tree,P2,V_BOTH_REL,batch_holdout_development,b2b42,family:App_language,2,0,2,all / identity / family / scenario overlap; never sum across group levels
2,0,2,0,0,2,0.0,1.0,deliverables/cross_endpoint_four_view_comparison_v1/results/summary/summary.csv,CSV row 486,four_view_small_tree,P2,V_BOTH_REL,batch_holdout_development,b2b42,family:App_timezone,2,0,0,all / identity / family / scenario overlap; never sum across group levels
2,2,0,0,0,2,1.0,1.0,deliverables/cross_endpoint_four_view_comparison_v1/results/summary/summary.csv,CSV row 487,four_view_small_tree,P2,V_BOTH_REL,batch_holdout_development,b2b42,family:Browser_language,2,0,0,all / identity / family / scenario overlap; never sum across group levels
2,2,0,0,0,2,1.0,1.0,deliverables/cross_endpoint_four_view_comparison_v1/results/summary/summary.csv,CSV row 488,four_view_small_tree,P2,V_BOTH_REL,batch_holdout_development,b2b42,family:Browser_timezone,2,0,0,all / identity / family / scenario overlap; never sum across group levels
2,0,2,0,0,2,0.0,1.0,deliverables/cross_endpoint_four_view_comparison_v1/results/summary/summary.csv,CSV row 489,four_view_small_tree,P2,V_BOTH_REL,batch_holdout_development,b2b42,scenario:A_APP_LANG:change,2,0,2,all / identity / family / scenario overlap; never sum across group levels
2,0,2,0,0,2,0.0,1.0,deliverables/cross_endpoint_four_view_comparison_v1/results/summary/summary.csv,CSV row 490,four_view_small_tree,P2,V_BOTH_REL,batch_holdout_development,b2b42,scenario:A_APP_LANG:post,2,0,0,all / identity / family / scenario overlap; never sum across group levels
2,0,2,0,0,2,0.0,1.0,deliverables/cross_endpoint_four_view_comparison_v1/results/summary/summary.csv,CSV row 491,four_view_small_tree,P2,V_BOTH_REL,batch_holdout_development,b2b42,scenario:A_APP_LANG:pre,2,0,0,all / identity / family / scenario overlap; never sum across group levels
2,0,2,0,0,2,0.0,1.0,deliverables/cross_endpoint_four_view_comparison_v1/results/summary/summary.csv,CSV row 492,four_view_small_tree,P2,V_BOTH_REL,batch_holdout_development,b2b42,scenario:A_APP_TZ:change,2,0,0,all / identity / family / scenario overlap; never sum across group levels
2,0,2,0,0,2,0.0,1.0,deliverables/cross_endpoint_four_view_comparison_v1/results/summary/summary.csv,CSV row 493,four_view_small_tree,P2,V_BOTH_REL,batch_holdout_development,b2b42,scenario:A_APP_TZ:post,2,0,0,all / identity / family / scenario overlap; never sum across group levels
2,0,2,0,0,2,0.0,1.0,deliverables/cross_endpoint_four_view_comparison_v1/results/summary/summary.csv,CSV row 494,four_view_small_tree,P2,V_BOTH_REL,batch_holdout_development,b2b42,scenario:A_APP_TZ:pre,2,0,0,all / identity / family / scenario overlap; never sum across group levels
2,2,0,0,0,2,1.0,1.0,deliverables/cross_endpoint_four_view_comparison_v1/results/summary/summary.csv,CSV row 495,four_view_small_tree,P2,V_BOTH_REL,batch_holdout_development,b2b42,scenario:A_BROWSER_LANG:change,2,0,0,all / identity / family / scenario overlap; never sum across group levels
2,0,2,0,0,2,0.0,1.0,deliverables/cross_endpoint_four_view_comparison_v1/results/summary/summary.csv,CSV row 496,four_view_small_tree,P2,V_BOTH_REL,batch_holdout_development,b2b42,scenario:A_BROWSER_LANG:post,2,0,0,all / identity / family / scenario overlap; never sum across group levels
2,0,2,0,0,2,0.0,1.0,deliverables/cross_endpoint_four_view_comparison_v1/results/summary/summary.csv,CSV row 497,four_view_small_tree,P2,V_BOTH_REL,batch_holdout_development,b2b42,scenario:A_BROWSER_LANG:pre,2,0,0,all / identity / family / scenario overlap; never sum across group levels
2,2,0,0,0,2,1.0,1.0,deliverables/cross_endpoint_four_view_comparison_v1/results/summary/summary.csv,CSV row 498,four_view_small_tree,P2,V_BOTH_REL,batch_holdout_development,b2b42,scenario:A_BROWSER_TZ:change,2,0,0,all / identity / family / scenario overlap; never sum across group levels
2,0,2,0,0,2,0.0,1.0,deliverables/cross_endpoint_four_view_comparison_v1/results/summary/summary.csv,CSV row 499,four_view_small_tree,P2,V_BOTH_REL,batch_holdout_development,b2b42,scenario:A_BROWSER_TZ:post,2,0,0,all / identity / family / scenario overlap; never sum across group levels
2,0,2,0,0,2,0.0,1.0,deliverables/cross_endpoint_four_view_comparison_v1/results/summary/summary.csv,CSV row 500,four_view_small_tree,P2,V_BOTH_REL,batch_holdout_development,b2b42,scenario:A_BROWSER_TZ:pre,2,0,0,all / identity / family / scenario overlap; never sum across group levels
2,2,0,0,0,2,1.0,1.0,deliverables/cross_endpoint_four_view_comparison_v1/results/summary/summary.csv,CSV row 501,four_view_small_tree,P2,V_BOTH_REL,batch_holdout_development,b2b42,scenario:L_BROWSER_LANG:change,2,0,0,all / identity / family / scenario overlap; never sum across group levels
2,0,2,0,0,2,0.0,1.0,deliverables/cross_endpoint_four_view_comparison_v1/results/summary/summary.csv,CSV row 502,four_view_small_tree,P2,V_BOTH_REL,batch_holdout_development,b2b42,scenario:L_BROWSER_LANG:post,2,0,0,all / identity / family / scenario overlap; never sum across group levels
2,0,2,0,0,2,0.0,1.0,deliverables/cross_endpoint_four_view_comparison_v1/results/summary/summary.csv,CSV row 503,four_view_small_tree,P2,V_BOTH_REL,batch_holdout_development,b2b42,scenario:L_BROWSER_LANG:pre,2,0,0,all / identity / family / scenario overlap; never sum across group levels
2,2,0,0,0,2,1.0,1.0,deliverables/cross_endpoint_four_view_comparison_v1/results/summary/summary.csv,CSV row 504,four_view_small_tree,P2,V_BOTH_REL,batch_holdout_development,b2b42,scenario:L_SYS_LANG:change,2,0,2,all / identity / family / scenario overlap; never sum across group levels
2,0,2,0,0,2,0.0,1.0,deliverables/cross_endpoint_four_view_comparison_v1/results/summary/summary.csv,CSV row 505,four_view_small_tree,P2,V_BOTH_REL,batch_holdout_development,b2b42,scenario:L_SYS_LANG:post,2,0,0,all / identity / family / scenario overlap; never sum across group levels
2,0,2,0,0,2,0.0,1.0,deliverables/cross_endpoint_four_view_comparison_v1/results/summary/summary.csv,CSV row 506,four_view_small_tree,P2,V_BOTH_REL,batch_holdout_development,b2b42,scenario:L_SYS_LANG:pre,2,0,0,all / identity / family / scenario overlap; never sum across group levels
2,2,0,0,0,2,1.0,1.0,deliverables/cross_endpoint_four_view_comparison_v1/results/summary/summary.csv,CSV row 507,four_view_small_tree,P2,V_BOTH_REL,batch_holdout_development,b2b42,scenario:L_SYS_TZ:change,2,0,2,all / identity / family / scenario overlap; never sum across group levels
2,0,2,0,0,2,0.0,1.0,deliverables/cross_endpoint_four_view_comparison_v1/results/summary/summary.csv,CSV row 508,four_view_small_tree,P2,V_BOTH_REL,batch_holdout_development,b2b42,scenario:L_SYS_TZ:post,2,0,0,all / identity / family / scenario overlap; never sum across group levels
2,0,2,0,0,2,0.0,1.0,deliverables/cross_endpoint_four_view_comparison_v1/results/summary/summary.csv,CSV row 509,four_view_small_tree,P2,V_BOTH_REL,batch_holdout_development,b2b42,scenario:L_SYS_TZ:pre,2,0,0,all / identity / family / scenario overlap; never sum across group levels
144,0,144,0,0,144,0.0,1.0,deliverables/cross_endpoint_four_view_comparison_v1/results/summary/summary.csv,CSV row 510,four_view_small_tree,P2,V_BOTH_REL,historical_normal_evaluation,mtc_development,NORMAL,139,5,0,all / identity / family / scenario overlap; never sum across group levels
144,0,144,0,0,144,0.0,1.0,deliverables/cross_endpoint_four_view_comparison_v1/results/summary/summary.csv,CSV row 511,four_view_small_tree,P2,V_BOTH_REL,historical_normal_evaluation,mtc_development,all,139,5,0,all / identity / family / scenario overlap; never sum across group levels
144,0,144,0,0,144,0.0,1.0,deliverables/cross_endpoint_four_view_comparison_v1/results/summary/summary.csv,CSV row 512,four_view_small_tree,P2,V_BOTH_REL,historical_normal_evaluation,mtc_development,scenario:routine_mtc:observation,139,5,0,all / identity / family / scenario overlap; never sum across group levels
117,0,117,0,0,117,0.0,1.0,deliverables/cross_endpoint_four_view_comparison_v1/results/summary/summary.csv,CSV row 513,four_view_small_tree,P2,V_BOTH_REL,historical_normal_evaluation,mtc_reserved_validation,NORMAL,116,1,1,all / identity / family / scenario overlap; never sum across group levels
117,0,117,0,0,117,0.0,1.0,deliverables/cross_endpoint_four_view_comparison_v1/results/summary/summary.csv,CSV row 514,four_view_small_tree,P2,V_BOTH_REL,historical_normal_evaluation,mtc_reserved_validation,all,116,1,1,all / identity / family / scenario overlap; never sum across group levels
117,0,117,0,0,117,0.0,1.0,deliverables/cross_endpoint_four_view_comparison_v1/results/summary/summary.csv,CSV row 515,four_view_small_tree,P2,V_BOTH_REL,historical_normal_evaluation,mtc_reserved_validation,scenario:routine_mtc:observation,116,1,1,all / identity / family / scenario overlap; never sum across group levels
630,0,630,0,0,630,0.0,1.0,deliverables/cross_endpoint_four_view_comparison_v1/results/summary/summary.csv,CSV row 516,four_view_small_tree,P2,V_BOTH_REL,training,mtc_discovery,NORMAL,603,27,0,all / identity / family / scenario overlap; never sum across group levels
630,0,630,0,0,630,0.0,1.0,deliverables/cross_endpoint_four_view_comparison_v1/results/summary/summary.csv,CSV row 517,four_view_small_tree,P2,V_BOTH_REL,training,mtc_discovery,all,603,27,0,all / identity / family / scenario overlap; never sum across group levels
630,0,630,0,0,630,0.0,1.0,deliverables/cross_endpoint_four_view_comparison_v1/results/summary/summary.csv,CSV row 518,four_view_small_tree,P2,V_BOTH_REL,training,mtc_discovery,scenario:routine_mtc:observation,603,27,0,all / identity / family / scenario overlap; never sum across group levels
6,6,0,0,0,6,1.0,1.0,deliverables/cross_endpoint_four_view_comparison_v1/results/summary/summary.csv,CSV row 519,four_view_small_tree,P2,V_BOTH_REL,training,pilot18,EFFECTIVE_INTERVENTION,6,0,0,all / identity / family / scenario overlap; never sum across group levels
12,0,12,0,0,12,0.0,1.0,deliverables/cross_endpoint_four_view_comparison_v1/results/summary/summary.csv,CSV row 520,four_view_small_tree,P2,V_BOTH_REL,training,pilot18,NORMAL,12,0,0,all / identity / family / scenario overlap; never sum across group levels
18,6,12,0,0,18,0.3333333333333333,1.0,deliverables/cross_endpoint_four_view_comparison_v1/results/summary/summary.csv,CSV row 521,four_view_small_tree,P2,V_BOTH_REL,training,pilot18,all,18,0,0,all / identity / family / scenario overlap; never sum across group levels
3,3,0,0,0,3,1.0,1.0,deliverables/cross_endpoint_four_view_comparison_v1/results/summary/summary.csv,CSV row 522,four_view_small_tree,P2,V_BOTH_REL,training,pilot18,family:Browser_language,3,0,0,all / identity / family / scenario overlap; never sum across group levels
3,3,0,0,0,3,1.0,1.0,deliverables/cross_endpoint_four_view_comparison_v1/results/summary/summary.csv,CSV row 523,four_view_small_tree,P2,V_BOTH_REL,training,pilot18,family:Browser_timezone,3,0,0,all / identity / family / scenario overlap; never sum across group levels
3,3,0,0,0,3,1.0,1.0,deliverables/cross_endpoint_four_view_comparison_v1/results/summary/summary.csv,CSV row 524,four_view_small_tree,P2,V_BOTH_REL,training,pilot18,scenario:language_fr:attack_active,3,0,0,all / identity / family / scenario overlap; never sum across group levels
3,0,3,0,0,3,0.0,1.0,deliverables/cross_endpoint_four_view_comparison_v1/results/summary/summary.csv,CSV row 525,four_view_small_tree,P2,V_BOTH_REL,training,pilot18,scenario:language_fr:clean_post,3,0,0,all / identity / family / scenario overlap; never sum across group levels
3,0,3,0,0,3,0.0,1.0,deliverables/cross_endpoint_four_view_comparison_v1/results/summary/summary.csv,CSV row 526,four_view_small_tree,P2,V_BOTH_REL,training,pilot18,scenario:language_fr:clean_pre,3,0,0,all / identity / family / scenario overlap; never sum across group levels
3,3,0,0,0,3,1.0,1.0,deliverables/cross_endpoint_four_view_comparison_v1/results/summary/summary.csv,CSV row 527,four_view_small_tree,P2,V_BOTH_REL,training,pilot18,scenario:timezone_tokyo:attack_active,3,0,0,all / identity / family / scenario overlap; never sum across group levels
3,0,3,0,0,3,0.0,1.0,deliverables/cross_endpoint_four_view_comparison_v1/results/summary/summary.csv,CSV row 528,four_view_small_tree,P2,V_BOTH_REL,training,pilot18,scenario:timezone_tokyo:clean_post,3,0,0,all / identity / family / scenario overlap; never sum across group levels
3,0,3,0,0,3,0.0,1.0,deliverables/cross_endpoint_four_view_comparison_v1/results/summary/summary.csv,CSV row 529,four_view_small_tree,P2,V_BOTH_REL,training,pilot18,scenario:timezone_tokyo:clean_pre,3,0,0,all / identity / family / scenario overlap; never sum across group levels
8,4,4,0,0,8,0.5,1.0,deliverables/cross_endpoint_four_view_comparison_v1/results/summary/summary.csv,CSV row 530,four_view_small_tree,P2,V_BROWSER,batch_holdout_development,b2b42,EFFECTIVE_INTERVENTION,8,0,0,all / identity / family / scenario overlap; never sum across group levels
34,6,28,0,0,34,0.17647058823529413,1.0,deliverables/cross_endpoint_four_view_comparison_v1/results/summary/summary.csv,CSV row 531,four_view_small_tree,P2,V_BROWSER,batch_holdout_development,b2b42,NORMAL,34,0,0,all / identity / family / scenario overlap; never sum across group levels
42,10,32,0,0,42,0.23809523809523808,1.0,deliverables/cross_endpoint_four_view_comparison_v1/results/summary/summary.csv,CSV row 532,four_view_small_tree,P2,V_BROWSER,batch_holdout_development,b2b42,all,42,0,0,all / identity / family / scenario overlap; never sum across group levels
2,0,2,0,0,2,0.0,1.0,deliverables/cross_endpoint_four_view_comparison_v1/results/summary/summary.csv,CSV row 533,four_view_small_tree,P2,V_BROWSER,batch_holdout_development,b2b42,family:App_language,2,0,0,all / identity / family / scenario overlap; never sum across group levels
2,0,2,0,0,2,0.0,1.0,deliverables/cross_endpoint_four_view_comparison_v1/results/summary/summary.csv,CSV row 534,four_view_small_tree,P2,V_BROWSER,batch_holdout_development,b2b42,family:App_timezone,2,0,0,all / identity / family / scenario overlap; never sum across group levels
2,2,0,0,0,2,1.0,1.0,deliverables/cross_endpoint_four_view_comparison_v1/results/summary/summary.csv,CSV row 535,four_view_small_tree,P2,V_BROWSER,batch_holdout_development,b2b42,family:Browser_language,2,0,0,all / identity / family / scenario overlap; never sum across group levels
2,2,0,0,0,2,1.0,1.0,deliverables/cross_endpoint_four_view_comparison_v1/results/summary/summary.csv,CSV row 536,four_view_small_tree,P2,V_BROWSER,batch_holdout_development,b2b42,family:Browser_timezone,2,0,0,all / identity / family / scenario overlap; never sum across group levels
2,0,2,0,0,2,0.0,1.0,deliverables/cross_endpoint_four_view_comparison_v1/results/summary/summary.csv,CSV row 537,four_view_small_tree,P2,V_BROWSER,batch_holdout_development,b2b42,scenario:A_APP_LANG:change,2,0,0,all / identity / family / scenario overlap; never sum across group levels
2,0,2,0,0,2,0.0,1.0,deliverables/cross_endpoint_four_view_comparison_v1/results/summary/summary.csv,CSV row 538,four_view_small_tree,P2,V_BROWSER,batch_holdout_development,b2b42,scenario:A_APP_LANG:post,2,0,0,all / identity / family / scenario overlap; never sum across group levels
2,0,2,0,0,2,0.0,1.0,deliverables/cross_endpoint_four_view_comparison_v1/results/summary/summary.csv,CSV row 539,four_view_small_tree,P2,V_BROWSER,batch_holdout_development,b2b42,scenario:A_APP_LANG:pre,2,0,0,all / identity / family / scenario overlap; never sum across group levels
2,0,2,0,0,2,0.0,1.0,deliverables/cross_endpoint_four_view_comparison_v1/results/summary/summary.csv,CSV row 540,four_view_small_tree,P2,V_BROWSER,batch_holdout_development,b2b42,scenario:A_APP_TZ:change,2,0,0,all / identity / family / scenario overlap; never sum across group levels
2,0,2,0,0,2,0.0,1.0,deliverables/cross_endpoint_four_view_comparison_v1/results/summary/summary.csv,CSV row 541,four_view_small_tree,P2,V_BROWSER,batch_holdout_development,b2b42,scenario:A_APP_TZ:post,2,0,0,all / identity / family / scenario overlap; never sum across group levels
2,0,2,0,0,2,0.0,1.0,deliverables/cross_endpoint_four_view_comparison_v1/results/summary/summary.csv,CSV row 542,four_view_small_tree,P2,V_BROWSER,batch_holdout_development,b2b42,scenario:A_APP_TZ:pre,2,0,0,all / identity / family / scenario overlap; never sum across group levels
2,2,0,0,0,2,1.0,1.0,deliverables/cross_endpoint_four_view_comparison_v1/results/summary/summary.csv,CSV row 543,four_view_small_tree,P2,V_BROWSER,batch_holdout_development,b2b42,scenario:A_BROWSER_LANG:change,2,0,0,all / identity / family / scenario overlap; never sum across group levels
2,0,2,0,0,2,0.0,1.0,deliverables/cross_endpoint_four_view_comparison_v1/results/summary/summary.csv,CSV row 544,four_view_small_tree,P2,V_BROWSER,batch_holdout_development,b2b42,scenario:A_BROWSER_LANG:post,2,0,0,all / identity / family / scenario overlap; never sum across group levels
2,0,2,0,0,2,0.0,1.0,deliverables/cross_endpoint_four_view_comparison_v1/results/summary/summary.csv,CSV row 545,four_view_small_tree,P2,V_BROWSER,batch_holdout_development,b2b42,scenario:A_BROWSER_LANG:pre,2,0,0,all / identity / family / scenario overlap; never sum across group levels
2,2,0,0,0,2,1.0,1.0,deliverables/cross_endpoint_four_view_comparison_v1/results/summary/summary.csv,CSV row 546,four_view_small_tree,P2,V_BROWSER,batch_holdout_development,b2b42,scenario:A_BROWSER_TZ:change,2,0,0,all / identity / family / scenario overlap; never sum across group levels
2,0,2,0,0,2,0.0,1.0,deliverables/cross_endpoint_four_view_comparison_v1/results/summary/summary.csv,CSV row 547,four_view_small_tree,P2,V_BROWSER,batch_holdout_development,b2b42,scenario:A_BROWSER_TZ:post,2,0,0,all / identity / family / scenario overlap; never sum across group levels
2,0,2,0,0,2,0.0,1.0,deliverables/cross_endpoint_four_view_comparison_v1/results/summary/summary.csv,CSV row 548,four_view_small_tree,P2,V_BROWSER,batch_holdout_development,b2b42,scenario:A_BROWSER_TZ:pre,2,0,0,all / identity / family / scenario overlap; never sum across group levels
2,2,0,0,0,2,1.0,1.0,deliverables/cross_endpoint_four_view_comparison_v1/results/summary/summary.csv,CSV row 549,four_view_small_tree,P2,V_BROWSER,batch_holdout_development,b2b42,scenario:L_BROWSER_LANG:change,2,0,0,all / identity / family / scenario overlap; never sum across group levels
2,0,2,0,0,2,0.0,1.0,deliverables/cross_endpoint_four_view_comparison_v1/results/summary/summary.csv,CSV row 550,four_view_small_tree,P2,V_BROWSER,batch_holdout_development,b2b42,scenario:L_BROWSER_LANG:post,2,0,0,all / identity / family / scenario overlap; never sum across group levels
2,0,2,0,0,2,0.0,1.0,deliverables/cross_endpoint_four_view_comparison_v1/results/summary/summary.csv,CSV row 551,four_view_small_tree,P2,V_BROWSER,batch_holdout_development,b2b42,scenario:L_BROWSER_LANG:pre,2,0,0,all / identity / family / scenario overlap; never sum across group levels
2,2,0,0,0,2,1.0,1.0,deliverables/cross_endpoint_four_view_comparison_v1/results/summary/summary.csv,CSV row 552,four_view_small_tree,P2,V_BROWSER,batch_holdout_development,b2b42,scenario:L_SYS_LANG:change,2,0,0,all / identity / family / scenario overlap; never sum across group levels
2,0,2,0,0,2,0.0,1.0,deliverables/cross_endpoint_four_view_comparison_v1/results/summary/summary.csv,CSV row 553,four_view_small_tree,P2,V_BROWSER,batch_holdout_development,b2b42,scenario:L_SYS_LANG:post,2,0,0,all / identity / family / scenario overlap; never sum across group levels
2,0,2,0,0,2,0.0,1.0,deliverables/cross_endpoint_four_view_comparison_v1/results/summary/summary.csv,CSV row 554,four_view_small_tree,P2,V_BROWSER,batch_holdout_development,b2b42,scenario:L_SYS_LANG:pre,2,0,0,all / identity / family / scenario overlap; never sum across group levels
2,2,0,0,0,2,1.0,1.0,deliverables/cross_endpoint_four_view_comparison_v1/results/summary/summary.csv,CSV row 555,four_view_small_tree,P2,V_BROWSER,batch_holdout_development,b2b42,scenario:L_SYS_TZ:change,2,0,0,all / identity / family / scenario overlap; never sum across group levels
2,0,2,0,0,2,0.0,1.0,deliverables/cross_endpoint_four_view_comparison_v1/results/summary/summary.csv,CSV row 556,four_view_small_tree,P2,V_BROWSER,batch_holdout_development,b2b42,scenario:L_SYS_TZ:post,2,0,0,all / identity / family / scenario overlap; never sum across group levels
2,0,2,0,0,2,0.0,1.0,deliverables/cross_endpoint_four_view_comparison_v1/results/summary/summary.csv,CSV row 557,four_view_small_tree,P2,V_BROWSER,batch_holdout_development,b2b42,scenario:L_SYS_TZ:pre,2,0,0,all / identity / family / scenario overlap; never sum across group levels
144,0,144,0,0,144,0.0,1.0,deliverables/cross_endpoint_four_view_comparison_v1/results/summary/summary.csv,CSV row 558,four_view_small_tree,P2,V_BROWSER,historical_normal_evaluation,mtc_development,NORMAL,139,5,0,all / identity / family / scenario overlap; never sum across group levels
144,0,144,0,0,144,0.0,1.0,deliverables/cross_endpoint_four_view_comparison_v1/results/summary/summary.csv,CSV row 559,four_view_small_tree,P2,V_BROWSER,historical_normal_evaluation,mtc_development,all,139,5,0,all / identity / family / scenario overlap; never sum across group levels
144,0,144,0,0,144,0.0,1.0,deliverables/cross_endpoint_four_view_comparison_v1/results/summary/summary.csv,CSV row 560,four_view_small_tree,P2,V_BROWSER,historical_normal_evaluation,mtc_development,scenario:routine_mtc:observation,139,5,0,all / identity / family / scenario overlap; never sum across group levels
117,0,117,0,0,117,0.0,1.0,deliverables/cross_endpoint_four_view_comparison_v1/results/summary/summary.csv,CSV row 561,four_view_small_tree,P2,V_BROWSER,historical_normal_evaluation,mtc_reserved_validation,NORMAL,116,1,1,all / identity / family / scenario overlap; never sum across group levels
117,0,117,0,0,117,0.0,1.0,deliverables/cross_endpoint_four_view_comparison_v1/results/summary/summary.csv,CSV row 562,four_view_small_tree,P2,V_BROWSER,historical_normal_evaluation,mtc_reserved_validation,all,116,1,1,all / identity / family / scenario overlap; never sum across group levels
117,0,117,0,0,117,0.0,1.0,deliverables/cross_endpoint_four_view_comparison_v1/results/summary/summary.csv,CSV row 563,four_view_small_tree,P2,V_BROWSER,historical_normal_evaluation,mtc_reserved_validation,scenario:routine_mtc:observation,116,1,1,all / identity / family / scenario overlap; never sum across group levels
630,0,630,0,0,630,0.0,1.0,deliverables/cross_endpoint_four_view_comparison_v1/results/summary/summary.csv,CSV row 564,four_view_small_tree,P2,V_BROWSER,training,mtc_discovery,NORMAL,605,25,0,all / identity / family / scenario overlap; never sum across group levels
630,0,630,0,0,630,0.0,1.0,deliverables/cross_endpoint_four_view_comparison_v1/results/summary/summary.csv,CSV row 565,four_view_small_tree,P2,V_BROWSER,training,mtc_discovery,all,605,25,0,all / identity / family / scenario overlap; never sum across group levels
630,0,630,0,0,630,0.0,1.0,deliverables/cross_endpoint_four_view_comparison_v1/results/summary/summary.csv,CSV row 566,four_view_small_tree,P2,V_BROWSER,training,mtc_discovery,scenario:routine_mtc:observation,605,25,0,all / identity / family / scenario overlap; never sum across group levels
6,6,0,0,0,6,1.0,1.0,deliverables/cross_endpoint_four_view_comparison_v1/results/summary/summary.csv,CSV row 567,four_view_small_tree,P2,V_BROWSER,training,pilot18,EFFECTIVE_INTERVENTION,6,0,0,all / identity / family / scenario overlap; never sum across group levels
12,0,12,0,0,12,0.0,1.0,deliverables/cross_endpoint_four_view_comparison_v1/results/summary/summary.csv,CSV row 568,four_view_small_tree,P2,V_BROWSER,training,pilot18,NORMAL,12,0,0,all / identity / family / scenario overlap; never sum across group levels
18,6,12,0,0,18,0.3333333333333333,1.0,deliverables/cross_endpoint_four_view_comparison_v1/results/summary/summary.csv,CSV row 569,four_view_small_tree,P2,V_BROWSER,training,pilot18,all,18,0,0,all / identity / family / scenario overlap; never sum across group levels
3,3,0,0,0,3,1.0,1.0,deliverables/cross_endpoint_four_view_comparison_v1/results/summary/summary.csv,CSV row 570,four_view_small_tree,P2,V_BROWSER,training,pilot18,family:Browser_language,3,0,0,all / identity / family / scenario overlap; never sum across group levels
3,3,0,0,0,3,1.0,1.0,deliverables/cross_endpoint_four_view_comparison_v1/results/summary/summary.csv,CSV row 571,four_view_small_tree,P2,V_BROWSER,training,pilot18,family:Browser_timezone,3,0,0,all / identity / family / scenario overlap; never sum across group levels
3,3,0,0,0,3,1.0,1.0,deliverables/cross_endpoint_four_view_comparison_v1/results/summary/summary.csv,CSV row 572,four_view_small_tree,P2,V_BROWSER,training,pilot18,scenario:language_fr:attack_active,3,0,0,all / identity / family / scenario overlap; never sum across group levels
3,0,3,0,0,3,0.0,1.0,deliverables/cross_endpoint_four_view_comparison_v1/results/summary/summary.csv,CSV row 573,four_view_small_tree,P2,V_BROWSER,training,pilot18,scenario:language_fr:clean_post,3,0,0,all / identity / family / scenario overlap; never sum across group levels
3,0,3,0,0,3,0.0,1.0,deliverables/cross_endpoint_four_view_comparison_v1/results/summary/summary.csv,CSV row 574,four_view_small_tree,P2,V_BROWSER,training,pilot18,scenario:language_fr:clean_pre,3,0,0,all / identity / family / scenario overlap; never sum across group levels
3,3,0,0,0,3,1.0,1.0,deliverables/cross_endpoint_four_view_comparison_v1/results/summary/summary.csv,CSV row 575,four_view_small_tree,P2,V_BROWSER,training,pilot18,scenario:timezone_tokyo:attack_active,3,0,0,all / identity / family / scenario overlap; never sum across group levels
3,0,3,0,0,3,0.0,1.0,deliverables/cross_endpoint_four_view_comparison_v1/results/summary/summary.csv,CSV row 576,four_view_small_tree,P2,V_BROWSER,training,pilot18,scenario:timezone_tokyo:clean_post,3,0,0,all / identity / family / scenario overlap; never sum across group levels
3,0,3,0,0,3,0.0,1.0,deliverables/cross_endpoint_four_view_comparison_v1/results/summary/summary.csv,CSV row 577,four_view_small_tree,P2,V_BROWSER,training,pilot18,scenario:timezone_tokyo:clean_pre,3,0,0,all / identity / family / scenario overlap; never sum across group levels
