fold,set_id,base_model_id,cohort,identity,method_role,N,T,F,U,FAILED,defined,rate,defined_rate,numerator,denominator,source_path,source_locator,identity_source_path,identity_source_locator
WEBGL1-LOEO-v1-01,S0,paired244-devext-c2e38381be26f0a91709871b,mtc_discovery,NORMAL,retained_complete_method,630,6,561,63,0,567,0.009523809523809525,0.9,6,630,deliverables/app_resource_constrained_extension_v1/results/combinations.jsonl,base_model_id=paired244-devext-c2e38381be26f0a91709871b;set_id=S0;cohort=mtc_discovery;identity=NORMAL,deliverables/app_resource_constrained_extension_v1/results/members.jsonl,cohort=mtc_discovery;identity=NORMAL
WEBGL1-LOEO-v1-01,S0,paired244-devext-c2e38381be26f0a91709871b,mtc_discovery,EFFECTIVE_INTERVENTION,retained_complete_method,0,0,0,0,0,0,,,0,0,deliverables/app_resource_constrained_extension_v1/results/combinations.jsonl,base_model_id=paired244-devext-c2e38381be26f0a91709871b;set_id=S0;cohort=mtc_discovery;identity=EFFECTIVE_INTERVENTION,deliverables/app_resource_constrained_extension_v1/results/members.jsonl,cohort=mtc_discovery;identity=EFFECTIVE_INTERVENTION
WEBGL1-LOEO-v1-01,S0,paired244-devext-c2e38381be26f0a91709871b,pilot18,NORMAL,retained_complete_method,12,0,12,0,0,12,0.0,1.0,0,12,deliverables/app_resource_constrained_extension_v1/results/combinations.jsonl,base_model_id=paired244-devext-c2e38381be26f0a91709871b;set_id=S0;cohort=pilot18;identity=NORMAL,deliverables/app_resource_constrained_extension_v1/results/members.jsonl,cohort=pilot18;identity=NORMAL
WEBGL1-LOEO-v1-01,S0,paired244-devext-c2e38381be26f0a91709871b,pilot18,EFFECTIVE_INTERVENTION,retained_complete_method,6,3,3,0,0,6,0.5,1.0,3,6,deliverables/app_resource_constrained_extension_v1/results/combinations.jsonl,base_model_id=paired244-devext-c2e38381be26f0a91709871b;set_id=S0;cohort=pilot18;identity=EFFECTIVE_INTERVENTION,deliverables/app_resource_constrained_extension_v1/results/members.jsonl,cohort=pilot18;identity=EFFECTIVE_INTERVENTION
WEBGL1-LOEO-v1-01,S0,paired244-devext-c2e38381be26f0a91709871b,b2b42,NORMAL,retained_complete_method,34,0,34,0,0,34,0.0,1.0,0,34,deliverables/app_resource_constrained_extension_v1/results/combinations.jsonl,base_model_id=paired244-devext-c2e38381be26f0a91709871b;set_id=S0;cohort=b2b42;identity=NORMAL,deliverables/app_resource_constrained_extension_v1/results/members.jsonl,cohort=b2b42;identity=NORMAL
WEBGL1-LOEO-v1-01,S0,paired244-devext-c2e38381be26f0a91709871b,b2b42,EFFECTIVE_INTERVENTION,retained_complete_method,8,4,4,0,0,8,0.5,1.0,4,8,deliverables/app_resource_constrained_extension_v1/results/combinations.jsonl,base_model_id=paired244-devext-c2e38381be26f0a91709871b;set_id=S0;cohort=b2b42;identity=EFFECTIVE_INTERVENTION,deliverables/app_resource_constrained_extension_v1/results/members.jsonl,cohort=b2b42;identity=EFFECTIVE_INTERVENTION
WEBGL1-LOEO-v1-01,S0,paired244-devext-c2e38381be26f0a91709871b,resource54,NORMAL,retained_complete_method,42,0,42,0,0,42,0.0,1.0,0,42,deliverables/app_resource_constrained_extension_v1/results/combinations.jsonl,base_model_id=paired244-devext-c2e38381be26f0a91709871b;set_id=S0;cohort=resource54;identity=NORMAL,deliverables/app_resource_constrained_extension_v1/results/members.jsonl,cohort=resource54;identity=NORMAL
WEBGL1-LOEO-v1-01,S0,paired244-devext-c2e38381be26f0a91709871b,resource54,EFFECTIVE_INTERVENTION,retained_complete_method,12,6,6,0,0,12,0.5,1.0,6,12,deliverables/app_resource_constrained_extension_v1/results/combinations.jsonl,base_model_id=paired244-devext-c2e38381be26f0a91709871b;set_id=S0;cohort=resource54;identity=EFFECTIVE_INTERVENTION,deliverables/app_resource_constrained_extension_v1/results/members.jsonl,cohort=resource54;identity=EFFECTIVE_INTERVENTION
WEBGL1-LOEO-v1-01,S0,paired244-devext-c2e38381be26f0a91709871b,mtc_development,NORMAL,retained_complete_method,144,1,132,11,0,133,0.006944444444444444,0.9236111111111112,1,144,deliverables/app_resource_constrained_extension_v1/results/combinations.jsonl,base_model_id=paired244-devext-c2e38381be26f0a91709871b;set_id=S0;cohort=mtc_development;identity=NORMAL,deliverables/app_resource_constrained_extension_v1/results/members.jsonl,cohort=mtc_development;identity=NORMAL
WEBGL1-LOEO-v1-01,S0,paired244-devext-c2e38381be26f0a91709871b,mtc_development,EFFECTIVE_INTERVENTION,retained_complete_method,0,0,0,0,0,0,,,0,0,deliverables/app_resource_constrained_extension_v1/results/combinations.jsonl,base_model_id=paired244-devext-c2e38381be26f0a91709871b;set_id=S0;cohort=mtc_development;identity=EFFECTIVE_INTERVENTION,deliverables/app_resource_constrained_extension_v1/results/members.jsonl,cohort=mtc_development;identity=EFFECTIVE_INTERVENTION
WEBGL1-LOEO-v1-01,S0,paired244-devext-c2e38381be26f0a91709871b,mtc_reserved_validation,NORMAL,retained_complete_method,117,1,110,6,0,111,0.008547008547008548,0.9487179487179487,1,117,deliverables/app_resource_constrained_extension_v1/results/combinations.jsonl,base_model_id=paired244-devext-c2e38381be26f0a91709871b;set_id=S0;cohort=mtc_reserved_validation;identity=NORMAL,deliverables/app_resource_constrained_extension_v1/results/members.jsonl,cohort=mtc_reserved_validation;identity=NORMAL
WEBGL1-LOEO-v1-01,S0,paired244-devext-c2e38381be26f0a91709871b,mtc_reserved_validation,EFFECTIVE_INTERVENTION,retained_complete_method,0,0,0,0,0,0,,,0,0,deliverables/app_resource_constrained_extension_v1/results/combinations.jsonl,base_model_id=paired244-devext-c2e38381be26f0a91709871b;set_id=S0;cohort=mtc_reserved_validation;identity=EFFECTIVE_INTERVENTION,deliverables/app_resource_constrained_extension_v1/results/members.jsonl,cohort=mtc_reserved_validation;identity=EFFECTIVE_INTERVENTION
WEBGL1-LOEO-v1-01,M,paired244-devext-c2e38381be26f0a91709871b,mtc_discovery,NORMAL,rejected_diagnostic_combination,630,8,552,70,0,560,0.012698412698412698,0.8888888888888888,8,630,deliverables/app_resource_constrained_extension_v1/results/combinations.jsonl,base_model_id=paired244-devext-c2e38381be26f0a91709871b;set_id=M;cohort=mtc_discovery;identity=NORMAL,deliverables/app_resource_constrained_extension_v1/results/members.jsonl,cohort=mtc_discovery;identity=NORMAL
WEBGL1-LOEO-v1-01,M,paired244-devext-c2e38381be26f0a91709871b,mtc_discovery,EFFECTIVE_INTERVENTION,rejected_diagnostic_combination,0,0,0,0,0,0,,,0,0,deliverables/app_resource_constrained_extension_v1/results/combinations.jsonl,base_model_id=paired244-devext-c2e38381be26f0a91709871b;set_id=M;cohort=mtc_discovery;identity=EFFECTIVE_INTERVENTION,deliverables/app_resource_constrained_extension_v1/results/members.jsonl,cohort=mtc_discovery;identity=EFFECTIVE_INTERVENTION
WEBGL1-LOEO-v1-01,M,paired244-devext-c2e38381be26f0a91709871b,pilot18,NORMAL,rejected_diagnostic_combination,12,0,12,0,0,12,0.0,1.0,0,12,deliverables/app_resource_constrained_extension_v1/results/combinations.jsonl,base_model_id=paired244-devext-c2e38381be26f0a91709871b;set_id=M;cohort=pilot18;identity=NORMAL,deliverables/app_resource_constrained_extension_v1/results/members.jsonl,cohort=pilot18;identity=NORMAL
WEBGL1-LOEO-v1-01,M,paired244-devext-c2e38381be26f0a91709871b,pilot18,EFFECTIVE_INTERVENTION,rejected_diagnostic_combination,6,3,3,0,0,6,0.5,1.0,3,6,deliverables/app_resource_constrained_extension_v1/results/combinations.jsonl,base_model_id=paired244-devext-c2e38381be26f0a91709871b;set_id=M;cohort=pilot18;identity=EFFECTIVE_INTERVENTION,deliverables/app_resource_constrained_extension_v1/results/members.jsonl,cohort=pilot18;identity=EFFECTIVE_INTERVENTION
WEBGL1-LOEO-v1-01,M,paired244-devext-c2e38381be26f0a91709871b,b2b42,NORMAL,rejected_diagnostic_combination,34,0,34,0,0,34,0.0,1.0,0,34,deliverables/app_resource_constrained_extension_v1/results/combinations.jsonl,base_model_id=paired244-devext-c2e38381be26f0a91709871b;set_id=M;cohort=b2b42;identity=NORMAL,deliverables/app_resource_constrained_extension_v1/results/members.jsonl,cohort=b2b42;identity=NORMAL
WEBGL1-LOEO-v1-01,M,paired244-devext-c2e38381be26f0a91709871b,b2b42,EFFECTIVE_INTERVENTION,rejected_diagnostic_combination,8,4,4,0,0,8,0.5,1.0,4,8,deliverables/app_resource_constrained_extension_v1/results/combinations.jsonl,base_model_id=paired244-devext-c2e38381be26f0a91709871b;set_id=M;cohort=b2b42;identity=EFFECTIVE_INTERVENTION,deliverables/app_resource_constrained_extension_v1/results/members.jsonl,cohort=b2b42;identity=EFFECTIVE_INTERVENTION
WEBGL1-LOEO-v1-01,M,paired244-devext-c2e38381be26f0a91709871b,resource54,NORMAL,rejected_diagnostic_combination,42,0,42,0,0,42,0.0,1.0,0,42,deliverables/app_resource_constrained_extension_v1/results/combinations.jsonl,base_model_id=paired244-devext-c2e38381be26f0a91709871b;set_id=M;cohort=resource54;identity=NORMAL,deliverables/app_resource_constrained_extension_v1/results/members.jsonl,cohort=resource54;identity=NORMAL
WEBGL1-LOEO-v1-01,M,paired244-devext-c2e38381be26f0a91709871b,resource54,EFFECTIVE_INTERVENTION,rejected_diagnostic_combination,12,12,0,0,0,12,1.0,1.0,12,12,deliverables/app_resource_constrained_extension_v1/results/combinations.jsonl,base_model_id=paired244-devext-c2e38381be26f0a91709871b;set_id=M;cohort=resource54;identity=EFFECTIVE_INTERVENTION,deliverables/app_resource_constrained_extension_v1/results/members.jsonl,cohort=resource54;identity=EFFECTIVE_INTERVENTION
WEBGL1-LOEO-v1-01,M,paired244-devext-c2e38381be26f0a91709871b,mtc_development,NORMAL,rejected_diagnostic_combination,144,1,132,11,0,133,0.006944444444444444,0.9236111111111112,1,144,deliverables/app_resource_constrained_extension_v1/results/combinations.jsonl,base_model_id=paired244-devext-c2e38381be26f0a91709871b;set_id=M;cohort=mtc_development;identity=NORMAL,deliverables/app_resource_constrained_extension_v1/results/members.jsonl,cohort=mtc_development;identity=NORMAL
WEBGL1-LOEO-v1-01,M,paired244-devext-c2e38381be26f0a91709871b,mtc_development,EFFECTIVE_INTERVENTION,rejected_diagnostic_combination,0,0,0,0,0,0,,,0,0,deliverables/app_resource_constrained_extension_v1/results/combinations.jsonl,base_model_id=paired244-devext-c2e38381be26f0a91709871b;set_id=M;cohort=mtc_development;identity=EFFECTIVE_INTERVENTION,deliverables/app_resource_constrained_extension_v1/results/members.jsonl,cohort=mtc_development;identity=EFFECTIVE_INTERVENTION
WEBGL1-LOEO-v1-01,M,paired244-devext-c2e38381be26f0a91709871b,mtc_reserved_validation,NORMAL,rejected_diagnostic_combination,117,2,107,8,0,109,0.017094017094017096,0.9316239316239316,2,117,deliverables/app_resource_constrained_extension_v1/results/combinations.jsonl,base_model_id=paired244-devext-c2e38381be26f0a91709871b;set_id=M;cohort=mtc_reserved_validation;identity=NORMAL,deliverables/app_resource_constrained_extension_v1/results/members.jsonl,cohort=mtc_reserved_validation;identity=NORMAL
WEBGL1-LOEO-v1-01,M,paired244-devext-c2e38381be26f0a91709871b,mtc_reserved_validation,EFFECTIVE_INTERVENTION,rejected_diagnostic_combination,0,0,0,0,0,0,,,0,0,deliverables/app_resource_constrained_extension_v1/results/combinations.jsonl,base_model_id=paired244-devext-c2e38381be26f0a91709871b;set_id=M;cohort=mtc_reserved_validation;identity=EFFECTIVE_INTERVENTION,deliverables/app_resource_constrained_extension_v1/results/members.jsonl,cohort=mtc_reserved_validation;identity=EFFECTIVE_INTERVENTION
WEBGL1-LOEO-v1-01,B,paired244-devext-c2e38381be26f0a91709871b,mtc_discovery,NORMAL,rejected_diagnostic_combination,630,6,554,70,0,560,0.009523809523809525,0.8888888888888888,6,630,deliverables/app_resource_constrained_extension_v1/results/combinations.jsonl,base_model_id=paired244-devext-c2e38381be26f0a91709871b;set_id=B;cohort=mtc_discovery;identity=NORMAL,deliverables/app_resource_constrained_extension_v1/results/members.jsonl,cohort=mtc_discovery;identity=NORMAL
WEBGL1-LOEO-v1-01,B,paired244-devext-c2e38381be26f0a91709871b,mtc_discovery,EFFECTIVE_INTERVENTION,rejected_diagnostic_combination,0,0,0,0,0,0,,,0,0,deliverables/app_resource_constrained_extension_v1/results/combinations.jsonl,base_model_id=paired244-devext-c2e38381be26f0a91709871b;set_id=B;cohort=mtc_discovery;identity=EFFECTIVE_INTERVENTION,deliverables/app_resource_constrained_extension_v1/results/members.jsonl,cohort=mtc_discovery;identity=EFFECTIVE_INTERVENTION
WEBGL1-LOEO-v1-01,B,paired244-devext-c2e38381be26f0a91709871b,pilot18,NORMAL,rejected_diagnostic_combination,12,0,12,0,0,12,0.0,1.0,0,12,deliverables/app_resource_constrained_extension_v1/results/combinations.jsonl,base_model_id=paired244-devext-c2e38381be26f0a91709871b;set_id=B;cohort=pilot18;identity=NORMAL,deliverables/app_resource_constrained_extension_v1/results/members.jsonl,cohort=pilot18;identity=NORMAL
WEBGL1-LOEO-v1-01,B,paired244-devext-c2e38381be26f0a91709871b,pilot18,EFFECTIVE_INTERVENTION,rejected_diagnostic_combination,6,3,3,0,0,6,0.5,1.0,3,6,deliverables/app_resource_constrained_extension_v1/results/combinations.jsonl,base_model_id=paired244-devext-c2e38381be26f0a91709871b;set_id=B;cohort=pilot18;identity=EFFECTIVE_INTERVENTION,deliverables/app_resource_constrained_extension_v1/results/members.jsonl,cohort=pilot18;identity=EFFECTIVE_INTERVENTION
WEBGL1-LOEO-v1-01,B,paired244-devext-c2e38381be26f0a91709871b,b2b42,NORMAL,rejected_diagnostic_combination,34,0,34,0,0,34,0.0,1.0,0,34,deliverables/app_resource_constrained_extension_v1/results/combinations.jsonl,base_model_id=paired244-devext-c2e38381be26f0a91709871b;set_id=B;cohort=b2b42;identity=NORMAL,deliverables/app_resource_constrained_extension_v1/results/members.jsonl,cohort=b2b42;identity=NORMAL
WEBGL1-LOEO-v1-01,B,paired244-devext-c2e38381be26f0a91709871b,b2b42,EFFECTIVE_INTERVENTION,rejected_diagnostic_combination,8,4,4,0,0,8,0.5,1.0,4,8,deliverables/app_resource_constrained_extension_v1/results/combinations.jsonl,base_model_id=paired244-devext-c2e38381be26f0a91709871b;set_id=B;cohort=b2b42;identity=EFFECTIVE_INTERVENTION,deliverables/app_resource_constrained_extension_v1/results/members.jsonl,cohort=b2b42;identity=EFFECTIVE_INTERVENTION
WEBGL1-LOEO-v1-01,B,paired244-devext-c2e38381be26f0a91709871b,resource54,NORMAL,rejected_diagnostic_combination,42,0,42,0,0,42,0.0,1.0,0,42,deliverables/app_resource_constrained_extension_v1/results/combinations.jsonl,base_model_id=paired244-devext-c2e38381be26f0a91709871b;set_id=B;cohort=resource54;identity=NORMAL,deliverables/app_resource_constrained_extension_v1/results/members.jsonl,cohort=resource54;identity=NORMAL
WEBGL1-LOEO-v1-01,B,paired244-devext-c2e38381be26f0a91709871b,resource54,EFFECTIVE_INTERVENTION,rejected_diagnostic_combination,12,9,3,0,0,12,0.75,1.0,9,12,deliverables/app_resource_constrained_extension_v1/results/combinations.jsonl,base_model_id=paired244-devext-c2e38381be26f0a91709871b;set_id=B;cohort=resource54;identity=EFFECTIVE_INTERVENTION,deliverables/app_resource_constrained_extension_v1/results/members.jsonl,cohort=resource54;identity=EFFECTIVE_INTERVENTION
WEBGL1-LOEO-v1-01,B,paired244-devext-c2e38381be26f0a91709871b,mtc_development,NORMAL,rejected_diagnostic_combination,144,1,132,11,0,133,0.006944444444444444,0.9236111111111112,1,144,deliverables/app_resource_constrained_extension_v1/results/combinations.jsonl,base_model_id=paired244-devext-c2e38381be26f0a91709871b;set_id=B;cohort=mtc_development;identity=NORMAL,deliverables/app_resource_constrained_extension_v1/results/members.jsonl,cohort=mtc_development;identity=NORMAL
WEBGL1-LOEO-v1-01,B,paired244-devext-c2e38381be26f0a91709871b,mtc_development,EFFECTIVE_INTERVENTION,rejected_diagnostic_combination,0,0,0,0,0,0,,,0,0,deliverables/app_resource_constrained_extension_v1/results/combinations.jsonl,base_model_id=paired244-devext-c2e38381be26f0a91709871b;set_id=B;cohort=mtc_development;identity=EFFECTIVE_INTERVENTION,deliverables/app_resource_constrained_extension_v1/results/members.jsonl,cohort=mtc_development;identity=EFFECTIVE_INTERVENTION
WEBGL1-LOEO-v1-01,B,paired244-devext-c2e38381be26f0a91709871b,mtc_reserved_validation,NORMAL,rejected_diagnostic_combination,117,1,108,8,0,109,0.008547008547008548,0.9316239316239316,1,117,deliverables/app_resource_constrained_extension_v1/results/combinations.jsonl,base_model_id=paired244-devext-c2e38381be26f0a91709871b;set_id=B;cohort=mtc_reserved_validation;identity=NORMAL,deliverables/app_resource_constrained_extension_v1/results/members.jsonl,cohort=mtc_reserved_validation;identity=NORMAL
WEBGL1-LOEO-v1-01,B,paired244-devext-c2e38381be26f0a91709871b,mtc_reserved_validation,EFFECTIVE_INTERVENTION,rejected_diagnostic_combination,0,0,0,0,0,0,,,0,0,deliverables/app_resource_constrained_extension_v1/results/combinations.jsonl,base_model_id=paired244-devext-c2e38381be26f0a91709871b;set_id=B;cohort=mtc_reserved_validation;identity=EFFECTIVE_INTERVENTION,deliverables/app_resource_constrained_extension_v1/results/members.jsonl,cohort=mtc_reserved_validation;identity=EFFECTIVE_INTERVENTION
WEBGL1-LOEO-v1-01,W,paired244-devext-c2e38381be26f0a91709871b,mtc_discovery,NORMAL,rejected_diagnostic_combination,630,46,514,70,0,560,0.07301587301587302,0.8888888888888888,46,630,deliverables/app_resource_constrained_extension_v1/results/combinations.jsonl,base_model_id=paired244-devext-c2e38381be26f0a91709871b;set_id=W;cohort=mtc_discovery;identity=NORMAL,deliverables/app_resource_constrained_extension_v1/results/members.jsonl,cohort=mtc_discovery;identity=NORMAL
WEBGL1-LOEO-v1-01,W,paired244-devext-c2e38381be26f0a91709871b,mtc_discovery,EFFECTIVE_INTERVENTION,rejected_diagnostic_combination,0,0,0,0,0,0,,,0,0,deliverables/app_resource_constrained_extension_v1/results/combinations.jsonl,base_model_id=paired244-devext-c2e38381be26f0a91709871b;set_id=W;cohort=mtc_discovery;identity=EFFECTIVE_INTERVENTION,deliverables/app_resource_constrained_extension_v1/results/members.jsonl,cohort=mtc_discovery;identity=EFFECTIVE_INTERVENTION
WEBGL1-LOEO-v1-01,W,paired244-devext-c2e38381be26f0a91709871b,pilot18,NORMAL,rejected_diagnostic_combination,12,0,12,0,0,12,0.0,1.0,0,12,deliverables/app_resource_constrained_extension_v1/results/combinations.jsonl,base_model_id=paired244-devext-c2e38381be26f0a91709871b;set_id=W;cohort=pilot18;identity=NORMAL,deliverables/app_resource_constrained_extension_v1/results/members.jsonl,cohort=pilot18;identity=NORMAL
WEBGL1-LOEO-v1-01,W,paired244-devext-c2e38381be26f0a91709871b,pilot18,EFFECTIVE_INTERVENTION,rejected_diagnostic_combination,6,3,3,0,0,6,0.5,1.0,3,6,deliverables/app_resource_constrained_extension_v1/results/combinations.jsonl,base_model_id=paired244-devext-c2e38381be26f0a91709871b;set_id=W;cohort=pilot18;identity=EFFECTIVE_INTERVENTION,deliverables/app_resource_constrained_extension_v1/results/members.jsonl,cohort=pilot18;identity=EFFECTIVE_INTERVENTION
WEBGL1-LOEO-v1-01,W,paired244-devext-c2e38381be26f0a91709871b,b2b42,NORMAL,rejected_diagnostic_combination,34,0,34,0,0,34,0.0,1.0,0,34,deliverables/app_resource_constrained_extension_v1/results/combinations.jsonl,base_model_id=paired244-devext-c2e38381be26f0a91709871b;set_id=W;cohort=b2b42;identity=NORMAL,deliverables/app_resource_constrained_extension_v1/results/members.jsonl,cohort=b2b42;identity=NORMAL
WEBGL1-LOEO-v1-01,W,paired244-devext-c2e38381be26f0a91709871b,b2b42,EFFECTIVE_INTERVENTION,rejected_diagnostic_combination,8,4,4,0,0,8,0.5,1.0,4,8,deliverables/app_resource_constrained_extension_v1/results/combinations.jsonl,base_model_id=paired244-devext-c2e38381be26f0a91709871b;set_id=W;cohort=b2b42;identity=EFFECTIVE_INTERVENTION,deliverables/app_resource_constrained_extension_v1/results/members.jsonl,cohort=b2b42;identity=EFFECTIVE_INTERVENTION
WEBGL1-LOEO-v1-01,W,paired244-devext-c2e38381be26f0a91709871b,resource54,NORMAL,rejected_diagnostic_combination,42,0,42,0,0,42,0.0,1.0,0,42,deliverables/app_resource_constrained_extension_v1/results/combinations.jsonl,base_model_id=paired244-devext-c2e38381be26f0a91709871b;set_id=W;cohort=resource54;identity=NORMAL,deliverables/app_resource_constrained_extension_v1/results/members.jsonl,cohort=resource54;identity=NORMAL
WEBGL1-LOEO-v1-01,W,paired244-devext-c2e38381be26f0a91709871b,resource54,EFFECTIVE_INTERVENTION,rejected_diagnostic_combination,12,12,0,0,0,12,1.0,1.0,12,12,deliverables/app_resource_constrained_extension_v1/results/combinations.jsonl,base_model_id=paired244-devext-c2e38381be26f0a91709871b;set_id=W;cohort=resource54;identity=EFFECTIVE_INTERVENTION,deliverables/app_resource_constrained_extension_v1/results/members.jsonl,cohort=resource54;identity=EFFECTIVE_INTERVENTION
WEBGL1-LOEO-v1-01,W,paired244-devext-c2e38381be26f0a91709871b,mtc_development,NORMAL,rejected_diagnostic_combination,144,7,126,11,0,133,0.04861111111111111,0.9236111111111112,7,144,deliverables/app_resource_constrained_extension_v1/results/combinations.jsonl,base_model_id=paired244-devext-c2e38381be26f0a91709871b;set_id=W;cohort=mtc_development;identity=NORMAL,deliverables/app_resource_constrained_extension_v1/results/members.jsonl,cohort=mtc_development;identity=NORMAL
WEBGL1-LOEO-v1-01,W,paired244-devext-c2e38381be26f0a91709871b,mtc_development,EFFECTIVE_INTERVENTION,rejected_diagnostic_combination,0,0,0,0,0,0,,,0,0,deliverables/app_resource_constrained_extension_v1/results/combinations.jsonl,base_model_id=paired244-devext-c2e38381be26f0a91709871b;set_id=W;cohort=mtc_development;identity=EFFECTIVE_INTERVENTION,deliverables/app_resource_constrained_extension_v1/results/members.jsonl,cohort=mtc_development;identity=EFFECTIVE_INTERVENTION
WEBGL1-LOEO-v1-01,W,paired244-devext-c2e38381be26f0a91709871b,mtc_reserved_validation,NORMAL,rejected_diagnostic_combination,117,17,92,8,0,109,0.1452991452991453,0.9316239316239316,17,117,deliverables/app_resource_constrained_extension_v1/results/combinations.jsonl,base_model_id=paired244-devext-c2e38381be26f0a91709871b;set_id=W;cohort=mtc_reserved_validation;identity=NORMAL,deliverables/app_resource_constrained_extension_v1/results/members.jsonl,cohort=mtc_reserved_validation;identity=NORMAL
WEBGL1-LOEO-v1-01,W,paired244-devext-c2e38381be26f0a91709871b,mtc_reserved_validation,EFFECTIVE_INTERVENTION,rejected_diagnostic_combination,0,0,0,0,0,0,,,0,0,deliverables/app_resource_constrained_extension_v1/results/combinations.jsonl,base_model_id=paired244-devext-c2e38381be26f0a91709871b;set_id=W;cohort=mtc_reserved_validation;identity=EFFECTIVE_INTERVENTION,deliverables/app_resource_constrained_extension_v1/results/members.jsonl,cohort=mtc_reserved_validation;identity=EFFECTIVE_INTERVENTION
WEBGL1-LOEO-v1-01,MW,paired244-devext-c2e38381be26f0a91709871b,mtc_discovery,NORMAL,rejected_diagnostic_combination,630,46,514,70,0,560,0.07301587301587302,0.8888888888888888,46,630,deliverables/app_resource_constrained_extension_v1/results/combinations.jsonl,base_model_id=paired244-devext-c2e38381be26f0a91709871b;set_id=MW;cohort=mtc_discovery;identity=NORMAL,deliverables/app_resource_constrained_extension_v1/results/members.jsonl,cohort=mtc_discovery;identity=NORMAL
WEBGL1-LOEO-v1-01,MW,paired244-devext-c2e38381be26f0a91709871b,mtc_discovery,EFFECTIVE_INTERVENTION,rejected_diagnostic_combination,0,0,0,0,0,0,,,0,0,deliverables/app_resource_constrained_extension_v1/results/combinations.jsonl,base_model_id=paired244-devext-c2e38381be26f0a91709871b;set_id=MW;cohort=mtc_discovery;identity=EFFECTIVE_INTERVENTION,deliverables/app_resource_constrained_extension_v1/results/members.jsonl,cohort=mtc_discovery;identity=EFFECTIVE_INTERVENTION
WEBGL1-LOEO-v1-01,MW,paired244-devext-c2e38381be26f0a91709871b,pilot18,NORMAL,rejected_diagnostic_combination,12,0,12,0,0,12,0.0,1.0,0,12,deliverables/app_resource_constrained_extension_v1/results/combinations.jsonl,base_model_id=paired244-devext-c2e38381be26f0a91709871b;set_id=MW;cohort=pilot18;identity=NORMAL,deliverables/app_resource_constrained_extension_v1/results/members.jsonl,cohort=pilot18;identity=NORMAL
WEBGL1-LOEO-v1-01,MW,paired244-devext-c2e38381be26f0a91709871b,pilot18,EFFECTIVE_INTERVENTION,rejected_diagnostic_combination,6,3,3,0,0,6,0.5,1.0,3,6,deliverables/app_resource_constrained_extension_v1/results/combinations.jsonl,base_model_id=paired244-devext-c2e38381be26f0a91709871b;set_id=MW;cohort=pilot18;identity=EFFECTIVE_INTERVENTION,deliverables/app_resource_constrained_extension_v1/results/members.jsonl,cohort=pilot18;identity=EFFECTIVE_INTERVENTION
WEBGL1-LOEO-v1-01,MW,paired244-devext-c2e38381be26f0a91709871b,b2b42,NORMAL,rejected_diagnostic_combination,34,0,34,0,0,34,0.0,1.0,0,34,deliverables/app_resource_constrained_extension_v1/results/combinations.jsonl,base_model_id=paired244-devext-c2e38381be26f0a91709871b;set_id=MW;cohort=b2b42;identity=NORMAL,deliverables/app_resource_constrained_extension_v1/results/members.jsonl,cohort=b2b42;identity=NORMAL
WEBGL1-LOEO-v1-01,MW,paired244-devext-c2e38381be26f0a91709871b,b2b42,EFFECTIVE_INTERVENTION,rejected_diagnostic_combination,8,4,4,0,0,8,0.5,1.0,4,8,deliverables/app_resource_constrained_extension_v1/results/combinations.jsonl,base_model_id=paired244-devext-c2e38381be26f0a91709871b;set_id=MW;cohort=b2b42;identity=EFFECTIVE_INTERVENTION,deliverables/app_resource_constrained_extension_v1/results/members.jsonl,cohort=b2b42;identity=EFFECTIVE_INTERVENTION
WEBGL1-LOEO-v1-01,MW,paired244-devext-c2e38381be26f0a91709871b,resource54,NORMAL,rejected_diagnostic_combination,42,0,42,0,0,42,0.0,1.0,0,42,deliverables/app_resource_constrained_extension_v1/results/combinations.jsonl,base_model_id=paired244-devext-c2e38381be26f0a91709871b;set_id=MW;cohort=resource54;identity=NORMAL,deliverables/app_resource_constrained_extension_v1/results/members.jsonl,cohort=resource54;identity=NORMAL
WEBGL1-LOEO-v1-01,MW,paired244-devext-c2e38381be26f0a91709871b,resource54,EFFECTIVE_INTERVENTION,rejected_diagnostic_combination,12,12,0,0,0,12,1.0,1.0,12,12,deliverables/app_resource_constrained_extension_v1/results/combinations.jsonl,base_model_id=paired244-devext-c2e38381be26f0a91709871b;set_id=MW;cohort=resource54;identity=EFFECTIVE_INTERVENTION,deliverables/app_resource_constrained_extension_v1/results/members.jsonl,cohort=resource54;identity=EFFECTIVE_INTERVENTION
WEBGL1-LOEO-v1-01,MW,paired244-devext-c2e38381be26f0a91709871b,mtc_development,NORMAL,rejected_diagnostic_combination,144,7,126,11,0,133,0.04861111111111111,0.9236111111111112,7,144,deliverables/app_resource_constrained_extension_v1/results/combinations.jsonl,base_model_id=paired244-devext-c2e38381be26f0a91709871b;set_id=MW;cohort=mtc_development;identity=NORMAL,deliverables/app_resource_constrained_extension_v1/results/members.jsonl,cohort=mtc_development;identity=NORMAL
WEBGL1-LOEO-v1-01,MW,paired244-devext-c2e38381be26f0a91709871b,mtc_development,EFFECTIVE_INTERVENTION,rejected_diagnostic_combination,0,0,0,0,0,0,,,0,0,deliverables/app_resource_constrained_extension_v1/results/combinations.jsonl,base_model_id=paired244-devext-c2e38381be26f0a91709871b;set_id=MW;cohort=mtc_development;identity=EFFECTIVE_INTERVENTION,deliverables/app_resource_constrained_extension_v1/results/members.jsonl,cohort=mtc_development;identity=EFFECTIVE_INTERVENTION
WEBGL1-LOEO-v1-01,MW,paired244-devext-c2e38381be26f0a91709871b,mtc_reserved_validation,NORMAL,rejected_diagnostic_combination,117,17,92,8,0,109,0.1452991452991453,0.9316239316239316,17,117,deliverables/app_resource_constrained_extension_v1/results/combinations.jsonl,base_model_id=paired244-devext-c2e38381be26f0a91709871b;set_id=MW;cohort=mtc_reserved_validation;identity=NORMAL,deliverables/app_resource_constrained_extension_v1/results/members.jsonl,cohort=mtc_reserved_validation;identity=NORMAL
WEBGL1-LOEO-v1-01,MW,paired244-devext-c2e38381be26f0a91709871b,mtc_reserved_validation,EFFECTIVE_INTERVENTION,rejected_diagnostic_combination,0,0,0,0,0,0,,,0,0,deliverables/app_resource_constrained_extension_v1/results/combinations.jsonl,base_model_id=paired244-devext-c2e38381be26f0a91709871b;set_id=MW;cohort=mtc_reserved_validation;identity=EFFECTIVE_INTERVENTION,deliverables/app_resource_constrained_extension_v1/results/members.jsonl,cohort=mtc_reserved_validation;identity=EFFECTIVE_INTERVENTION
WEBGL1-LOEO-v1-01,MB,paired244-devext-c2e38381be26f0a91709871b,mtc_discovery,NORMAL,rejected_diagnostic_combination,630,8,552,70,0,560,0.012698412698412698,0.8888888888888888,8,630,deliverables/app_resource_constrained_extension_v1/results/combinations.jsonl,base_model_id=paired244-devext-c2e38381be26f0a91709871b;set_id=MB;cohort=mtc_discovery;identity=NORMAL,deliverables/app_resource_constrained_extension_v1/results/members.jsonl,cohort=mtc_discovery;identity=NORMAL
WEBGL1-LOEO-v1-01,MB,paired244-devext-c2e38381be26f0a91709871b,mtc_discovery,EFFECTIVE_INTERVENTION,rejected_diagnostic_combination,0,0,0,0,0,0,,,0,0,deliverables/app_resource_constrained_extension_v1/results/combinations.jsonl,base_model_id=paired244-devext-c2e38381be26f0a91709871b;set_id=MB;cohort=mtc_discovery;identity=EFFECTIVE_INTERVENTION,deliverables/app_resource_constrained_extension_v1/results/members.jsonl,cohort=mtc_discovery;identity=EFFECTIVE_INTERVENTION
WEBGL1-LOEO-v1-01,MB,paired244-devext-c2e38381be26f0a91709871b,pilot18,NORMAL,rejected_diagnostic_combination,12,0,12,0,0,12,0.0,1.0,0,12,deliverables/app_resource_constrained_extension_v1/results/combinations.jsonl,base_model_id=paired244-devext-c2e38381be26f0a91709871b;set_id=MB;cohort=pilot18;identity=NORMAL,deliverables/app_resource_constrained_extension_v1/results/members.jsonl,cohort=pilot18;identity=NORMAL
WEBGL1-LOEO-v1-01,MB,paired244-devext-c2e38381be26f0a91709871b,pilot18,EFFECTIVE_INTERVENTION,rejected_diagnostic_combination,6,3,3,0,0,6,0.5,1.0,3,6,deliverables/app_resource_constrained_extension_v1/results/combinations.jsonl,base_model_id=paired244-devext-c2e38381be26f0a91709871b;set_id=MB;cohort=pilot18;identity=EFFECTIVE_INTERVENTION,deliverables/app_resource_constrained_extension_v1/results/members.jsonl,cohort=pilot18;identity=EFFECTIVE_INTERVENTION
WEBGL1-LOEO-v1-01,MB,paired244-devext-c2e38381be26f0a91709871b,b2b42,NORMAL,rejected_diagnostic_combination,34,0,34,0,0,34,0.0,1.0,0,34,deliverables/app_resource_constrained_extension_v1/results/combinations.jsonl,base_model_id=paired244-devext-c2e38381be26f0a91709871b;set_id=MB;cohort=b2b42;identity=NORMAL,deliverables/app_resource_constrained_extension_v1/results/members.jsonl,cohort=b2b42;identity=NORMAL
WEBGL1-LOEO-v1-01,MB,paired244-devext-c2e38381be26f0a91709871b,b2b42,EFFECTIVE_INTERVENTION,rejected_diagnostic_combination,8,4,4,0,0,8,0.5,1.0,4,8,deliverables/app_resource_constrained_extension_v1/results/combinations.jsonl,base_model_id=paired244-devext-c2e38381be26f0a91709871b;set_id=MB;cohort=b2b42;identity=EFFECTIVE_INTERVENTION,deliverables/app_resource_constrained_extension_v1/results/members.jsonl,cohort=b2b42;identity=EFFECTIVE_INTERVENTION
WEBGL1-LOEO-v1-01,MB,paired244-devext-c2e38381be26f0a91709871b,resource54,NORMAL,rejected_diagnostic_combination,42,0,42,0,0,42,0.0,1.0,0,42,deliverables/app_resource_constrained_extension_v1/results/combinations.jsonl,base_model_id=paired244-devext-c2e38381be26f0a91709871b;set_id=MB;cohort=resource54;identity=NORMAL,deliverables/app_resource_constrained_extension_v1/results/members.jsonl,cohort=resource54;identity=NORMAL
WEBGL1-LOEO-v1-01,MB,paired244-devext-c2e38381be26f0a91709871b,resource54,EFFECTIVE_INTERVENTION,rejected_diagnostic_combination,12,12,0,0,0,12,1.0,1.0,12,12,deliverables/app_resource_constrained_extension_v1/results/combinations.jsonl,base_model_id=paired244-devext-c2e38381be26f0a91709871b;set_id=MB;cohort=resource54;identity=EFFECTIVE_INTERVENTION,deliverables/app_resource_constrained_extension_v1/results/members.jsonl,cohort=resource54;identity=EFFECTIVE_INTERVENTION
WEBGL1-LOEO-v1-01,MB,paired244-devext-c2e38381be26f0a91709871b,mtc_development,NORMAL,rejected_diagnostic_combination,144,1,132,11,0,133,0.006944444444444444,0.9236111111111112,1,144,deliverables/app_resource_constrained_extension_v1/results/combinations.jsonl,base_model_id=paired244-devext-c2e38381be26f0a91709871b;set_id=MB;cohort=mtc_development;identity=NORMAL,deliverables/app_resource_constrained_extension_v1/results/members.jsonl,cohort=mtc_development;identity=NORMAL
WEBGL1-LOEO-v1-01,MB,paired244-devext-c2e38381be26f0a91709871b,mtc_development,EFFECTIVE_INTERVENTION,rejected_diagnostic_combination,0,0,0,0,0,0,,,0,0,deliverables/app_resource_constrained_extension_v1/results/combinations.jsonl,base_model_id=paired244-devext-c2e38381be26f0a91709871b;set_id=MB;cohort=mtc_development;identity=EFFECTIVE_INTERVENTION,deliverables/app_resource_constrained_extension_v1/results/members.jsonl,cohort=mtc_development;identity=EFFECTIVE_INTERVENTION
WEBGL1-LOEO-v1-01,MB,paired244-devext-c2e38381be26f0a91709871b,mtc_reserved_validation,NORMAL,rejected_diagnostic_combination,117,2,107,8,0,109,0.017094017094017096,0.9316239316239316,2,117,deliverables/app_resource_constrained_extension_v1/results/combinations.jsonl,base_model_id=paired244-devext-c2e38381be26f0a91709871b;set_id=MB;cohort=mtc_reserved_validation;identity=NORMAL,deliverables/app_resource_constrained_extension_v1/results/members.jsonl,cohort=mtc_reserved_validation;identity=NORMAL
WEBGL1-LOEO-v1-01,MB,paired244-devext-c2e38381be26f0a91709871b,mtc_reserved_validation,EFFECTIVE_INTERVENTION,rejected_diagnostic_combination,0,0,0,0,0,0,,,0,0,deliverables/app_resource_constrained_extension_v1/results/combinations.jsonl,base_model_id=paired244-devext-c2e38381be26f0a91709871b;set_id=MB;cohort=mtc_reserved_validation;identity=EFFECTIVE_INTERVENTION,deliverables/app_resource_constrained_extension_v1/results/members.jsonl,cohort=mtc_reserved_validation;identity=EFFECTIVE_INTERVENTION
WEBGL1-LOEO-v1-01,WB,paired244-devext-c2e38381be26f0a91709871b,mtc_discovery,NORMAL,rejected_diagnostic_combination,630,46,514,70,0,560,0.07301587301587302,0.8888888888888888,46,630,deliverables/app_resource_constrained_extension_v1/results/combinations.jsonl,base_model_id=paired244-devext-c2e38381be26f0a91709871b;set_id=WB;cohort=mtc_discovery;identity=NORMAL,deliverables/app_resource_constrained_extension_v1/results/members.jsonl,cohort=mtc_discovery;identity=NORMAL
WEBGL1-LOEO-v1-01,WB,paired244-devext-c2e38381be26f0a91709871b,mtc_discovery,EFFECTIVE_INTERVENTION,rejected_diagnostic_combination,0,0,0,0,0,0,,,0,0,deliverables/app_resource_constrained_extension_v1/results/combinations.jsonl,base_model_id=paired244-devext-c2e38381be26f0a91709871b;set_id=WB;cohort=mtc_discovery;identity=EFFECTIVE_INTERVENTION,deliverables/app_resource_constrained_extension_v1/results/members.jsonl,cohort=mtc_discovery;identity=EFFECTIVE_INTERVENTION
WEBGL1-LOEO-v1-01,WB,paired244-devext-c2e38381be26f0a91709871b,pilot18,NORMAL,rejected_diagnostic_combination,12,0,12,0,0,12,0.0,1.0,0,12,deliverables/app_resource_constrained_extension_v1/results/combinations.jsonl,base_model_id=paired244-devext-c2e38381be26f0a91709871b;set_id=WB;cohort=pilot18;identity=NORMAL,deliverables/app_resource_constrained_extension_v1/results/members.jsonl,cohort=pilot18;identity=NORMAL
WEBGL1-LOEO-v1-01,WB,paired244-devext-c2e38381be26f0a91709871b,pilot18,EFFECTIVE_INTERVENTION,rejected_diagnostic_combination,6,3,3,0,0,6,0.5,1.0,3,6,deliverables/app_resource_constrained_extension_v1/results/combinations.jsonl,base_model_id=paired244-devext-c2e38381be26f0a91709871b;set_id=WB;cohort=pilot18;identity=EFFECTIVE_INTERVENTION,deliverables/app_resource_constrained_extension_v1/results/members.jsonl,cohort=pilot18;identity=EFFECTIVE_INTERVENTION
WEBGL1-LOEO-v1-01,WB,paired244-devext-c2e38381be26f0a91709871b,b2b42,NORMAL,rejected_diagnostic_combination,34,0,34,0,0,34,0.0,1.0,0,34,deliverables/app_resource_constrained_extension_v1/results/combinations.jsonl,base_model_id=paired244-devext-c2e38381be26f0a91709871b;set_id=WB;cohort=b2b42;identity=NORMAL,deliverables/app_resource_constrained_extension_v1/results/members.jsonl,cohort=b2b42;identity=NORMAL
WEBGL1-LOEO-v1-01,WB,paired244-devext-c2e38381be26f0a91709871b,b2b42,EFFECTIVE_INTERVENTION,rejected_diagnostic_combination,8,4,4,0,0,8,0.5,1.0,4,8,deliverables/app_resource_constrained_extension_v1/results/combinations.jsonl,base_model_id=paired244-devext-c2e38381be26f0a91709871b;set_id=WB;cohort=b2b42;identity=EFFECTIVE_INTERVENTION,deliverables/app_resource_constrained_extension_v1/results/members.jsonl,cohort=b2b42;identity=EFFECTIVE_INTERVENTION
WEBGL1-LOEO-v1-01,WB,paired244-devext-c2e38381be26f0a91709871b,resource54,NORMAL,rejected_diagnostic_combination,42,0,42,0,0,42,0.0,1.0,0,42,deliverables/app_resource_constrained_extension_v1/results/combinations.jsonl,base_model_id=paired244-devext-c2e38381be26f0a91709871b;set_id=WB;cohort=resource54;identity=NORMAL,deliverables/app_resource_constrained_extension_v1/results/members.jsonl,cohort=resource54;identity=NORMAL
WEBGL1-LOEO-v1-01,WB,paired244-devext-c2e38381be26f0a91709871b,resource54,EFFECTIVE_INTERVENTION,rejected_diagnostic_combination,12,12,0,0,0,12,1.0,1.0,12,12,deliverables/app_resource_constrained_extension_v1/results/combinations.jsonl,base_model_id=paired244-devext-c2e38381be26f0a91709871b;set_id=WB;cohort=resource54;identity=EFFECTIVE_INTERVENTION,deliverables/app_resource_constrained_extension_v1/results/members.jsonl,cohort=resource54;identity=EFFECTIVE_INTERVENTION
WEBGL1-LOEO-v1-01,WB,paired244-devext-c2e38381be26f0a91709871b,mtc_development,NORMAL,rejected_diagnostic_combination,144,7,126,11,0,133,0.04861111111111111,0.9236111111111112,7,144,deliverables/app_resource_constrained_extension_v1/results/combinations.jsonl,base_model_id=paired244-devext-c2e38381be26f0a91709871b;set_id=WB;cohort=mtc_development;identity=NORMAL,deliverables/app_resource_constrained_extension_v1/results/members.jsonl,cohort=mtc_development;identity=NORMAL
WEBGL1-LOEO-v1-01,WB,paired244-devext-c2e38381be26f0a91709871b,mtc_development,EFFECTIVE_INTERVENTION,rejected_diagnostic_combination,0,0,0,0,0,0,,,0,0,deliverables/app_resource_constrained_extension_v1/results/combinations.jsonl,base_model_id=paired244-devext-c2e38381be26f0a91709871b;set_id=WB;cohort=mtc_development;identity=EFFECTIVE_INTERVENTION,deliverables/app_resource_constrained_extension_v1/results/members.jsonl,cohort=mtc_development;identity=EFFECTIVE_INTERVENTION
WEBGL1-LOEO-v1-01,WB,paired244-devext-c2e38381be26f0a91709871b,mtc_reserved_validation,NORMAL,rejected_diagnostic_combination,117,17,92,8,0,109,0.1452991452991453,0.9316239316239316,17,117,deliverables/app_resource_constrained_extension_v1/results/combinations.jsonl,base_model_id=paired244-devext-c2e38381be26f0a91709871b;set_id=WB;cohort=mtc_reserved_validation;identity=NORMAL,deliverables/app_resource_constrained_extension_v1/results/members.jsonl,cohort=mtc_reserved_validation;identity=NORMAL
WEBGL1-LOEO-v1-01,WB,paired244-devext-c2e38381be26f0a91709871b,mtc_reserved_validation,EFFECTIVE_INTERVENTION,rejected_diagnostic_combination,0,0,0,0,0,0,,,0,0,deliverables/app_resource_constrained_extension_v1/results/combinations.jsonl,base_model_id=paired244-devext-c2e38381be26f0a91709871b;set_id=WB;cohort=mtc_reserved_validation;identity=EFFECTIVE_INTERVENTION,deliverables/app_resource_constrained_extension_v1/results/members.jsonl,cohort=mtc_reserved_validation;identity=EFFECTIVE_INTERVENTION
WEBGL1-LOEO-v1-01,MWB,paired244-devext-c2e38381be26f0a91709871b,mtc_discovery,NORMAL,rejected_diagnostic_combination,630,46,514,70,0,560,0.07301587301587302,0.8888888888888888,46,630,deliverables/app_resource_constrained_extension_v1/results/combinations.jsonl,base_model_id=paired244-devext-c2e38381be26f0a91709871b;set_id=MWB;cohort=mtc_discovery;identity=NORMAL,deliverables/app_resource_constrained_extension_v1/results/members.jsonl,cohort=mtc_discovery;identity=NORMAL
WEBGL1-LOEO-v1-01,MWB,paired244-devext-c2e38381be26f0a91709871b,mtc_discovery,EFFECTIVE_INTERVENTION,rejected_diagnostic_combination,0,0,0,0,0,0,,,0,0,deliverables/app_resource_constrained_extension_v1/results/combinations.jsonl,base_model_id=paired244-devext-c2e38381be26f0a91709871b;set_id=MWB;cohort=mtc_discovery;identity=EFFECTIVE_INTERVENTION,deliverables/app_resource_constrained_extension_v1/results/members.jsonl,cohort=mtc_discovery;identity=EFFECTIVE_INTERVENTION
WEBGL1-LOEO-v1-01,MWB,paired244-devext-c2e38381be26f0a91709871b,pilot18,NORMAL,rejected_diagnostic_combination,12,0,12,0,0,12,0.0,1.0,0,12,deliverables/app_resource_constrained_extension_v1/results/combinations.jsonl,base_model_id=paired244-devext-c2e38381be26f0a91709871b;set_id=MWB;cohort=pilot18;identity=NORMAL,deliverables/app_resource_constrained_extension_v1/results/members.jsonl,cohort=pilot18;identity=NORMAL
WEBGL1-LOEO-v1-01,MWB,paired244-devext-c2e38381be26f0a91709871b,pilot18,EFFECTIVE_INTERVENTION,rejected_diagnostic_combination,6,3,3,0,0,6,0.5,1.0,3,6,deliverables/app_resource_constrained_extension_v1/results/combinations.jsonl,base_model_id=paired244-devext-c2e38381be26f0a91709871b;set_id=MWB;cohort=pilot18;identity=EFFECTIVE_INTERVENTION,deliverables/app_resource_constrained_extension_v1/results/members.jsonl,cohort=pilot18;identity=EFFECTIVE_INTERVENTION
WEBGL1-LOEO-v1-01,MWB,paired244-devext-c2e38381be26f0a91709871b,b2b42,NORMAL,rejected_diagnostic_combination,34,0,34,0,0,34,0.0,1.0,0,34,deliverables/app_resource_constrained_extension_v1/results/combinations.jsonl,base_model_id=paired244-devext-c2e38381be26f0a91709871b;set_id=MWB;cohort=b2b42;identity=NORMAL,deliverables/app_resource_constrained_extension_v1/results/members.jsonl,cohort=b2b42;identity=NORMAL
WEBGL1-LOEO-v1-01,MWB,paired244-devext-c2e38381be26f0a91709871b,b2b42,EFFECTIVE_INTERVENTION,rejected_diagnostic_combination,8,4,4,0,0,8,0.5,1.0,4,8,deliverables/app_resource_constrained_extension_v1/results/combinations.jsonl,base_model_id=paired244-devext-c2e38381be26f0a91709871b;set_id=MWB;cohort=b2b42;identity=EFFECTIVE_INTERVENTION,deliverables/app_resource_constrained_extension_v1/results/members.jsonl,cohort=b2b42;identity=EFFECTIVE_INTERVENTION
WEBGL1-LOEO-v1-01,MWB,paired244-devext-c2e38381be26f0a91709871b,resource54,NORMAL,rejected_diagnostic_combination,42,0,42,0,0,42,0.0,1.0,0,42,deliverables/app_resource_constrained_extension_v1/results/combinations.jsonl,base_model_id=paired244-devext-c2e38381be26f0a91709871b;set_id=MWB;cohort=resource54;identity=NORMAL,deliverables/app_resource_constrained_extension_v1/results/members.jsonl,cohort=resource54;identity=NORMAL
WEBGL1-LOEO-v1-01,MWB,paired244-devext-c2e38381be26f0a91709871b,resource54,EFFECTIVE_INTERVENTION,rejected_diagnostic_combination,12,12,0,0,0,12,1.0,1.0,12,12,deliverables/app_resource_constrained_extension_v1/results/combinations.jsonl,base_model_id=paired244-devext-c2e38381be26f0a91709871b;set_id=MWB;cohort=resource54;identity=EFFECTIVE_INTERVENTION,deliverables/app_resource_constrained_extension_v1/results/members.jsonl,cohort=resource54;identity=EFFECTIVE_INTERVENTION
WEBGL1-LOEO-v1-01,MWB,paired244-devext-c2e38381be26f0a91709871b,mtc_development,NORMAL,rejected_diagnostic_combination,144,7,126,11,0,133,0.04861111111111111,0.9236111111111112,7,144,deliverables/app_resource_constrained_extension_v1/results/combinations.jsonl,base_model_id=paired244-devext-c2e38381be26f0a91709871b;set_id=MWB;cohort=mtc_development;identity=NORMAL,deliverables/app_resource_constrained_extension_v1/results/members.jsonl,cohort=mtc_development;identity=NORMAL
WEBGL1-LOEO-v1-01,MWB,paired244-devext-c2e38381be26f0a91709871b,mtc_development,EFFECTIVE_INTERVENTION,rejected_diagnostic_combination,0,0,0,0,0,0,,,0,0,deliverables/app_resource_constrained_extension_v1/results/combinations.jsonl,base_model_id=paired244-devext-c2e38381be26f0a91709871b;set_id=MWB;cohort=mtc_development;identity=EFFECTIVE_INTERVENTION,deliverables/app_resource_constrained_extension_v1/results/members.jsonl,cohort=mtc_development;identity=EFFECTIVE_INTERVENTION
WEBGL1-LOEO-v1-01,MWB,paired244-devext-c2e38381be26f0a91709871b,mtc_reserved_validation,NORMAL,rejected_diagnostic_combination,117,17,92,8,0,109,0.1452991452991453,0.9316239316239316,17,117,deliverables/app_resource_constrained_extension_v1/results/combinations.jsonl,base_model_id=paired244-devext-c2e38381be26f0a91709871b;set_id=MWB;cohort=mtc_reserved_validation;identity=NORMAL,deliverables/app_resource_constrained_extension_v1/results/members.jsonl,cohort=mtc_reserved_validation;identity=NORMAL
WEBGL1-LOEO-v1-01,MWB,paired244-devext-c2e38381be26f0a91709871b,mtc_reserved_validation,EFFECTIVE_INTERVENTION,rejected_diagnostic_combination,0,0,0,0,0,0,,,0,0,deliverables/app_resource_constrained_extension_v1/results/combinations.jsonl,base_model_id=paired244-devext-c2e38381be26f0a91709871b;set_id=MWB;cohort=mtc_reserved_validation;identity=EFFECTIVE_INTERVENTION,deliverables/app_resource_constrained_extension_v1/results/members.jsonl,cohort=mtc_reserved_validation;identity=EFFECTIVE_INTERVENTION
WEBGL1-LOEO-v1-02,S0,paired244-devext-9688bfa5bc943c8095f94b46,mtc_discovery,NORMAL,retained_complete_method,630,6,561,63,0,567,0.009523809523809525,0.9,6,630,deliverables/app_resource_constrained_extension_v1/results/combinations.jsonl,base_model_id=paired244-devext-9688bfa5bc943c8095f94b46;set_id=S0;cohort=mtc_discovery;identity=NORMAL,deliverables/app_resource_constrained_extension_v1/results/members.jsonl,cohort=mtc_discovery;identity=NORMAL
WEBGL1-LOEO-v1-02,S0,paired244-devext-9688bfa5bc943c8095f94b46,mtc_discovery,EFFECTIVE_INTERVENTION,retained_complete_method,0,0,0,0,0,0,,,0,0,deliverables/app_resource_constrained_extension_v1/results/combinations.jsonl,base_model_id=paired244-devext-9688bfa5bc943c8095f94b46;set_id=S0;cohort=mtc_discovery;identity=EFFECTIVE_INTERVENTION,deliverables/app_resource_constrained_extension_v1/results/members.jsonl,cohort=mtc_discovery;identity=EFFECTIVE_INTERVENTION
WEBGL1-LOEO-v1-02,S0,paired244-devext-9688bfa5bc943c8095f94b46,pilot18,NORMAL,retained_complete_method,12,0,12,0,0,12,0.0,1.0,0,12,deliverables/app_resource_constrained_extension_v1/results/combinations.jsonl,base_model_id=paired244-devext-9688bfa5bc943c8095f94b46;set_id=S0;cohort=pilot18;identity=NORMAL,deliverables/app_resource_constrained_extension_v1/results/members.jsonl,cohort=pilot18;identity=NORMAL
WEBGL1-LOEO-v1-02,S0,paired244-devext-9688bfa5bc943c8095f94b46,pilot18,EFFECTIVE_INTERVENTION,retained_complete_method,6,3,3,0,0,6,0.5,1.0,3,6,deliverables/app_resource_constrained_extension_v1/results/combinations.jsonl,base_model_id=paired244-devext-9688bfa5bc943c8095f94b46;set_id=S0;cohort=pilot18;identity=EFFECTIVE_INTERVENTION,deliverables/app_resource_constrained_extension_v1/results/members.jsonl,cohort=pilot18;identity=EFFECTIVE_INTERVENTION
WEBGL1-LOEO-v1-02,S0,paired244-devext-9688bfa5bc943c8095f94b46,b2b42,NORMAL,retained_complete_method,34,0,34,0,0,34,0.0,1.0,0,34,deliverables/app_resource_constrained_extension_v1/results/combinations.jsonl,base_model_id=paired244-devext-9688bfa5bc943c8095f94b46;set_id=S0;cohort=b2b42;identity=NORMAL,deliverables/app_resource_constrained_extension_v1/results/members.jsonl,cohort=b2b42;identity=NORMAL
WEBGL1-LOEO-v1-02,S0,paired244-devext-9688bfa5bc943c8095f94b46,b2b42,EFFECTIVE_INTERVENTION,retained_complete_method,8,4,4,0,0,8,0.5,1.0,4,8,deliverables/app_resource_constrained_extension_v1/results/combinations.jsonl,base_model_id=paired244-devext-9688bfa5bc943c8095f94b46;set_id=S0;cohort=b2b42;identity=EFFECTIVE_INTERVENTION,deliverables/app_resource_constrained_extension_v1/results/members.jsonl,cohort=b2b42;identity=EFFECTIVE_INTERVENTION
WEBGL1-LOEO-v1-02,S0,paired244-devext-9688bfa5bc943c8095f94b46,resource54,NORMAL,retained_complete_method,42,0,42,0,0,42,0.0,1.0,0,42,deliverables/app_resource_constrained_extension_v1/results/combinations.jsonl,base_model_id=paired244-devext-9688bfa5bc943c8095f94b46;set_id=S0;cohort=resource54;identity=NORMAL,deliverables/app_resource_constrained_extension_v1/results/members.jsonl,cohort=resource54;identity=NORMAL
WEBGL1-LOEO-v1-02,S0,paired244-devext-9688bfa5bc943c8095f94b46,resource54,EFFECTIVE_INTERVENTION,retained_complete_method,12,6,6,0,0,12,0.5,1.0,6,12,deliverables/app_resource_constrained_extension_v1/results/combinations.jsonl,base_model_id=paired244-devext-9688bfa5bc943c8095f94b46;set_id=S0;cohort=resource54;identity=EFFECTIVE_INTERVENTION,deliverables/app_resource_constrained_extension_v1/results/members.jsonl,cohort=resource54;identity=EFFECTIVE_INTERVENTION
WEBGL1-LOEO-v1-02,S0,paired244-devext-9688bfa5bc943c8095f94b46,mtc_development,NORMAL,retained_complete_method,144,1,132,11,0,133,0.006944444444444444,0.9236111111111112,1,144,deliverables/app_resource_constrained_extension_v1/results/combinations.jsonl,base_model_id=paired244-devext-9688bfa5bc943c8095f94b46;set_id=S0;cohort=mtc_development;identity=NORMAL,deliverables/app_resource_constrained_extension_v1/results/members.jsonl,cohort=mtc_development;identity=NORMAL
WEBGL1-LOEO-v1-02,S0,paired244-devext-9688bfa5bc943c8095f94b46,mtc_development,EFFECTIVE_INTERVENTION,retained_complete_method,0,0,0,0,0,0,,,0,0,deliverables/app_resource_constrained_extension_v1/results/combinations.jsonl,base_model_id=paired244-devext-9688bfa5bc943c8095f94b46;set_id=S0;cohort=mtc_development;identity=EFFECTIVE_INTERVENTION,deliverables/app_resource_constrained_extension_v1/results/members.jsonl,cohort=mtc_development;identity=EFFECTIVE_INTERVENTION
WEBGL1-LOEO-v1-02,S0,paired244-devext-9688bfa5bc943c8095f94b46,mtc_reserved_validation,NORMAL,retained_complete_method,117,1,110,6,0,111,0.008547008547008548,0.9487179487179487,1,117,deliverables/app_resource_constrained_extension_v1/results/combinations.jsonl,base_model_id=paired244-devext-9688bfa5bc943c8095f94b46;set_id=S0;cohort=mtc_reserved_validation;identity=NORMAL,deliverables/app_resource_constrained_extension_v1/results/members.jsonl,cohort=mtc_reserved_validation;identity=NORMAL
WEBGL1-LOEO-v1-02,S0,paired244-devext-9688bfa5bc943c8095f94b46,mtc_reserved_validation,EFFECTIVE_INTERVENTION,retained_complete_method,0,0,0,0,0,0,,,0,0,deliverables/app_resource_constrained_extension_v1/results/combinations.jsonl,base_model_id=paired244-devext-9688bfa5bc943c8095f94b46;set_id=S0;cohort=mtc_reserved_validation;identity=EFFECTIVE_INTERVENTION,deliverables/app_resource_constrained_extension_v1/results/members.jsonl,cohort=mtc_reserved_validation;identity=EFFECTIVE_INTERVENTION
WEBGL1-LOEO-v1-02,M,paired244-devext-9688bfa5bc943c8095f94b46,mtc_discovery,NORMAL,rejected_diagnostic_combination,630,8,552,70,0,560,0.012698412698412698,0.8888888888888888,8,630,deliverables/app_resource_constrained_extension_v1/results/combinations.jsonl,base_model_id=paired244-devext-9688bfa5bc943c8095f94b46;set_id=M;cohort=mtc_discovery;identity=NORMAL,deliverables/app_resource_constrained_extension_v1/results/members.jsonl,cohort=mtc_discovery;identity=NORMAL
WEBGL1-LOEO-v1-02,M,paired244-devext-9688bfa5bc943c8095f94b46,mtc_discovery,EFFECTIVE_INTERVENTION,rejected_diagnostic_combination,0,0,0,0,0,0,,,0,0,deliverables/app_resource_constrained_extension_v1/results/combinations.jsonl,base_model_id=paired244-devext-9688bfa5bc943c8095f94b46;set_id=M;cohort=mtc_discovery;identity=EFFECTIVE_INTERVENTION,deliverables/app_resource_constrained_extension_v1/results/members.jsonl,cohort=mtc_discovery;identity=EFFECTIVE_INTERVENTION
WEBGL1-LOEO-v1-02,M,paired244-devext-9688bfa5bc943c8095f94b46,pilot18,NORMAL,rejected_diagnostic_combination,12,0,12,0,0,12,0.0,1.0,0,12,deliverables/app_resource_constrained_extension_v1/results/combinations.jsonl,base_model_id=paired244-devext-9688bfa5bc943c8095f94b46;set_id=M;cohort=pilot18;identity=NORMAL,deliverables/app_resource_constrained_extension_v1/results/members.jsonl,cohort=pilot18;identity=NORMAL
WEBGL1-LOEO-v1-02,M,paired244-devext-9688bfa5bc943c8095f94b46,pilot18,EFFECTIVE_INTERVENTION,rejected_diagnostic_combination,6,3,3,0,0,6,0.5,1.0,3,6,deliverables/app_resource_constrained_extension_v1/results/combinations.jsonl,base_model_id=paired244-devext-9688bfa5bc943c8095f94b46;set_id=M;cohort=pilot18;identity=EFFECTIVE_INTERVENTION,deliverables/app_resource_constrained_extension_v1/results/members.jsonl,cohort=pilot18;identity=EFFECTIVE_INTERVENTION
WEBGL1-LOEO-v1-02,M,paired244-devext-9688bfa5bc943c8095f94b46,b2b42,NORMAL,rejected_diagnostic_combination,34,0,34,0,0,34,0.0,1.0,0,34,deliverables/app_resource_constrained_extension_v1/results/combinations.jsonl,base_model_id=paired244-devext-9688bfa5bc943c8095f94b46;set_id=M;cohort=b2b42;identity=NORMAL,deliverables/app_resource_constrained_extension_v1/results/members.jsonl,cohort=b2b42;identity=NORMAL
WEBGL1-LOEO-v1-02,M,paired244-devext-9688bfa5bc943c8095f94b46,b2b42,EFFECTIVE_INTERVENTION,rejected_diagnostic_combination,8,4,4,0,0,8,0.5,1.0,4,8,deliverables/app_resource_constrained_extension_v1/results/combinations.jsonl,base_model_id=paired244-devext-9688bfa5bc943c8095f94b46;set_id=M;cohort=b2b42;identity=EFFECTIVE_INTERVENTION,deliverables/app_resource_constrained_extension_v1/results/members.jsonl,cohort=b2b42;identity=EFFECTIVE_INTERVENTION
WEBGL1-LOEO-v1-02,M,paired244-devext-9688bfa5bc943c8095f94b46,resource54,NORMAL,rejected_diagnostic_combination,42,0,42,0,0,42,0.0,1.0,0,42,deliverables/app_resource_constrained_extension_v1/results/combinations.jsonl,base_model_id=paired244-devext-9688bfa5bc943c8095f94b46;set_id=M;cohort=resource54;identity=NORMAL,deliverables/app_resource_constrained_extension_v1/results/members.jsonl,cohort=resource54;identity=NORMAL
WEBGL1-LOEO-v1-02,M,paired244-devext-9688bfa5bc943c8095f94b46,resource54,EFFECTIVE_INTERVENTION,rejected_diagnostic_combination,12,12,0,0,0,12,1.0,1.0,12,12,deliverables/app_resource_constrained_extension_v1/results/combinations.jsonl,base_model_id=paired244-devext-9688bfa5bc943c8095f94b46;set_id=M;cohort=resource54;identity=EFFECTIVE_INTERVENTION,deliverables/app_resource_constrained_extension_v1/results/members.jsonl,cohort=resource54;identity=EFFECTIVE_INTERVENTION
WEBGL1-LOEO-v1-02,M,paired244-devext-9688bfa5bc943c8095f94b46,mtc_development,NORMAL,rejected_diagnostic_combination,144,1,132,11,0,133,0.006944444444444444,0.9236111111111112,1,144,deliverables/app_resource_constrained_extension_v1/results/combinations.jsonl,base_model_id=paired244-devext-9688bfa5bc943c8095f94b46;set_id=M;cohort=mtc_development;identity=NORMAL,deliverables/app_resource_constrained_extension_v1/results/members.jsonl,cohort=mtc_development;identity=NORMAL
WEBGL1-LOEO-v1-02,M,paired244-devext-9688bfa5bc943c8095f94b46,mtc_development,EFFECTIVE_INTERVENTION,rejected_diagnostic_combination,0,0,0,0,0,0,,,0,0,deliverables/app_resource_constrained_extension_v1/results/combinations.jsonl,base_model_id=paired244-devext-9688bfa5bc943c8095f94b46;set_id=M;cohort=mtc_development;identity=EFFECTIVE_INTERVENTION,deliverables/app_resource_constrained_extension_v1/results/members.jsonl,cohort=mtc_development;identity=EFFECTIVE_INTERVENTION
WEBGL1-LOEO-v1-02,M,paired244-devext-9688bfa5bc943c8095f94b46,mtc_reserved_validation,NORMAL,rejected_diagnostic_combination,117,2,107,8,0,109,0.017094017094017096,0.9316239316239316,2,117,deliverables/app_resource_constrained_extension_v1/results/combinations.jsonl,base_model_id=paired244-devext-9688bfa5bc943c8095f94b46;set_id=M;cohort=mtc_reserved_validation;identity=NORMAL,deliverables/app_resource_constrained_extension_v1/results/members.jsonl,cohort=mtc_reserved_validation;identity=NORMAL
WEBGL1-LOEO-v1-02,M,paired244-devext-9688bfa5bc943c8095f94b46,mtc_reserved_validation,EFFECTIVE_INTERVENTION,rejected_diagnostic_combination,0,0,0,0,0,0,,,0,0,deliverables/app_resource_constrained_extension_v1/results/combinations.jsonl,base_model_id=paired244-devext-9688bfa5bc943c8095f94b46;set_id=M;cohort=mtc_reserved_validation;identity=EFFECTIVE_INTERVENTION,deliverables/app_resource_constrained_extension_v1/results/members.jsonl,cohort=mtc_reserved_validation;identity=EFFECTIVE_INTERVENTION
WEBGL1-LOEO-v1-02,B,paired244-devext-9688bfa5bc943c8095f94b46,mtc_discovery,NORMAL,rejected_diagnostic_combination,630,6,554,70,0,560,0.009523809523809525,0.8888888888888888,6,630,deliverables/app_resource_constrained_extension_v1/results/combinations.jsonl,base_model_id=paired244-devext-9688bfa5bc943c8095f94b46;set_id=B;cohort=mtc_discovery;identity=NORMAL,deliverables/app_resource_constrained_extension_v1/results/members.jsonl,cohort=mtc_discovery;identity=NORMAL
WEBGL1-LOEO-v1-02,B,paired244-devext-9688bfa5bc943c8095f94b46,mtc_discovery,EFFECTIVE_INTERVENTION,rejected_diagnostic_combination,0,0,0,0,0,0,,,0,0,deliverables/app_resource_constrained_extension_v1/results/combinations.jsonl,base_model_id=paired244-devext-9688bfa5bc943c8095f94b46;set_id=B;cohort=mtc_discovery;identity=EFFECTIVE_INTERVENTION,deliverables/app_resource_constrained_extension_v1/results/members.jsonl,cohort=mtc_discovery;identity=EFFECTIVE_INTERVENTION
WEBGL1-LOEO-v1-02,B,paired244-devext-9688bfa5bc943c8095f94b46,pilot18,NORMAL,rejected_diagnostic_combination,12,0,12,0,0,12,0.0,1.0,0,12,deliverables/app_resource_constrained_extension_v1/results/combinations.jsonl,base_model_id=paired244-devext-9688bfa5bc943c8095f94b46;set_id=B;cohort=pilot18;identity=NORMAL,deliverables/app_resource_constrained_extension_v1/results/members.jsonl,cohort=pilot18;identity=NORMAL
WEBGL1-LOEO-v1-02,B,paired244-devext-9688bfa5bc943c8095f94b46,pilot18,EFFECTIVE_INTERVENTION,rejected_diagnostic_combination,6,3,3,0,0,6,0.5,1.0,3,6,deliverables/app_resource_constrained_extension_v1/results/combinations.jsonl,base_model_id=paired244-devext-9688bfa5bc943c8095f94b46;set_id=B;cohort=pilot18;identity=EFFECTIVE_INTERVENTION,deliverables/app_resource_constrained_extension_v1/results/members.jsonl,cohort=pilot18;identity=EFFECTIVE_INTERVENTION
WEBGL1-LOEO-v1-02,B,paired244-devext-9688bfa5bc943c8095f94b46,b2b42,NORMAL,rejected_diagnostic_combination,34,0,34,0,0,34,0.0,1.0,0,34,deliverables/app_resource_constrained_extension_v1/results/combinations.jsonl,base_model_id=paired244-devext-9688bfa5bc943c8095f94b46;set_id=B;cohort=b2b42;identity=NORMAL,deliverables/app_resource_constrained_extension_v1/results/members.jsonl,cohort=b2b42;identity=NORMAL
WEBGL1-LOEO-v1-02,B,paired244-devext-9688bfa5bc943c8095f94b46,b2b42,EFFECTIVE_INTERVENTION,rejected_diagnostic_combination,8,4,4,0,0,8,0.5,1.0,4,8,deliverables/app_resource_constrained_extension_v1/results/combinations.jsonl,base_model_id=paired244-devext-9688bfa5bc943c8095f94b46;set_id=B;cohort=b2b42;identity=EFFECTIVE_INTERVENTION,deliverables/app_resource_constrained_extension_v1/results/members.jsonl,cohort=b2b42;identity=EFFECTIVE_INTERVENTION
WEBGL1-LOEO-v1-02,B,paired244-devext-9688bfa5bc943c8095f94b46,resource54,NORMAL,rejected_diagnostic_combination,42,0,42,0,0,42,0.0,1.0,0,42,deliverables/app_resource_constrained_extension_v1/results/combinations.jsonl,base_model_id=paired244-devext-9688bfa5bc943c8095f94b46;set_id=B;cohort=resource54;identity=NORMAL,deliverables/app_resource_constrained_extension_v1/results/members.jsonl,cohort=resource54;identity=NORMAL
WEBGL1-LOEO-v1-02,B,paired244-devext-9688bfa5bc943c8095f94b46,resource54,EFFECTIVE_INTERVENTION,rejected_diagnostic_combination,12,9,3,0,0,12,0.75,1.0,9,12,deliverables/app_resource_constrained_extension_v1/results/combinations.jsonl,base_model_id=paired244-devext-9688bfa5bc943c8095f94b46;set_id=B;cohort=resource54;identity=EFFECTIVE_INTERVENTION,deliverables/app_resource_constrained_extension_v1/results/members.jsonl,cohort=resource54;identity=EFFECTIVE_INTERVENTION
WEBGL1-LOEO-v1-02,B,paired244-devext-9688bfa5bc943c8095f94b46,mtc_development,NORMAL,rejected_diagnostic_combination,144,1,132,11,0,133,0.006944444444444444,0.9236111111111112,1,144,deliverables/app_resource_constrained_extension_v1/results/combinations.jsonl,base_model_id=paired244-devext-9688bfa5bc943c8095f94b46;set_id=B;cohort=mtc_development;identity=NORMAL,deliverables/app_resource_constrained_extension_v1/results/members.jsonl,cohort=mtc_development;identity=NORMAL
WEBGL1-LOEO-v1-02,B,paired244-devext-9688bfa5bc943c8095f94b46,mtc_development,EFFECTIVE_INTERVENTION,rejected_diagnostic_combination,0,0,0,0,0,0,,,0,0,deliverables/app_resource_constrained_extension_v1/results/combinations.jsonl,base_model_id=paired244-devext-9688bfa5bc943c8095f94b46;set_id=B;cohort=mtc_development;identity=EFFECTIVE_INTERVENTION,deliverables/app_resource_constrained_extension_v1/results/members.jsonl,cohort=mtc_development;identity=EFFECTIVE_INTERVENTION
WEBGL1-LOEO-v1-02,B,paired244-devext-9688bfa5bc943c8095f94b46,mtc_reserved_validation,NORMAL,rejected_diagnostic_combination,117,1,108,8,0,109,0.008547008547008548,0.9316239316239316,1,117,deliverables/app_resource_constrained_extension_v1/results/combinations.jsonl,base_model_id=paired244-devext-9688bfa5bc943c8095f94b46;set_id=B;cohort=mtc_reserved_validation;identity=NORMAL,deliverables/app_resource_constrained_extension_v1/results/members.jsonl,cohort=mtc_reserved_validation;identity=NORMAL
WEBGL1-LOEO-v1-02,B,paired244-devext-9688bfa5bc943c8095f94b46,mtc_reserved_validation,EFFECTIVE_INTERVENTION,rejected_diagnostic_combination,0,0,0,0,0,0,,,0,0,deliverables/app_resource_constrained_extension_v1/results/combinations.jsonl,base_model_id=paired244-devext-9688bfa5bc943c8095f94b46;set_id=B;cohort=mtc_reserved_validation;identity=EFFECTIVE_INTERVENTION,deliverables/app_resource_constrained_extension_v1/results/members.jsonl,cohort=mtc_reserved_validation;identity=EFFECTIVE_INTERVENTION
WEBGL1-LOEO-v1-02,W,paired244-devext-9688bfa5bc943c8095f94b46,mtc_discovery,NORMAL,rejected_diagnostic_combination,630,46,514,70,0,560,0.07301587301587302,0.8888888888888888,46,630,deliverables/app_resource_constrained_extension_v1/results/combinations.jsonl,base_model_id=paired244-devext-9688bfa5bc943c8095f94b46;set_id=W;cohort=mtc_discovery;identity=NORMAL,deliverables/app_resource_constrained_extension_v1/results/members.jsonl,cohort=mtc_discovery;identity=NORMAL
WEBGL1-LOEO-v1-02,W,paired244-devext-9688bfa5bc943c8095f94b46,mtc_discovery,EFFECTIVE_INTERVENTION,rejected_diagnostic_combination,0,0,0,0,0,0,,,0,0,deliverables/app_resource_constrained_extension_v1/results/combinations.jsonl,base_model_id=paired244-devext-9688bfa5bc943c8095f94b46;set_id=W;cohort=mtc_discovery;identity=EFFECTIVE_INTERVENTION,deliverables/app_resource_constrained_extension_v1/results/members.jsonl,cohort=mtc_discovery;identity=EFFECTIVE_INTERVENTION
WEBGL1-LOEO-v1-02,W,paired244-devext-9688bfa5bc943c8095f94b46,pilot18,NORMAL,rejected_diagnostic_combination,12,0,12,0,0,12,0.0,1.0,0,12,deliverables/app_resource_constrained_extension_v1/results/combinations.jsonl,base_model_id=paired244-devext-9688bfa5bc943c8095f94b46;set_id=W;cohort=pilot18;identity=NORMAL,deliverables/app_resource_constrained_extension_v1/results/members.jsonl,cohort=pilot18;identity=NORMAL
WEBGL1-LOEO-v1-02,W,paired244-devext-9688bfa5bc943c8095f94b46,pilot18,EFFECTIVE_INTERVENTION,rejected_diagnostic_combination,6,3,3,0,0,6,0.5,1.0,3,6,deliverables/app_resource_constrained_extension_v1/results/combinations.jsonl,base_model_id=paired244-devext-9688bfa5bc943c8095f94b46;set_id=W;cohort=pilot18;identity=EFFECTIVE_INTERVENTION,deliverables/app_resource_constrained_extension_v1/results/members.jsonl,cohort=pilot18;identity=EFFECTIVE_INTERVENTION
WEBGL1-LOEO-v1-02,W,paired244-devext-9688bfa5bc943c8095f94b46,b2b42,NORMAL,rejected_diagnostic_combination,34,0,34,0,0,34,0.0,1.0,0,34,deliverables/app_resource_constrained_extension_v1/results/combinations.jsonl,base_model_id=paired244-devext-9688bfa5bc943c8095f94b46;set_id=W;cohort=b2b42;identity=NORMAL,deliverables/app_resource_constrained_extension_v1/results/members.jsonl,cohort=b2b42;identity=NORMAL
WEBGL1-LOEO-v1-02,W,paired244-devext-9688bfa5bc943c8095f94b46,b2b42,EFFECTIVE_INTERVENTION,rejected_diagnostic_combination,8,4,4,0,0,8,0.5,1.0,4,8,deliverables/app_resource_constrained_extension_v1/results/combinations.jsonl,base_model_id=paired244-devext-9688bfa5bc943c8095f94b46;set_id=W;cohort=b2b42;identity=EFFECTIVE_INTERVENTION,deliverables/app_resource_constrained_extension_v1/results/members.jsonl,cohort=b2b42;identity=EFFECTIVE_INTERVENTION
WEBGL1-LOEO-v1-02,W,paired244-devext-9688bfa5bc943c8095f94b46,resource54,NORMAL,rejected_diagnostic_combination,42,0,42,0,0,42,0.0,1.0,0,42,deliverables/app_resource_constrained_extension_v1/results/combinations.jsonl,base_model_id=paired244-devext-9688bfa5bc943c8095f94b46;set_id=W;cohort=resource54;identity=NORMAL,deliverables/app_resource_constrained_extension_v1/results/members.jsonl,cohort=resource54;identity=NORMAL
WEBGL1-LOEO-v1-02,W,paired244-devext-9688bfa5bc943c8095f94b46,resource54,EFFECTIVE_INTERVENTION,rejected_diagnostic_combination,12,12,0,0,0,12,1.0,1.0,12,12,deliverables/app_resource_constrained_extension_v1/results/combinations.jsonl,base_model_id=paired244-devext-9688bfa5bc943c8095f94b46;set_id=W;cohort=resource54;identity=EFFECTIVE_INTERVENTION,deliverables/app_resource_constrained_extension_v1/results/members.jsonl,cohort=resource54;identity=EFFECTIVE_INTERVENTION
WEBGL1-LOEO-v1-02,W,paired244-devext-9688bfa5bc943c8095f94b46,mtc_development,NORMAL,rejected_diagnostic_combination,144,7,126,11,0,133,0.04861111111111111,0.9236111111111112,7,144,deliverables/app_resource_constrained_extension_v1/results/combinations.jsonl,base_model_id=paired244-devext-9688bfa5bc943c8095f94b46;set_id=W;cohort=mtc_development;identity=NORMAL,deliverables/app_resource_constrained_extension_v1/results/members.jsonl,cohort=mtc_development;identity=NORMAL
WEBGL1-LOEO-v1-02,W,paired244-devext-9688bfa5bc943c8095f94b46,mtc_development,EFFECTIVE_INTERVENTION,rejected_diagnostic_combination,0,0,0,0,0,0,,,0,0,deliverables/app_resource_constrained_extension_v1/results/combinations.jsonl,base_model_id=paired244-devext-9688bfa5bc943c8095f94b46;set_id=W;cohort=mtc_development;identity=EFFECTIVE_INTERVENTION,deliverables/app_resource_constrained_extension_v1/results/members.jsonl,cohort=mtc_development;identity=EFFECTIVE_INTERVENTION
WEBGL1-LOEO-v1-02,W,paired244-devext-9688bfa5bc943c8095f94b46,mtc_reserved_validation,NORMAL,rejected_diagnostic_combination,117,17,92,8,0,109,0.1452991452991453,0.9316239316239316,17,117,deliverables/app_resource_constrained_extension_v1/results/combinations.jsonl,base_model_id=paired244-devext-9688bfa5bc943c8095f94b46;set_id=W;cohort=mtc_reserved_validation;identity=NORMAL,deliverables/app_resource_constrained_extension_v1/results/members.jsonl,cohort=mtc_reserved_validation;identity=NORMAL
WEBGL1-LOEO-v1-02,W,paired244-devext-9688bfa5bc943c8095f94b46,mtc_reserved_validation,EFFECTIVE_INTERVENTION,rejected_diagnostic_combination,0,0,0,0,0,0,,,0,0,deliverables/app_resource_constrained_extension_v1/results/combinations.jsonl,base_model_id=paired244-devext-9688bfa5bc943c8095f94b46;set_id=W;cohort=mtc_reserved_validation;identity=EFFECTIVE_INTERVENTION,deliverables/app_resource_constrained_extension_v1/results/members.jsonl,cohort=mtc_reserved_validation;identity=EFFECTIVE_INTERVENTION
WEBGL1-LOEO-v1-02,MW,paired244-devext-9688bfa5bc943c8095f94b46,mtc_discovery,NORMAL,rejected_diagnostic_combination,630,46,514,70,0,560,0.07301587301587302,0.8888888888888888,46,630,deliverables/app_resource_constrained_extension_v1/results/combinations.jsonl,base_model_id=paired244-devext-9688bfa5bc943c8095f94b46;set_id=MW;cohort=mtc_discovery;identity=NORMAL,deliverables/app_resource_constrained_extension_v1/results/members.jsonl,cohort=mtc_discovery;identity=NORMAL
WEBGL1-LOEO-v1-02,MW,paired244-devext-9688bfa5bc943c8095f94b46,mtc_discovery,EFFECTIVE_INTERVENTION,rejected_diagnostic_combination,0,0,0,0,0,0,,,0,0,deliverables/app_resource_constrained_extension_v1/results/combinations.jsonl,base_model_id=paired244-devext-9688bfa5bc943c8095f94b46;set_id=MW;cohort=mtc_discovery;identity=EFFECTIVE_INTERVENTION,deliverables/app_resource_constrained_extension_v1/results/members.jsonl,cohort=mtc_discovery;identity=EFFECTIVE_INTERVENTION
WEBGL1-LOEO-v1-02,MW,paired244-devext-9688bfa5bc943c8095f94b46,pilot18,NORMAL,rejected_diagnostic_combination,12,0,12,0,0,12,0.0,1.0,0,12,deliverables/app_resource_constrained_extension_v1/results/combinations.jsonl,base_model_id=paired244-devext-9688bfa5bc943c8095f94b46;set_id=MW;cohort=pilot18;identity=NORMAL,deliverables/app_resource_constrained_extension_v1/results/members.jsonl,cohort=pilot18;identity=NORMAL
WEBGL1-LOEO-v1-02,MW,paired244-devext-9688bfa5bc943c8095f94b46,pilot18,EFFECTIVE_INTERVENTION,rejected_diagnostic_combination,6,3,3,0,0,6,0.5,1.0,3,6,deliverables/app_resource_constrained_extension_v1/results/combinations.jsonl,base_model_id=paired244-devext-9688bfa5bc943c8095f94b46;set_id=MW;cohort=pilot18;identity=EFFECTIVE_INTERVENTION,deliverables/app_resource_constrained_extension_v1/results/members.jsonl,cohort=pilot18;identity=EFFECTIVE_INTERVENTION
WEBGL1-LOEO-v1-02,MW,paired244-devext-9688bfa5bc943c8095f94b46,b2b42,NORMAL,rejected_diagnostic_combination,34,0,34,0,0,34,0.0,1.0,0,34,deliverables/app_resource_constrained_extension_v1/results/combinations.jsonl,base_model_id=paired244-devext-9688bfa5bc943c8095f94b46;set_id=MW;cohort=b2b42;identity=NORMAL,deliverables/app_resource_constrained_extension_v1/results/members.jsonl,cohort=b2b42;identity=NORMAL
WEBGL1-LOEO-v1-02,MW,paired244-devext-9688bfa5bc943c8095f94b46,b2b42,EFFECTIVE_INTERVENTION,rejected_diagnostic_combination,8,4,4,0,0,8,0.5,1.0,4,8,deliverables/app_resource_constrained_extension_v1/results/combinations.jsonl,base_model_id=paired244-devext-9688bfa5bc943c8095f94b46;set_id=MW;cohort=b2b42;identity=EFFECTIVE_INTERVENTION,deliverables/app_resource_constrained_extension_v1/results/members.jsonl,cohort=b2b42;identity=EFFECTIVE_INTERVENTION
WEBGL1-LOEO-v1-02,MW,paired244-devext-9688bfa5bc943c8095f94b46,resource54,NORMAL,rejected_diagnostic_combination,42,0,42,0,0,42,0.0,1.0,0,42,deliverables/app_resource_constrained_extension_v1/results/combinations.jsonl,base_model_id=paired244-devext-9688bfa5bc943c8095f94b46;set_id=MW;cohort=resource54;identity=NORMAL,deliverables/app_resource_constrained_extension_v1/results/members.jsonl,cohort=resource54;identity=NORMAL
WEBGL1-LOEO-v1-02,MW,paired244-devext-9688bfa5bc943c8095f94b46,resource54,EFFECTIVE_INTERVENTION,rejected_diagnostic_combination,12,12,0,0,0,12,1.0,1.0,12,12,deliverables/app_resource_constrained_extension_v1/results/combinations.jsonl,base_model_id=paired244-devext-9688bfa5bc943c8095f94b46;set_id=MW;cohort=resource54;identity=EFFECTIVE_INTERVENTION,deliverables/app_resource_constrained_extension_v1/results/members.jsonl,cohort=resource54;identity=EFFECTIVE_INTERVENTION
WEBGL1-LOEO-v1-02,MW,paired244-devext-9688bfa5bc943c8095f94b46,mtc_development,NORMAL,rejected_diagnostic_combination,144,7,126,11,0,133,0.04861111111111111,0.9236111111111112,7,144,deliverables/app_resource_constrained_extension_v1/results/combinations.jsonl,base_model_id=paired244-devext-9688bfa5bc943c8095f94b46;set_id=MW;cohort=mtc_development;identity=NORMAL,deliverables/app_resource_constrained_extension_v1/results/members.jsonl,cohort=mtc_development;identity=NORMAL
WEBGL1-LOEO-v1-02,MW,paired244-devext-9688bfa5bc943c8095f94b46,mtc_development,EFFECTIVE_INTERVENTION,rejected_diagnostic_combination,0,0,0,0,0,0,,,0,0,deliverables/app_resource_constrained_extension_v1/results/combinations.jsonl,base_model_id=paired244-devext-9688bfa5bc943c8095f94b46;set_id=MW;cohort=mtc_development;identity=EFFECTIVE_INTERVENTION,deliverables/app_resource_constrained_extension_v1/results/members.jsonl,cohort=mtc_development;identity=EFFECTIVE_INTERVENTION
WEBGL1-LOEO-v1-02,MW,paired244-devext-9688bfa5bc943c8095f94b46,mtc_reserved_validation,NORMAL,rejected_diagnostic_combination,117,17,92,8,0,109,0.1452991452991453,0.9316239316239316,17,117,deliverables/app_resource_constrained_extension_v1/results/combinations.jsonl,base_model_id=paired244-devext-9688bfa5bc943c8095f94b46;set_id=MW;cohort=mtc_reserved_validation;identity=NORMAL,deliverables/app_resource_constrained_extension_v1/results/members.jsonl,cohort=mtc_reserved_validation;identity=NORMAL
WEBGL1-LOEO-v1-02,MW,paired244-devext-9688bfa5bc943c8095f94b46,mtc_reserved_validation,EFFECTIVE_INTERVENTION,rejected_diagnostic_combination,0,0,0,0,0,0,,,0,0,deliverables/app_resource_constrained_extension_v1/results/combinations.jsonl,base_model_id=paired244-devext-9688bfa5bc943c8095f94b46;set_id=MW;cohort=mtc_reserved_validation;identity=EFFECTIVE_INTERVENTION,deliverables/app_resource_constrained_extension_v1/results/members.jsonl,cohort=mtc_reserved_validation;identity=EFFECTIVE_INTERVENTION
WEBGL1-LOEO-v1-02,MB,paired244-devext-9688bfa5bc943c8095f94b46,mtc_discovery,NORMAL,rejected_diagnostic_combination,630,8,552,70,0,560,0.012698412698412698,0.8888888888888888,8,630,deliverables/app_resource_constrained_extension_v1/results/combinations.jsonl,base_model_id=paired244-devext-9688bfa5bc943c8095f94b46;set_id=MB;cohort=mtc_discovery;identity=NORMAL,deliverables/app_resource_constrained_extension_v1/results/members.jsonl,cohort=mtc_discovery;identity=NORMAL
WEBGL1-LOEO-v1-02,MB,paired244-devext-9688bfa5bc943c8095f94b46,mtc_discovery,EFFECTIVE_INTERVENTION,rejected_diagnostic_combination,0,0,0,0,0,0,,,0,0,deliverables/app_resource_constrained_extension_v1/results/combinations.jsonl,base_model_id=paired244-devext-9688bfa5bc943c8095f94b46;set_id=MB;cohort=mtc_discovery;identity=EFFECTIVE_INTERVENTION,deliverables/app_resource_constrained_extension_v1/results/members.jsonl,cohort=mtc_discovery;identity=EFFECTIVE_INTERVENTION
WEBGL1-LOEO-v1-02,MB,paired244-devext-9688bfa5bc943c8095f94b46,pilot18,NORMAL,rejected_diagnostic_combination,12,0,12,0,0,12,0.0,1.0,0,12,deliverables/app_resource_constrained_extension_v1/results/combinations.jsonl,base_model_id=paired244-devext-9688bfa5bc943c8095f94b46;set_id=MB;cohort=pilot18;identity=NORMAL,deliverables/app_resource_constrained_extension_v1/results/members.jsonl,cohort=pilot18;identity=NORMAL
WEBGL1-LOEO-v1-02,MB,paired244-devext-9688bfa5bc943c8095f94b46,pilot18,EFFECTIVE_INTERVENTION,rejected_diagnostic_combination,6,3,3,0,0,6,0.5,1.0,3,6,deliverables/app_resource_constrained_extension_v1/results/combinations.jsonl,base_model_id=paired244-devext-9688bfa5bc943c8095f94b46;set_id=MB;cohort=pilot18;identity=EFFECTIVE_INTERVENTION,deliverables/app_resource_constrained_extension_v1/results/members.jsonl,cohort=pilot18;identity=EFFECTIVE_INTERVENTION
WEBGL1-LOEO-v1-02,MB,paired244-devext-9688bfa5bc943c8095f94b46,b2b42,NORMAL,rejected_diagnostic_combination,34,0,34,0,0,34,0.0,1.0,0,34,deliverables/app_resource_constrained_extension_v1/results/combinations.jsonl,base_model_id=paired244-devext-9688bfa5bc943c8095f94b46;set_id=MB;cohort=b2b42;identity=NORMAL,deliverables/app_resource_constrained_extension_v1/results/members.jsonl,cohort=b2b42;identity=NORMAL
WEBGL1-LOEO-v1-02,MB,paired244-devext-9688bfa5bc943c8095f94b46,b2b42,EFFECTIVE_INTERVENTION,rejected_diagnostic_combination,8,4,4,0,0,8,0.5,1.0,4,8,deliverables/app_resource_constrained_extension_v1/results/combinations.jsonl,base_model_id=paired244-devext-9688bfa5bc943c8095f94b46;set_id=MB;cohort=b2b42;identity=EFFECTIVE_INTERVENTION,deliverables/app_resource_constrained_extension_v1/results/members.jsonl,cohort=b2b42;identity=EFFECTIVE_INTERVENTION
WEBGL1-LOEO-v1-02,MB,paired244-devext-9688bfa5bc943c8095f94b46,resource54,NORMAL,rejected_diagnostic_combination,42,0,42,0,0,42,0.0,1.0,0,42,deliverables/app_resource_constrained_extension_v1/results/combinations.jsonl,base_model_id=paired244-devext-9688bfa5bc943c8095f94b46;set_id=MB;cohort=resource54;identity=NORMAL,deliverables/app_resource_constrained_extension_v1/results/members.jsonl,cohort=resource54;identity=NORMAL
WEBGL1-LOEO-v1-02,MB,paired244-devext-9688bfa5bc943c8095f94b46,resource54,EFFECTIVE_INTERVENTION,rejected_diagnostic_combination,12,12,0,0,0,12,1.0,1.0,12,12,deliverables/app_resource_constrained_extension_v1/results/combinations.jsonl,base_model_id=paired244-devext-9688bfa5bc943c8095f94b46;set_id=MB;cohort=resource54;identity=EFFECTIVE_INTERVENTION,deliverables/app_resource_constrained_extension_v1/results/members.jsonl,cohort=resource54;identity=EFFECTIVE_INTERVENTION
WEBGL1-LOEO-v1-02,MB,paired244-devext-9688bfa5bc943c8095f94b46,mtc_development,NORMAL,rejected_diagnostic_combination,144,1,132,11,0,133,0.006944444444444444,0.9236111111111112,1,144,deliverables/app_resource_constrained_extension_v1/results/combinations.jsonl,base_model_id=paired244-devext-9688bfa5bc943c8095f94b46;set_id=MB;cohort=mtc_development;identity=NORMAL,deliverables/app_resource_constrained_extension_v1/results/members.jsonl,cohort=mtc_development;identity=NORMAL
WEBGL1-LOEO-v1-02,MB,paired244-devext-9688bfa5bc943c8095f94b46,mtc_development,EFFECTIVE_INTERVENTION,rejected_diagnostic_combination,0,0,0,0,0,0,,,0,0,deliverables/app_resource_constrained_extension_v1/results/combinations.jsonl,base_model_id=paired244-devext-9688bfa5bc943c8095f94b46;set_id=MB;cohort=mtc_development;identity=EFFECTIVE_INTERVENTION,deliverables/app_resource_constrained_extension_v1/results/members.jsonl,cohort=mtc_development;identity=EFFECTIVE_INTERVENTION
WEBGL1-LOEO-v1-02,MB,paired244-devext-9688bfa5bc943c8095f94b46,mtc_reserved_validation,NORMAL,rejected_diagnostic_combination,117,2,107,8,0,109,0.017094017094017096,0.9316239316239316,2,117,deliverables/app_resource_constrained_extension_v1/results/combinations.jsonl,base_model_id=paired244-devext-9688bfa5bc943c8095f94b46;set_id=MB;cohort=mtc_reserved_validation;identity=NORMAL,deliverables/app_resource_constrained_extension_v1/results/members.jsonl,cohort=mtc_reserved_validation;identity=NORMAL
WEBGL1-LOEO-v1-02,MB,paired244-devext-9688bfa5bc943c8095f94b46,mtc_reserved_validation,EFFECTIVE_INTERVENTION,rejected_diagnostic_combination,0,0,0,0,0,0,,,0,0,deliverables/app_resource_constrained_extension_v1/results/combinations.jsonl,base_model_id=paired244-devext-9688bfa5bc943c8095f94b46;set_id=MB;cohort=mtc_reserved_validation;identity=EFFECTIVE_INTERVENTION,deliverables/app_resource_constrained_extension_v1/results/members.jsonl,cohort=mtc_reserved_validation;identity=EFFECTIVE_INTERVENTION
WEBGL1-LOEO-v1-02,WB,paired244-devext-9688bfa5bc943c8095f94b46,mtc_discovery,NORMAL,rejected_diagnostic_combination,630,46,514,70,0,560,0.07301587301587302,0.8888888888888888,46,630,deliverables/app_resource_constrained_extension_v1/results/combinations.jsonl,base_model_id=paired244-devext-9688bfa5bc943c8095f94b46;set_id=WB;cohort=mtc_discovery;identity=NORMAL,deliverables/app_resource_constrained_extension_v1/results/members.jsonl,cohort=mtc_discovery;identity=NORMAL
WEBGL1-LOEO-v1-02,WB,paired244-devext-9688bfa5bc943c8095f94b46,mtc_discovery,EFFECTIVE_INTERVENTION,rejected_diagnostic_combination,0,0,0,0,0,0,,,0,0,deliverables/app_resource_constrained_extension_v1/results/combinations.jsonl,base_model_id=paired244-devext-9688bfa5bc943c8095f94b46;set_id=WB;cohort=mtc_discovery;identity=EFFECTIVE_INTERVENTION,deliverables/app_resource_constrained_extension_v1/results/members.jsonl,cohort=mtc_discovery;identity=EFFECTIVE_INTERVENTION
WEBGL1-LOEO-v1-02,WB,paired244-devext-9688bfa5bc943c8095f94b46,pilot18,NORMAL,rejected_diagnostic_combination,12,0,12,0,0,12,0.0,1.0,0,12,deliverables/app_resource_constrained_extension_v1/results/combinations.jsonl,base_model_id=paired244-devext-9688bfa5bc943c8095f94b46;set_id=WB;cohort=pilot18;identity=NORMAL,deliverables/app_resource_constrained_extension_v1/results/members.jsonl,cohort=pilot18;identity=NORMAL
WEBGL1-LOEO-v1-02,WB,paired244-devext-9688bfa5bc943c8095f94b46,pilot18,EFFECTIVE_INTERVENTION,rejected_diagnostic_combination,6,3,3,0,0,6,0.5,1.0,3,6,deliverables/app_resource_constrained_extension_v1/results/combinations.jsonl,base_model_id=paired244-devext-9688bfa5bc943c8095f94b46;set_id=WB;cohort=pilot18;identity=EFFECTIVE_INTERVENTION,deliverables/app_resource_constrained_extension_v1/results/members.jsonl,cohort=pilot18;identity=EFFECTIVE_INTERVENTION
WEBGL1-LOEO-v1-02,WB,paired244-devext-9688bfa5bc943c8095f94b46,b2b42,NORMAL,rejected_diagnostic_combination,34,0,34,0,0,34,0.0,1.0,0,34,deliverables/app_resource_constrained_extension_v1/results/combinations.jsonl,base_model_id=paired244-devext-9688bfa5bc943c8095f94b46;set_id=WB;cohort=b2b42;identity=NORMAL,deliverables/app_resource_constrained_extension_v1/results/members.jsonl,cohort=b2b42;identity=NORMAL
WEBGL1-LOEO-v1-02,WB,paired244-devext-9688bfa5bc943c8095f94b46,b2b42,EFFECTIVE_INTERVENTION,rejected_diagnostic_combination,8,4,4,0,0,8,0.5,1.0,4,8,deliverables/app_resource_constrained_extension_v1/results/combinations.jsonl,base_model_id=paired244-devext-9688bfa5bc943c8095f94b46;set_id=WB;cohort=b2b42;identity=EFFECTIVE_INTERVENTION,deliverables/app_resource_constrained_extension_v1/results/members.jsonl,cohort=b2b42;identity=EFFECTIVE_INTERVENTION
WEBGL1-LOEO-v1-02,WB,paired244-devext-9688bfa5bc943c8095f94b46,resource54,NORMAL,rejected_diagnostic_combination,42,0,42,0,0,42,0.0,1.0,0,42,deliverables/app_resource_constrained_extension_v1/results/combinations.jsonl,base_model_id=paired244-devext-9688bfa5bc943c8095f94b46;set_id=WB;cohort=resource54;identity=NORMAL,deliverables/app_resource_constrained_extension_v1/results/members.jsonl,cohort=resource54;identity=NORMAL
WEBGL1-LOEO-v1-02,WB,paired244-devext-9688bfa5bc943c8095f94b46,resource54,EFFECTIVE_INTERVENTION,rejected_diagnostic_combination,12,12,0,0,0,12,1.0,1.0,12,12,deliverables/app_resource_constrained_extension_v1/results/combinations.jsonl,base_model_id=paired244-devext-9688bfa5bc943c8095f94b46;set_id=WB;cohort=resource54;identity=EFFECTIVE_INTERVENTION,deliverables/app_resource_constrained_extension_v1/results/members.jsonl,cohort=resource54;identity=EFFECTIVE_INTERVENTION
WEBGL1-LOEO-v1-02,WB,paired244-devext-9688bfa5bc943c8095f94b46,mtc_development,NORMAL,rejected_diagnostic_combination,144,7,126,11,0,133,0.04861111111111111,0.9236111111111112,7,144,deliverables/app_resource_constrained_extension_v1/results/combinations.jsonl,base_model_id=paired244-devext-9688bfa5bc943c8095f94b46;set_id=WB;cohort=mtc_development;identity=NORMAL,deliverables/app_resource_constrained_extension_v1/results/members.jsonl,cohort=mtc_development;identity=NORMAL
WEBGL1-LOEO-v1-02,WB,paired244-devext-9688bfa5bc943c8095f94b46,mtc_development,EFFECTIVE_INTERVENTION,rejected_diagnostic_combination,0,0,0,0,0,0,,,0,0,deliverables/app_resource_constrained_extension_v1/results/combinations.jsonl,base_model_id=paired244-devext-9688bfa5bc943c8095f94b46;set_id=WB;cohort=mtc_development;identity=EFFECTIVE_INTERVENTION,deliverables/app_resource_constrained_extension_v1/results/members.jsonl,cohort=mtc_development;identity=EFFECTIVE_INTERVENTION
WEBGL1-LOEO-v1-02,WB,paired244-devext-9688bfa5bc943c8095f94b46,mtc_reserved_validation,NORMAL,rejected_diagnostic_combination,117,17,92,8,0,109,0.1452991452991453,0.9316239316239316,17,117,deliverables/app_resource_constrained_extension_v1/results/combinations.jsonl,base_model_id=paired244-devext-9688bfa5bc943c8095f94b46;set_id=WB;cohort=mtc_reserved_validation;identity=NORMAL,deliverables/app_resource_constrained_extension_v1/results/members.jsonl,cohort=mtc_reserved_validation;identity=NORMAL
WEBGL1-LOEO-v1-02,WB,paired244-devext-9688bfa5bc943c8095f94b46,mtc_reserved_validation,EFFECTIVE_INTERVENTION,rejected_diagnostic_combination,0,0,0,0,0,0,,,0,0,deliverables/app_resource_constrained_extension_v1/results/combinations.jsonl,base_model_id=paired244-devext-9688bfa5bc943c8095f94b46;set_id=WB;cohort=mtc_reserved_validation;identity=EFFECTIVE_INTERVENTION,deliverables/app_resource_constrained_extension_v1/results/members.jsonl,cohort=mtc_reserved_validation;identity=EFFECTIVE_INTERVENTION
WEBGL1-LOEO-v1-02,MWB,paired244-devext-9688bfa5bc943c8095f94b46,mtc_discovery,NORMAL,rejected_diagnostic_combination,630,46,514,70,0,560,0.07301587301587302,0.8888888888888888,46,630,deliverables/app_resource_constrained_extension_v1/results/combinations.jsonl,base_model_id=paired244-devext-9688bfa5bc943c8095f94b46;set_id=MWB;cohort=mtc_discovery;identity=NORMAL,deliverables/app_resource_constrained_extension_v1/results/members.jsonl,cohort=mtc_discovery;identity=NORMAL
WEBGL1-LOEO-v1-02,MWB,paired244-devext-9688bfa5bc943c8095f94b46,mtc_discovery,EFFECTIVE_INTERVENTION,rejected_diagnostic_combination,0,0,0,0,0,0,,,0,0,deliverables/app_resource_constrained_extension_v1/results/combinations.jsonl,base_model_id=paired244-devext-9688bfa5bc943c8095f94b46;set_id=MWB;cohort=mtc_discovery;identity=EFFECTIVE_INTERVENTION,deliverables/app_resource_constrained_extension_v1/results/members.jsonl,cohort=mtc_discovery;identity=EFFECTIVE_INTERVENTION
WEBGL1-LOEO-v1-02,MWB,paired244-devext-9688bfa5bc943c8095f94b46,pilot18,NORMAL,rejected_diagnostic_combination,12,0,12,0,0,12,0.0,1.0,0,12,deliverables/app_resource_constrained_extension_v1/results/combinations.jsonl,base_model_id=paired244-devext-9688bfa5bc943c8095f94b46;set_id=MWB;cohort=pilot18;identity=NORMAL,deliverables/app_resource_constrained_extension_v1/results/members.jsonl,cohort=pilot18;identity=NORMAL
WEBGL1-LOEO-v1-02,MWB,paired244-devext-9688bfa5bc943c8095f94b46,pilot18,EFFECTIVE_INTERVENTION,rejected_diagnostic_combination,6,3,3,0,0,6,0.5,1.0,3,6,deliverables/app_resource_constrained_extension_v1/results/combinations.jsonl,base_model_id=paired244-devext-9688bfa5bc943c8095f94b46;set_id=MWB;cohort=pilot18;identity=EFFECTIVE_INTERVENTION,deliverables/app_resource_constrained_extension_v1/results/members.jsonl,cohort=pilot18;identity=EFFECTIVE_INTERVENTION
WEBGL1-LOEO-v1-02,MWB,paired244-devext-9688bfa5bc943c8095f94b46,b2b42,NORMAL,rejected_diagnostic_combination,34,0,34,0,0,34,0.0,1.0,0,34,deliverables/app_resource_constrained_extension_v1/results/combinations.jsonl,base_model_id=paired244-devext-9688bfa5bc943c8095f94b46;set_id=MWB;cohort=b2b42;identity=NORMAL,deliverables/app_resource_constrained_extension_v1/results/members.jsonl,cohort=b2b42;identity=NORMAL
WEBGL1-LOEO-v1-02,MWB,paired244-devext-9688bfa5bc943c8095f94b46,b2b42,EFFECTIVE_INTERVENTION,rejected_diagnostic_combination,8,4,4,0,0,8,0.5,1.0,4,8,deliverables/app_resource_constrained_extension_v1/results/combinations.jsonl,base_model_id=paired244-devext-9688bfa5bc943c8095f94b46;set_id=MWB;cohort=b2b42;identity=EFFECTIVE_INTERVENTION,deliverables/app_resource_constrained_extension_v1/results/members.jsonl,cohort=b2b42;identity=EFFECTIVE_INTERVENTION
WEBGL1-LOEO-v1-02,MWB,paired244-devext-9688bfa5bc943c8095f94b46,resource54,NORMAL,rejected_diagnostic_combination,42,0,42,0,0,42,0.0,1.0,0,42,deliverables/app_resource_constrained_extension_v1/results/combinations.jsonl,base_model_id=paired244-devext-9688bfa5bc943c8095f94b46;set_id=MWB;cohort=resource54;identity=NORMAL,deliverables/app_resource_constrained_extension_v1/results/members.jsonl,cohort=resource54;identity=NORMAL
WEBGL1-LOEO-v1-02,MWB,paired244-devext-9688bfa5bc943c8095f94b46,resource54,EFFECTIVE_INTERVENTION,rejected_diagnostic_combination,12,12,0,0,0,12,1.0,1.0,12,12,deliverables/app_resource_constrained_extension_v1/results/combinations.jsonl,base_model_id=paired244-devext-9688bfa5bc943c8095f94b46;set_id=MWB;cohort=resource54;identity=EFFECTIVE_INTERVENTION,deliverables/app_resource_constrained_extension_v1/results/members.jsonl,cohort=resource54;identity=EFFECTIVE_INTERVENTION
WEBGL1-LOEO-v1-02,MWB,paired244-devext-9688bfa5bc943c8095f94b46,mtc_development,NORMAL,rejected_diagnostic_combination,144,7,126,11,0,133,0.04861111111111111,0.9236111111111112,7,144,deliverables/app_resource_constrained_extension_v1/results/combinations.jsonl,base_model_id=paired244-devext-9688bfa5bc943c8095f94b46;set_id=MWB;cohort=mtc_development;identity=NORMAL,deliverables/app_resource_constrained_extension_v1/results/members.jsonl,cohort=mtc_development;identity=NORMAL
WEBGL1-LOEO-v1-02,MWB,paired244-devext-9688bfa5bc943c8095f94b46,mtc_development,EFFECTIVE_INTERVENTION,rejected_diagnostic_combination,0,0,0,0,0,0,,,0,0,deliverables/app_resource_constrained_extension_v1/results/combinations.jsonl,base_model_id=paired244-devext-9688bfa5bc943c8095f94b46;set_id=MWB;cohort=mtc_development;identity=EFFECTIVE_INTERVENTION,deliverables/app_resource_constrained_extension_v1/results/members.jsonl,cohort=mtc_development;identity=EFFECTIVE_INTERVENTION
WEBGL1-LOEO-v1-02,MWB,paired244-devext-9688bfa5bc943c8095f94b46,mtc_reserved_validation,NORMAL,rejected_diagnostic_combination,117,17,92,8,0,109,0.1452991452991453,0.9316239316239316,17,117,deliverables/app_resource_constrained_extension_v1/results/combinations.jsonl,base_model_id=paired244-devext-9688bfa5bc943c8095f94b46;set_id=MWB;cohort=mtc_reserved_validation;identity=NORMAL,deliverables/app_resource_constrained_extension_v1/results/members.jsonl,cohort=mtc_reserved_validation;identity=NORMAL
WEBGL1-LOEO-v1-02,MWB,paired244-devext-9688bfa5bc943c8095f94b46,mtc_reserved_validation,EFFECTIVE_INTERVENTION,rejected_diagnostic_combination,0,0,0,0,0,0,,,0,0,deliverables/app_resource_constrained_extension_v1/results/combinations.jsonl,base_model_id=paired244-devext-9688bfa5bc943c8095f94b46;set_id=MWB;cohort=mtc_reserved_validation;identity=EFFECTIVE_INTERVENTION,deliverables/app_resource_constrained_extension_v1/results/members.jsonl,cohort=mtc_reserved_validation;identity=EFFECTIVE_INTERVENTION
WEBGL1-LOEO-v1-03,S0,paired244-devext-09060772f27998b093caaea7,mtc_discovery,NORMAL,retained_complete_method,630,0,567,63,0,567,0.0,0.9,0,630,deliverables/app_resource_constrained_extension_v1/results/combinations.jsonl,base_model_id=paired244-devext-09060772f27998b093caaea7;set_id=S0;cohort=mtc_discovery;identity=NORMAL,deliverables/app_resource_constrained_extension_v1/results/members.jsonl,cohort=mtc_discovery;identity=NORMAL
WEBGL1-LOEO-v1-03,S0,paired244-devext-09060772f27998b093caaea7,mtc_discovery,EFFECTIVE_INTERVENTION,retained_complete_method,0,0,0,0,0,0,,,0,0,deliverables/app_resource_constrained_extension_v1/results/combinations.jsonl,base_model_id=paired244-devext-09060772f27998b093caaea7;set_id=S0;cohort=mtc_discovery;identity=EFFECTIVE_INTERVENTION,deliverables/app_resource_constrained_extension_v1/results/members.jsonl,cohort=mtc_discovery;identity=EFFECTIVE_INTERVENTION
WEBGL1-LOEO-v1-03,S0,paired244-devext-09060772f27998b093caaea7,pilot18,NORMAL,retained_complete_method,12,0,12,0,0,12,0.0,1.0,0,12,deliverables/app_resource_constrained_extension_v1/results/combinations.jsonl,base_model_id=paired244-devext-09060772f27998b093caaea7;set_id=S0;cohort=pilot18;identity=NORMAL,deliverables/app_resource_constrained_extension_v1/results/members.jsonl,cohort=pilot18;identity=NORMAL
WEBGL1-LOEO-v1-03,S0,paired244-devext-09060772f27998b093caaea7,pilot18,EFFECTIVE_INTERVENTION,retained_complete_method,6,3,3,0,0,6,0.5,1.0,3,6,deliverables/app_resource_constrained_extension_v1/results/combinations.jsonl,base_model_id=paired244-devext-09060772f27998b093caaea7;set_id=S0;cohort=pilot18;identity=EFFECTIVE_INTERVENTION,deliverables/app_resource_constrained_extension_v1/results/members.jsonl,cohort=pilot18;identity=EFFECTIVE_INTERVENTION
WEBGL1-LOEO-v1-03,S0,paired244-devext-09060772f27998b093caaea7,b2b42,NORMAL,retained_complete_method,34,0,34,0,0,34,0.0,1.0,0,34,deliverables/app_resource_constrained_extension_v1/results/combinations.jsonl,base_model_id=paired244-devext-09060772f27998b093caaea7;set_id=S0;cohort=b2b42;identity=NORMAL,deliverables/app_resource_constrained_extension_v1/results/members.jsonl,cohort=b2b42;identity=NORMAL
WEBGL1-LOEO-v1-03,S0,paired244-devext-09060772f27998b093caaea7,b2b42,EFFECTIVE_INTERVENTION,retained_complete_method,8,4,4,0,0,8,0.5,1.0,4,8,deliverables/app_resource_constrained_extension_v1/results/combinations.jsonl,base_model_id=paired244-devext-09060772f27998b093caaea7;set_id=S0;cohort=b2b42;identity=EFFECTIVE_INTERVENTION,deliverables/app_resource_constrained_extension_v1/results/members.jsonl,cohort=b2b42;identity=EFFECTIVE_INTERVENTION
WEBGL1-LOEO-v1-03,S0,paired244-devext-09060772f27998b093caaea7,resource54,NORMAL,retained_complete_method,42,0,42,0,0,42,0.0,1.0,0,42,deliverables/app_resource_constrained_extension_v1/results/combinations.jsonl,base_model_id=paired244-devext-09060772f27998b093caaea7;set_id=S0;cohort=resource54;identity=NORMAL,deliverables/app_resource_constrained_extension_v1/results/members.jsonl,cohort=resource54;identity=NORMAL
WEBGL1-LOEO-v1-03,S0,paired244-devext-09060772f27998b093caaea7,resource54,EFFECTIVE_INTERVENTION,retained_complete_method,12,6,6,0,0,12,0.5,1.0,6,12,deliverables/app_resource_constrained_extension_v1/results/combinations.jsonl,base_model_id=paired244-devext-09060772f27998b093caaea7;set_id=S0;cohort=resource54;identity=EFFECTIVE_INTERVENTION,deliverables/app_resource_constrained_extension_v1/results/members.jsonl,cohort=resource54;identity=EFFECTIVE_INTERVENTION
WEBGL1-LOEO-v1-03,S0,paired244-devext-09060772f27998b093caaea7,mtc_development,NORMAL,retained_complete_method,144,0,133,11,0,133,0.0,0.9236111111111112,0,144,deliverables/app_resource_constrained_extension_v1/results/combinations.jsonl,base_model_id=paired244-devext-09060772f27998b093caaea7;set_id=S0;cohort=mtc_development;identity=NORMAL,deliverables/app_resource_constrained_extension_v1/results/members.jsonl,cohort=mtc_development;identity=NORMAL
WEBGL1-LOEO-v1-03,S0,paired244-devext-09060772f27998b093caaea7,mtc_development,EFFECTIVE_INTERVENTION,retained_complete_method,0,0,0,0,0,0,,,0,0,deliverables/app_resource_constrained_extension_v1/results/combinations.jsonl,base_model_id=paired244-devext-09060772f27998b093caaea7;set_id=S0;cohort=mtc_development;identity=EFFECTIVE_INTERVENTION,deliverables/app_resource_constrained_extension_v1/results/members.jsonl,cohort=mtc_development;identity=EFFECTIVE_INTERVENTION
WEBGL1-LOEO-v1-03,S0,paired244-devext-09060772f27998b093caaea7,mtc_reserved_validation,NORMAL,retained_complete_method,117,0,111,6,0,111,0.0,0.9487179487179487,0,117,deliverables/app_resource_constrained_extension_v1/results/combinations.jsonl,base_model_id=paired244-devext-09060772f27998b093caaea7;set_id=S0;cohort=mtc_reserved_validation;identity=NORMAL,deliverables/app_resource_constrained_extension_v1/results/members.jsonl,cohort=mtc_reserved_validation;identity=NORMAL
WEBGL1-LOEO-v1-03,S0,paired244-devext-09060772f27998b093caaea7,mtc_reserved_validation,EFFECTIVE_INTERVENTION,retained_complete_method,0,0,0,0,0,0,,,0,0,deliverables/app_resource_constrained_extension_v1/results/combinations.jsonl,base_model_id=paired244-devext-09060772f27998b093caaea7;set_id=S0;cohort=mtc_reserved_validation;identity=EFFECTIVE_INTERVENTION,deliverables/app_resource_constrained_extension_v1/results/members.jsonl,cohort=mtc_reserved_validation;identity=EFFECTIVE_INTERVENTION
WEBGL1-LOEO-v1-03,M,paired244-devext-09060772f27998b093caaea7,mtc_discovery,NORMAL,rejected_diagnostic_combination,630,2,558,70,0,560,0.0031746031746031746,0.8888888888888888,2,630,deliverables/app_resource_constrained_extension_v1/results/combinations.jsonl,base_model_id=paired244-devext-09060772f27998b093caaea7;set_id=M;cohort=mtc_discovery;identity=NORMAL,deliverables/app_resource_constrained_extension_v1/results/members.jsonl,cohort=mtc_discovery;identity=NORMAL
WEBGL1-LOEO-v1-03,M,paired244-devext-09060772f27998b093caaea7,mtc_discovery,EFFECTIVE_INTERVENTION,rejected_diagnostic_combination,0,0,0,0,0,0,,,0,0,deliverables/app_resource_constrained_extension_v1/results/combinations.jsonl,base_model_id=paired244-devext-09060772f27998b093caaea7;set_id=M;cohort=mtc_discovery;identity=EFFECTIVE_INTERVENTION,deliverables/app_resource_constrained_extension_v1/results/members.jsonl,cohort=mtc_discovery;identity=EFFECTIVE_INTERVENTION
WEBGL1-LOEO-v1-03,M,paired244-devext-09060772f27998b093caaea7,pilot18,NORMAL,rejected_diagnostic_combination,12,0,12,0,0,12,0.0,1.0,0,12,deliverables/app_resource_constrained_extension_v1/results/combinations.jsonl,base_model_id=paired244-devext-09060772f27998b093caaea7;set_id=M;cohort=pilot18;identity=NORMAL,deliverables/app_resource_constrained_extension_v1/results/members.jsonl,cohort=pilot18;identity=NORMAL
WEBGL1-LOEO-v1-03,M,paired244-devext-09060772f27998b093caaea7,pilot18,EFFECTIVE_INTERVENTION,rejected_diagnostic_combination,6,3,3,0,0,6,0.5,1.0,3,6,deliverables/app_resource_constrained_extension_v1/results/combinations.jsonl,base_model_id=paired244-devext-09060772f27998b093caaea7;set_id=M;cohort=pilot18;identity=EFFECTIVE_INTERVENTION,deliverables/app_resource_constrained_extension_v1/results/members.jsonl,cohort=pilot18;identity=EFFECTIVE_INTERVENTION
WEBGL1-LOEO-v1-03,M,paired244-devext-09060772f27998b093caaea7,b2b42,NORMAL,rejected_diagnostic_combination,34,0,34,0,0,34,0.0,1.0,0,34,deliverables/app_resource_constrained_extension_v1/results/combinations.jsonl,base_model_id=paired244-devext-09060772f27998b093caaea7;set_id=M;cohort=b2b42;identity=NORMAL,deliverables/app_resource_constrained_extension_v1/results/members.jsonl,cohort=b2b42;identity=NORMAL
WEBGL1-LOEO-v1-03,M,paired244-devext-09060772f27998b093caaea7,b2b42,EFFECTIVE_INTERVENTION,rejected_diagnostic_combination,8,4,4,0,0,8,0.5,1.0,4,8,deliverables/app_resource_constrained_extension_v1/results/combinations.jsonl,base_model_id=paired244-devext-09060772f27998b093caaea7;set_id=M;cohort=b2b42;identity=EFFECTIVE_INTERVENTION,deliverables/app_resource_constrained_extension_v1/results/members.jsonl,cohort=b2b42;identity=EFFECTIVE_INTERVENTION
WEBGL1-LOEO-v1-03,M,paired244-devext-09060772f27998b093caaea7,resource54,NORMAL,rejected_diagnostic_combination,42,0,42,0,0,42,0.0,1.0,0,42,deliverables/app_resource_constrained_extension_v1/results/combinations.jsonl,base_model_id=paired244-devext-09060772f27998b093caaea7;set_id=M;cohort=resource54;identity=NORMAL,deliverables/app_resource_constrained_extension_v1/results/members.jsonl,cohort=resource54;identity=NORMAL
WEBGL1-LOEO-v1-03,M,paired244-devext-09060772f27998b093caaea7,resource54,EFFECTIVE_INTERVENTION,rejected_diagnostic_combination,12,12,0,0,0,12,1.0,1.0,12,12,deliverables/app_resource_constrained_extension_v1/results/combinations.jsonl,base_model_id=paired244-devext-09060772f27998b093caaea7;set_id=M;cohort=resource54;identity=EFFECTIVE_INTERVENTION,deliverables/app_resource_constrained_extension_v1/results/members.jsonl,cohort=resource54;identity=EFFECTIVE_INTERVENTION
WEBGL1-LOEO-v1-03,M,paired244-devext-09060772f27998b093caaea7,mtc_development,NORMAL,rejected_diagnostic_combination,144,0,133,11,0,133,0.0,0.9236111111111112,0,144,deliverables/app_resource_constrained_extension_v1/results/combinations.jsonl,base_model_id=paired244-devext-09060772f27998b093caaea7;set_id=M;cohort=mtc_development;identity=NORMAL,deliverables/app_resource_constrained_extension_v1/results/members.jsonl,cohort=mtc_development;identity=NORMAL
WEBGL1-LOEO-v1-03,M,paired244-devext-09060772f27998b093caaea7,mtc_development,EFFECTIVE_INTERVENTION,rejected_diagnostic_combination,0,0,0,0,0,0,,,0,0,deliverables/app_resource_constrained_extension_v1/results/combinations.jsonl,base_model_id=paired244-devext-09060772f27998b093caaea7;set_id=M;cohort=mtc_development;identity=EFFECTIVE_INTERVENTION,deliverables/app_resource_constrained_extension_v1/results/members.jsonl,cohort=mtc_development;identity=EFFECTIVE_INTERVENTION
WEBGL1-LOEO-v1-03,M,paired244-devext-09060772f27998b093caaea7,mtc_reserved_validation,NORMAL,rejected_diagnostic_combination,117,1,108,8,0,109,0.008547008547008548,0.9316239316239316,1,117,deliverables/app_resource_constrained_extension_v1/results/combinations.jsonl,base_model_id=paired244-devext-09060772f27998b093caaea7;set_id=M;cohort=mtc_reserved_validation;identity=NORMAL,deliverables/app_resource_constrained_extension_v1/results/members.jsonl,cohort=mtc_reserved_validation;identity=NORMAL
WEBGL1-LOEO-v1-03,M,paired244-devext-09060772f27998b093caaea7,mtc_reserved_validation,EFFECTIVE_INTERVENTION,rejected_diagnostic_combination,0,0,0,0,0,0,,,0,0,deliverables/app_resource_constrained_extension_v1/results/combinations.jsonl,base_model_id=paired244-devext-09060772f27998b093caaea7;set_id=M;cohort=mtc_reserved_validation;identity=EFFECTIVE_INTERVENTION,deliverables/app_resource_constrained_extension_v1/results/members.jsonl,cohort=mtc_reserved_validation;identity=EFFECTIVE_INTERVENTION
WEBGL1-LOEO-v1-03,B,paired244-devext-09060772f27998b093caaea7,mtc_discovery,NORMAL,rejected_diagnostic_combination,630,0,560,70,0,560,0.0,0.8888888888888888,0,630,deliverables/app_resource_constrained_extension_v1/results/combinations.jsonl,base_model_id=paired244-devext-09060772f27998b093caaea7;set_id=B;cohort=mtc_discovery;identity=NORMAL,deliverables/app_resource_constrained_extension_v1/results/members.jsonl,cohort=mtc_discovery;identity=NORMAL
WEBGL1-LOEO-v1-03,B,paired244-devext-09060772f27998b093caaea7,mtc_discovery,EFFECTIVE_INTERVENTION,rejected_diagnostic_combination,0,0,0,0,0,0,,,0,0,deliverables/app_resource_constrained_extension_v1/results/combinations.jsonl,base_model_id=paired244-devext-09060772f27998b093caaea7;set_id=B;cohort=mtc_discovery;identity=EFFECTIVE_INTERVENTION,deliverables/app_resource_constrained_extension_v1/results/members.jsonl,cohort=mtc_discovery;identity=EFFECTIVE_INTERVENTION
WEBGL1-LOEO-v1-03,B,paired244-devext-09060772f27998b093caaea7,pilot18,NORMAL,rejected_diagnostic_combination,12,0,12,0,0,12,0.0,1.0,0,12,deliverables/app_resource_constrained_extension_v1/results/combinations.jsonl,base_model_id=paired244-devext-09060772f27998b093caaea7;set_id=B;cohort=pilot18;identity=NORMAL,deliverables/app_resource_constrained_extension_v1/results/members.jsonl,cohort=pilot18;identity=NORMAL
WEBGL1-LOEO-v1-03,B,paired244-devext-09060772f27998b093caaea7,pilot18,EFFECTIVE_INTERVENTION,rejected_diagnostic_combination,6,3,3,0,0,6,0.5,1.0,3,6,deliverables/app_resource_constrained_extension_v1/results/combinations.jsonl,base_model_id=paired244-devext-09060772f27998b093caaea7;set_id=B;cohort=pilot18;identity=EFFECTIVE_INTERVENTION,deliverables/app_resource_constrained_extension_v1/results/members.jsonl,cohort=pilot18;identity=EFFECTIVE_INTERVENTION
WEBGL1-LOEO-v1-03,B,paired244-devext-09060772f27998b093caaea7,b2b42,NORMAL,rejected_diagnostic_combination,34,0,34,0,0,34,0.0,1.0,0,34,deliverables/app_resource_constrained_extension_v1/results/combinations.jsonl,base_model_id=paired244-devext-09060772f27998b093caaea7;set_id=B;cohort=b2b42;identity=NORMAL,deliverables/app_resource_constrained_extension_v1/results/members.jsonl,cohort=b2b42;identity=NORMAL
WEBGL1-LOEO-v1-03,B,paired244-devext-09060772f27998b093caaea7,b2b42,EFFECTIVE_INTERVENTION,rejected_diagnostic_combination,8,4,4,0,0,8,0.5,1.0,4,8,deliverables/app_resource_constrained_extension_v1/results/combinations.jsonl,base_model_id=paired244-devext-09060772f27998b093caaea7;set_id=B;cohort=b2b42;identity=EFFECTIVE_INTERVENTION,deliverables/app_resource_constrained_extension_v1/results/members.jsonl,cohort=b2b42;identity=EFFECTIVE_INTERVENTION
WEBGL1-LOEO-v1-03,B,paired244-devext-09060772f27998b093caaea7,resource54,NORMAL,rejected_diagnostic_combination,42,0,42,0,0,42,0.0,1.0,0,42,deliverables/app_resource_constrained_extension_v1/results/combinations.jsonl,base_model_id=paired244-devext-09060772f27998b093caaea7;set_id=B;cohort=resource54;identity=NORMAL,deliverables/app_resource_constrained_extension_v1/results/members.jsonl,cohort=resource54;identity=NORMAL
WEBGL1-LOEO-v1-03,B,paired244-devext-09060772f27998b093caaea7,resource54,EFFECTIVE_INTERVENTION,rejected_diagnostic_combination,12,9,3,0,0,12,0.75,1.0,9,12,deliverables/app_resource_constrained_extension_v1/results/combinations.jsonl,base_model_id=paired244-devext-09060772f27998b093caaea7;set_id=B;cohort=resource54;identity=EFFECTIVE_INTERVENTION,deliverables/app_resource_constrained_extension_v1/results/members.jsonl,cohort=resource54;identity=EFFECTIVE_INTERVENTION
WEBGL1-LOEO-v1-03,B,paired244-devext-09060772f27998b093caaea7,mtc_development,NORMAL,rejected_diagnostic_combination,144,0,133,11,0,133,0.0,0.9236111111111112,0,144,deliverables/app_resource_constrained_extension_v1/results/combinations.jsonl,base_model_id=paired244-devext-09060772f27998b093caaea7;set_id=B;cohort=mtc_development;identity=NORMAL,deliverables/app_resource_constrained_extension_v1/results/members.jsonl,cohort=mtc_development;identity=NORMAL
WEBGL1-LOEO-v1-03,B,paired244-devext-09060772f27998b093caaea7,mtc_development,EFFECTIVE_INTERVENTION,rejected_diagnostic_combination,0,0,0,0,0,0,,,0,0,deliverables/app_resource_constrained_extension_v1/results/combinations.jsonl,base_model_id=paired244-devext-09060772f27998b093caaea7;set_id=B;cohort=mtc_development;identity=EFFECTIVE_INTERVENTION,deliverables/app_resource_constrained_extension_v1/results/members.jsonl,cohort=mtc_development;identity=EFFECTIVE_INTERVENTION
WEBGL1-LOEO-v1-03,B,paired244-devext-09060772f27998b093caaea7,mtc_reserved_validation,NORMAL,rejected_diagnostic_combination,117,0,109,8,0,109,0.0,0.9316239316239316,0,117,deliverables/app_resource_constrained_extension_v1/results/combinations.jsonl,base_model_id=paired244-devext-09060772f27998b093caaea7;set_id=B;cohort=mtc_reserved_validation;identity=NORMAL,deliverables/app_resource_constrained_extension_v1/results/members.jsonl,cohort=mtc_reserved_validation;identity=NORMAL
WEBGL1-LOEO-v1-03,B,paired244-devext-09060772f27998b093caaea7,mtc_reserved_validation,EFFECTIVE_INTERVENTION,rejected_diagnostic_combination,0,0,0,0,0,0,,,0,0,deliverables/app_resource_constrained_extension_v1/results/combinations.jsonl,base_model_id=paired244-devext-09060772f27998b093caaea7;set_id=B;cohort=mtc_reserved_validation;identity=EFFECTIVE_INTERVENTION,deliverables/app_resource_constrained_extension_v1/results/members.jsonl,cohort=mtc_reserved_validation;identity=EFFECTIVE_INTERVENTION
WEBGL1-LOEO-v1-03,W,paired244-devext-09060772f27998b093caaea7,mtc_discovery,NORMAL,rejected_diagnostic_combination,630,40,520,70,0,560,0.06349206349206349,0.8888888888888888,40,630,deliverables/app_resource_constrained_extension_v1/results/combinations.jsonl,base_model_id=paired244-devext-09060772f27998b093caaea7;set_id=W;cohort=mtc_discovery;identity=NORMAL,deliverables/app_resource_constrained_extension_v1/results/members.jsonl,cohort=mtc_discovery;identity=NORMAL
WEBGL1-LOEO-v1-03,W,paired244-devext-09060772f27998b093caaea7,mtc_discovery,EFFECTIVE_INTERVENTION,rejected_diagnostic_combination,0,0,0,0,0,0,,,0,0,deliverables/app_resource_constrained_extension_v1/results/combinations.jsonl,base_model_id=paired244-devext-09060772f27998b093caaea7;set_id=W;cohort=mtc_discovery;identity=EFFECTIVE_INTERVENTION,deliverables/app_resource_constrained_extension_v1/results/members.jsonl,cohort=mtc_discovery;identity=EFFECTIVE_INTERVENTION
WEBGL1-LOEO-v1-03,W,paired244-devext-09060772f27998b093caaea7,pilot18,NORMAL,rejected_diagnostic_combination,12,0,12,0,0,12,0.0,1.0,0,12,deliverables/app_resource_constrained_extension_v1/results/combinations.jsonl,base_model_id=paired244-devext-09060772f27998b093caaea7;set_id=W;cohort=pilot18;identity=NORMAL,deliverables/app_resource_constrained_extension_v1/results/members.jsonl,cohort=pilot18;identity=NORMAL
WEBGL1-LOEO-v1-03,W,paired244-devext-09060772f27998b093caaea7,pilot18,EFFECTIVE_INTERVENTION,rejected_diagnostic_combination,6,3,3,0,0,6,0.5,1.0,3,6,deliverables/app_resource_constrained_extension_v1/results/combinations.jsonl,base_model_id=paired244-devext-09060772f27998b093caaea7;set_id=W;cohort=pilot18;identity=EFFECTIVE_INTERVENTION,deliverables/app_resource_constrained_extension_v1/results/members.jsonl,cohort=pilot18;identity=EFFECTIVE_INTERVENTION
WEBGL1-LOEO-v1-03,W,paired244-devext-09060772f27998b093caaea7,b2b42,NORMAL,rejected_diagnostic_combination,34,0,34,0,0,34,0.0,1.0,0,34,deliverables/app_resource_constrained_extension_v1/results/combinations.jsonl,base_model_id=paired244-devext-09060772f27998b093caaea7;set_id=W;cohort=b2b42;identity=NORMAL,deliverables/app_resource_constrained_extension_v1/results/members.jsonl,cohort=b2b42;identity=NORMAL
WEBGL1-LOEO-v1-03,W,paired244-devext-09060772f27998b093caaea7,b2b42,EFFECTIVE_INTERVENTION,rejected_diagnostic_combination,8,4,4,0,0,8,0.5,1.0,4,8,deliverables/app_resource_constrained_extension_v1/results/combinations.jsonl,base_model_id=paired244-devext-09060772f27998b093caaea7;set_id=W;cohort=b2b42;identity=EFFECTIVE_INTERVENTION,deliverables/app_resource_constrained_extension_v1/results/members.jsonl,cohort=b2b42;identity=EFFECTIVE_INTERVENTION
WEBGL1-LOEO-v1-03,W,paired244-devext-09060772f27998b093caaea7,resource54,NORMAL,rejected_diagnostic_combination,42,0,42,0,0,42,0.0,1.0,0,42,deliverables/app_resource_constrained_extension_v1/results/combinations.jsonl,base_model_id=paired244-devext-09060772f27998b093caaea7;set_id=W;cohort=resource54;identity=NORMAL,deliverables/app_resource_constrained_extension_v1/results/members.jsonl,cohort=resource54;identity=NORMAL
WEBGL1-LOEO-v1-03,W,paired244-devext-09060772f27998b093caaea7,resource54,EFFECTIVE_INTERVENTION,rejected_diagnostic_combination,12,12,0,0,0,12,1.0,1.0,12,12,deliverables/app_resource_constrained_extension_v1/results/combinations.jsonl,base_model_id=paired244-devext-09060772f27998b093caaea7;set_id=W;cohort=resource54;identity=EFFECTIVE_INTERVENTION,deliverables/app_resource_constrained_extension_v1/results/members.jsonl,cohort=resource54;identity=EFFECTIVE_INTERVENTION
WEBGL1-LOEO-v1-03,W,paired244-devext-09060772f27998b093caaea7,mtc_development,NORMAL,rejected_diagnostic_combination,144,6,127,11,0,133,0.041666666666666664,0.9236111111111112,6,144,deliverables/app_resource_constrained_extension_v1/results/combinations.jsonl,base_model_id=paired244-devext-09060772f27998b093caaea7;set_id=W;cohort=mtc_development;identity=NORMAL,deliverables/app_resource_constrained_extension_v1/results/members.jsonl,cohort=mtc_development;identity=NORMAL
WEBGL1-LOEO-v1-03,W,paired244-devext-09060772f27998b093caaea7,mtc_development,EFFECTIVE_INTERVENTION,rejected_diagnostic_combination,0,0,0,0,0,0,,,0,0,deliverables/app_resource_constrained_extension_v1/results/combinations.jsonl,base_model_id=paired244-devext-09060772f27998b093caaea7;set_id=W;cohort=mtc_development;identity=EFFECTIVE_INTERVENTION,deliverables/app_resource_constrained_extension_v1/results/members.jsonl,cohort=mtc_development;identity=EFFECTIVE_INTERVENTION
WEBGL1-LOEO-v1-03,W,paired244-devext-09060772f27998b093caaea7,mtc_reserved_validation,NORMAL,rejected_diagnostic_combination,117,16,93,8,0,109,0.13675213675213677,0.9316239316239316,16,117,deliverables/app_resource_constrained_extension_v1/results/combinations.jsonl,base_model_id=paired244-devext-09060772f27998b093caaea7;set_id=W;cohort=mtc_reserved_validation;identity=NORMAL,deliverables/app_resource_constrained_extension_v1/results/members.jsonl,cohort=mtc_reserved_validation;identity=NORMAL
WEBGL1-LOEO-v1-03,W,paired244-devext-09060772f27998b093caaea7,mtc_reserved_validation,EFFECTIVE_INTERVENTION,rejected_diagnostic_combination,0,0,0,0,0,0,,,0,0,deliverables/app_resource_constrained_extension_v1/results/combinations.jsonl,base_model_id=paired244-devext-09060772f27998b093caaea7;set_id=W;cohort=mtc_reserved_validation;identity=EFFECTIVE_INTERVENTION,deliverables/app_resource_constrained_extension_v1/results/members.jsonl,cohort=mtc_reserved_validation;identity=EFFECTIVE_INTERVENTION
WEBGL1-LOEO-v1-03,MW,paired244-devext-09060772f27998b093caaea7,mtc_discovery,NORMAL,rejected_diagnostic_combination,630,40,520,70,0,560,0.06349206349206349,0.8888888888888888,40,630,deliverables/app_resource_constrained_extension_v1/results/combinations.jsonl,base_model_id=paired244-devext-09060772f27998b093caaea7;set_id=MW;cohort=mtc_discovery;identity=NORMAL,deliverables/app_resource_constrained_extension_v1/results/members.jsonl,cohort=mtc_discovery;identity=NORMAL
WEBGL1-LOEO-v1-03,MW,paired244-devext-09060772f27998b093caaea7,mtc_discovery,EFFECTIVE_INTERVENTION,rejected_diagnostic_combination,0,0,0,0,0,0,,,0,0,deliverables/app_resource_constrained_extension_v1/results/combinations.jsonl,base_model_id=paired244-devext-09060772f27998b093caaea7;set_id=MW;cohort=mtc_discovery;identity=EFFECTIVE_INTERVENTION,deliverables/app_resource_constrained_extension_v1/results/members.jsonl,cohort=mtc_discovery;identity=EFFECTIVE_INTERVENTION
WEBGL1-LOEO-v1-03,MW,paired244-devext-09060772f27998b093caaea7,pilot18,NORMAL,rejected_diagnostic_combination,12,0,12,0,0,12,0.0,1.0,0,12,deliverables/app_resource_constrained_extension_v1/results/combinations.jsonl,base_model_id=paired244-devext-09060772f27998b093caaea7;set_id=MW;cohort=pilot18;identity=NORMAL,deliverables/app_resource_constrained_extension_v1/results/members.jsonl,cohort=pilot18;identity=NORMAL
WEBGL1-LOEO-v1-03,MW,paired244-devext-09060772f27998b093caaea7,pilot18,EFFECTIVE_INTERVENTION,rejected_diagnostic_combination,6,3,3,0,0,6,0.5,1.0,3,6,deliverables/app_resource_constrained_extension_v1/results/combinations.jsonl,base_model_id=paired244-devext-09060772f27998b093caaea7;set_id=MW;cohort=pilot18;identity=EFFECTIVE_INTERVENTION,deliverables/app_resource_constrained_extension_v1/results/members.jsonl,cohort=pilot18;identity=EFFECTIVE_INTERVENTION
WEBGL1-LOEO-v1-03,MW,paired244-devext-09060772f27998b093caaea7,b2b42,NORMAL,rejected_diagnostic_combination,34,0,34,0,0,34,0.0,1.0,0,34,deliverables/app_resource_constrained_extension_v1/results/combinations.jsonl,base_model_id=paired244-devext-09060772f27998b093caaea7;set_id=MW;cohort=b2b42;identity=NORMAL,deliverables/app_resource_constrained_extension_v1/results/members.jsonl,cohort=b2b42;identity=NORMAL
WEBGL1-LOEO-v1-03,MW,paired244-devext-09060772f27998b093caaea7,b2b42,EFFECTIVE_INTERVENTION,rejected_diagnostic_combination,8,4,4,0,0,8,0.5,1.0,4,8,deliverables/app_resource_constrained_extension_v1/results/combinations.jsonl,base_model_id=paired244-devext-09060772f27998b093caaea7;set_id=MW;cohort=b2b42;identity=EFFECTIVE_INTERVENTION,deliverables/app_resource_constrained_extension_v1/results/members.jsonl,cohort=b2b42;identity=EFFECTIVE_INTERVENTION
WEBGL1-LOEO-v1-03,MW,paired244-devext-09060772f27998b093caaea7,resource54,NORMAL,rejected_diagnostic_combination,42,0,42,0,0,42,0.0,1.0,0,42,deliverables/app_resource_constrained_extension_v1/results/combinations.jsonl,base_model_id=paired244-devext-09060772f27998b093caaea7;set_id=MW;cohort=resource54;identity=NORMAL,deliverables/app_resource_constrained_extension_v1/results/members.jsonl,cohort=resource54;identity=NORMAL
WEBGL1-LOEO-v1-03,MW,paired244-devext-09060772f27998b093caaea7,resource54,EFFECTIVE_INTERVENTION,rejected_diagnostic_combination,12,12,0,0,0,12,1.0,1.0,12,12,deliverables/app_resource_constrained_extension_v1/results/combinations.jsonl,base_model_id=paired244-devext-09060772f27998b093caaea7;set_id=MW;cohort=resource54;identity=EFFECTIVE_INTERVENTION,deliverables/app_resource_constrained_extension_v1/results/members.jsonl,cohort=resource54;identity=EFFECTIVE_INTERVENTION
WEBGL1-LOEO-v1-03,MW,paired244-devext-09060772f27998b093caaea7,mtc_development,NORMAL,rejected_diagnostic_combination,144,6,127,11,0,133,0.041666666666666664,0.9236111111111112,6,144,deliverables/app_resource_constrained_extension_v1/results/combinations.jsonl,base_model_id=paired244-devext-09060772f27998b093caaea7;set_id=MW;cohort=mtc_development;identity=NORMAL,deliverables/app_resource_constrained_extension_v1/results/members.jsonl,cohort=mtc_development;identity=NORMAL
WEBGL1-LOEO-v1-03,MW,paired244-devext-09060772f27998b093caaea7,mtc_development,EFFECTIVE_INTERVENTION,rejected_diagnostic_combination,0,0,0,0,0,0,,,0,0,deliverables/app_resource_constrained_extension_v1/results/combinations.jsonl,base_model_id=paired244-devext-09060772f27998b093caaea7;set_id=MW;cohort=mtc_development;identity=EFFECTIVE_INTERVENTION,deliverables/app_resource_constrained_extension_v1/results/members.jsonl,cohort=mtc_development;identity=EFFECTIVE_INTERVENTION
WEBGL1-LOEO-v1-03,MW,paired244-devext-09060772f27998b093caaea7,mtc_reserved_validation,NORMAL,rejected_diagnostic_combination,117,16,93,8,0,109,0.13675213675213677,0.9316239316239316,16,117,deliverables/app_resource_constrained_extension_v1/results/combinations.jsonl,base_model_id=paired244-devext-09060772f27998b093caaea7;set_id=MW;cohort=mtc_reserved_validation;identity=NORMAL,deliverables/app_resource_constrained_extension_v1/results/members.jsonl,cohort=mtc_reserved_validation;identity=NORMAL
WEBGL1-LOEO-v1-03,MW,paired244-devext-09060772f27998b093caaea7,mtc_reserved_validation,EFFECTIVE_INTERVENTION,rejected_diagnostic_combination,0,0,0,0,0,0,,,0,0,deliverables/app_resource_constrained_extension_v1/results/combinations.jsonl,base_model_id=paired244-devext-09060772f27998b093caaea7;set_id=MW;cohort=mtc_reserved_validation;identity=EFFECTIVE_INTERVENTION,deliverables/app_resource_constrained_extension_v1/results/members.jsonl,cohort=mtc_reserved_validation;identity=EFFECTIVE_INTERVENTION
WEBGL1-LOEO-v1-03,MB,paired244-devext-09060772f27998b093caaea7,mtc_discovery,NORMAL,rejected_diagnostic_combination,630,2,558,70,0,560,0.0031746031746031746,0.8888888888888888,2,630,deliverables/app_resource_constrained_extension_v1/results/combinations.jsonl,base_model_id=paired244-devext-09060772f27998b093caaea7;set_id=MB;cohort=mtc_discovery;identity=NORMAL,deliverables/app_resource_constrained_extension_v1/results/members.jsonl,cohort=mtc_discovery;identity=NORMAL
WEBGL1-LOEO-v1-03,MB,paired244-devext-09060772f27998b093caaea7,mtc_discovery,EFFECTIVE_INTERVENTION,rejected_diagnostic_combination,0,0,0,0,0,0,,,0,0,deliverables/app_resource_constrained_extension_v1/results/combinations.jsonl,base_model_id=paired244-devext-09060772f27998b093caaea7;set_id=MB;cohort=mtc_discovery;identity=EFFECTIVE_INTERVENTION,deliverables/app_resource_constrained_extension_v1/results/members.jsonl,cohort=mtc_discovery;identity=EFFECTIVE_INTERVENTION
WEBGL1-LOEO-v1-03,MB,paired244-devext-09060772f27998b093caaea7,pilot18,NORMAL,rejected_diagnostic_combination,12,0,12,0,0,12,0.0,1.0,0,12,deliverables/app_resource_constrained_extension_v1/results/combinations.jsonl,base_model_id=paired244-devext-09060772f27998b093caaea7;set_id=MB;cohort=pilot18;identity=NORMAL,deliverables/app_resource_constrained_extension_v1/results/members.jsonl,cohort=pilot18;identity=NORMAL
WEBGL1-LOEO-v1-03,MB,paired244-devext-09060772f27998b093caaea7,pilot18,EFFECTIVE_INTERVENTION,rejected_diagnostic_combination,6,3,3,0,0,6,0.5,1.0,3,6,deliverables/app_resource_constrained_extension_v1/results/combinations.jsonl,base_model_id=paired244-devext-09060772f27998b093caaea7;set_id=MB;cohort=pilot18;identity=EFFECTIVE_INTERVENTION,deliverables/app_resource_constrained_extension_v1/results/members.jsonl,cohort=pilot18;identity=EFFECTIVE_INTERVENTION
WEBGL1-LOEO-v1-03,MB,paired244-devext-09060772f27998b093caaea7,b2b42,NORMAL,rejected_diagnostic_combination,34,0,34,0,0,34,0.0,1.0,0,34,deliverables/app_resource_constrained_extension_v1/results/combinations.jsonl,base_model_id=paired244-devext-09060772f27998b093caaea7;set_id=MB;cohort=b2b42;identity=NORMAL,deliverables/app_resource_constrained_extension_v1/results/members.jsonl,cohort=b2b42;identity=NORMAL
WEBGL1-LOEO-v1-03,MB,paired244-devext-09060772f27998b093caaea7,b2b42,EFFECTIVE_INTERVENTION,rejected_diagnostic_combination,8,4,4,0,0,8,0.5,1.0,4,8,deliverables/app_resource_constrained_extension_v1/results/combinations.jsonl,base_model_id=paired244-devext-09060772f27998b093caaea7;set_id=MB;cohort=b2b42;identity=EFFECTIVE_INTERVENTION,deliverables/app_resource_constrained_extension_v1/results/members.jsonl,cohort=b2b42;identity=EFFECTIVE_INTERVENTION
WEBGL1-LOEO-v1-03,MB,paired244-devext-09060772f27998b093caaea7,resource54,NORMAL,rejected_diagnostic_combination,42,0,42,0,0,42,0.0,1.0,0,42,deliverables/app_resource_constrained_extension_v1/results/combinations.jsonl,base_model_id=paired244-devext-09060772f27998b093caaea7;set_id=MB;cohort=resource54;identity=NORMAL,deliverables/app_resource_constrained_extension_v1/results/members.jsonl,cohort=resource54;identity=NORMAL
WEBGL1-LOEO-v1-03,MB,paired244-devext-09060772f27998b093caaea7,resource54,EFFECTIVE_INTERVENTION,rejected_diagnostic_combination,12,12,0,0,0,12,1.0,1.0,12,12,deliverables/app_resource_constrained_extension_v1/results/combinations.jsonl,base_model_id=paired244-devext-09060772f27998b093caaea7;set_id=MB;cohort=resource54;identity=EFFECTIVE_INTERVENTION,deliverables/app_resource_constrained_extension_v1/results/members.jsonl,cohort=resource54;identity=EFFECTIVE_INTERVENTION
WEBGL1-LOEO-v1-03,MB,paired244-devext-09060772f27998b093caaea7,mtc_development,NORMAL,rejected_diagnostic_combination,144,0,133,11,0,133,0.0,0.9236111111111112,0,144,deliverables/app_resource_constrained_extension_v1/results/combinations.jsonl,base_model_id=paired244-devext-09060772f27998b093caaea7;set_id=MB;cohort=mtc_development;identity=NORMAL,deliverables/app_resource_constrained_extension_v1/results/members.jsonl,cohort=mtc_development;identity=NORMAL
WEBGL1-LOEO-v1-03,MB,paired244-devext-09060772f27998b093caaea7,mtc_development,EFFECTIVE_INTERVENTION,rejected_diagnostic_combination,0,0,0,0,0,0,,,0,0,deliverables/app_resource_constrained_extension_v1/results/combinations.jsonl,base_model_id=paired244-devext-09060772f27998b093caaea7;set_id=MB;cohort=mtc_development;identity=EFFECTIVE_INTERVENTION,deliverables/app_resource_constrained_extension_v1/results/members.jsonl,cohort=mtc_development;identity=EFFECTIVE_INTERVENTION
WEBGL1-LOEO-v1-03,MB,paired244-devext-09060772f27998b093caaea7,mtc_reserved_validation,NORMAL,rejected_diagnostic_combination,117,1,108,8,0,109,0.008547008547008548,0.9316239316239316,1,117,deliverables/app_resource_constrained_extension_v1/results/combinations.jsonl,base_model_id=paired244-devext-09060772f27998b093caaea7;set_id=MB;cohort=mtc_reserved_validation;identity=NORMAL,deliverables/app_resource_constrained_extension_v1/results/members.jsonl,cohort=mtc_reserved_validation;identity=NORMAL
WEBGL1-LOEO-v1-03,MB,paired244-devext-09060772f27998b093caaea7,mtc_reserved_validation,EFFECTIVE_INTERVENTION,rejected_diagnostic_combination,0,0,0,0,0,0,,,0,0,deliverables/app_resource_constrained_extension_v1/results/combinations.jsonl,base_model_id=paired244-devext-09060772f27998b093caaea7;set_id=MB;cohort=mtc_reserved_validation;identity=EFFECTIVE_INTERVENTION,deliverables/app_resource_constrained_extension_v1/results/members.jsonl,cohort=mtc_reserved_validation;identity=EFFECTIVE_INTERVENTION
WEBGL1-LOEO-v1-03,WB,paired244-devext-09060772f27998b093caaea7,mtc_discovery,NORMAL,rejected_diagnostic_combination,630,40,520,70,0,560,0.06349206349206349,0.8888888888888888,40,630,deliverables/app_resource_constrained_extension_v1/results/combinations.jsonl,base_model_id=paired244-devext-09060772f27998b093caaea7;set_id=WB;cohort=mtc_discovery;identity=NORMAL,deliverables/app_resource_constrained_extension_v1/results/members.jsonl,cohort=mtc_discovery;identity=NORMAL
WEBGL1-LOEO-v1-03,WB,paired244-devext-09060772f27998b093caaea7,mtc_discovery,EFFECTIVE_INTERVENTION,rejected_diagnostic_combination,0,0,0,0,0,0,,,0,0,deliverables/app_resource_constrained_extension_v1/results/combinations.jsonl,base_model_id=paired244-devext-09060772f27998b093caaea7;set_id=WB;cohort=mtc_discovery;identity=EFFECTIVE_INTERVENTION,deliverables/app_resource_constrained_extension_v1/results/members.jsonl,cohort=mtc_discovery;identity=EFFECTIVE_INTERVENTION
WEBGL1-LOEO-v1-03,WB,paired244-devext-09060772f27998b093caaea7,pilot18,NORMAL,rejected_diagnostic_combination,12,0,12,0,0,12,0.0,1.0,0,12,deliverables/app_resource_constrained_extension_v1/results/combinations.jsonl,base_model_id=paired244-devext-09060772f27998b093caaea7;set_id=WB;cohort=pilot18;identity=NORMAL,deliverables/app_resource_constrained_extension_v1/results/members.jsonl,cohort=pilot18;identity=NORMAL
WEBGL1-LOEO-v1-03,WB,paired244-devext-09060772f27998b093caaea7,pilot18,EFFECTIVE_INTERVENTION,rejected_diagnostic_combination,6,3,3,0,0,6,0.5,1.0,3,6,deliverables/app_resource_constrained_extension_v1/results/combinations.jsonl,base_model_id=paired244-devext-09060772f27998b093caaea7;set_id=WB;cohort=pilot18;identity=EFFECTIVE_INTERVENTION,deliverables/app_resource_constrained_extension_v1/results/members.jsonl,cohort=pilot18;identity=EFFECTIVE_INTERVENTION
WEBGL1-LOEO-v1-03,WB,paired244-devext-09060772f27998b093caaea7,b2b42,NORMAL,rejected_diagnostic_combination,34,0,34,0,0,34,0.0,1.0,0,34,deliverables/app_resource_constrained_extension_v1/results/combinations.jsonl,base_model_id=paired244-devext-09060772f27998b093caaea7;set_id=WB;cohort=b2b42;identity=NORMAL,deliverables/app_resource_constrained_extension_v1/results/members.jsonl,cohort=b2b42;identity=NORMAL
WEBGL1-LOEO-v1-03,WB,paired244-devext-09060772f27998b093caaea7,b2b42,EFFECTIVE_INTERVENTION,rejected_diagnostic_combination,8,4,4,0,0,8,0.5,1.0,4,8,deliverables/app_resource_constrained_extension_v1/results/combinations.jsonl,base_model_id=paired244-devext-09060772f27998b093caaea7;set_id=WB;cohort=b2b42;identity=EFFECTIVE_INTERVENTION,deliverables/app_resource_constrained_extension_v1/results/members.jsonl,cohort=b2b42;identity=EFFECTIVE_INTERVENTION
WEBGL1-LOEO-v1-03,WB,paired244-devext-09060772f27998b093caaea7,resource54,NORMAL,rejected_diagnostic_combination,42,0,42,0,0,42,0.0,1.0,0,42,deliverables/app_resource_constrained_extension_v1/results/combinations.jsonl,base_model_id=paired244-devext-09060772f27998b093caaea7;set_id=WB;cohort=resource54;identity=NORMAL,deliverables/app_resource_constrained_extension_v1/results/members.jsonl,cohort=resource54;identity=NORMAL
WEBGL1-LOEO-v1-03,WB,paired244-devext-09060772f27998b093caaea7,resource54,EFFECTIVE_INTERVENTION,rejected_diagnostic_combination,12,12,0,0,0,12,1.0,1.0,12,12,deliverables/app_resource_constrained_extension_v1/results/combinations.jsonl,base_model_id=paired244-devext-09060772f27998b093caaea7;set_id=WB;cohort=resource54;identity=EFFECTIVE_INTERVENTION,deliverables/app_resource_constrained_extension_v1/results/members.jsonl,cohort=resource54;identity=EFFECTIVE_INTERVENTION
WEBGL1-LOEO-v1-03,WB,paired244-devext-09060772f27998b093caaea7,mtc_development,NORMAL,rejected_diagnostic_combination,144,6,127,11,0,133,0.041666666666666664,0.9236111111111112,6,144,deliverables/app_resource_constrained_extension_v1/results/combinations.jsonl,base_model_id=paired244-devext-09060772f27998b093caaea7;set_id=WB;cohort=mtc_development;identity=NORMAL,deliverables/app_resource_constrained_extension_v1/results/members.jsonl,cohort=mtc_development;identity=NORMAL
WEBGL1-LOEO-v1-03,WB,paired244-devext-09060772f27998b093caaea7,mtc_development,EFFECTIVE_INTERVENTION,rejected_diagnostic_combination,0,0,0,0,0,0,,,0,0,deliverables/app_resource_constrained_extension_v1/results/combinations.jsonl,base_model_id=paired244-devext-09060772f27998b093caaea7;set_id=WB;cohort=mtc_development;identity=EFFECTIVE_INTERVENTION,deliverables/app_resource_constrained_extension_v1/results/members.jsonl,cohort=mtc_development;identity=EFFECTIVE_INTERVENTION
WEBGL1-LOEO-v1-03,WB,paired244-devext-09060772f27998b093caaea7,mtc_reserved_validation,NORMAL,rejected_diagnostic_combination,117,16,93,8,0,109,0.13675213675213677,0.9316239316239316,16,117,deliverables/app_resource_constrained_extension_v1/results/combinations.jsonl,base_model_id=paired244-devext-09060772f27998b093caaea7;set_id=WB;cohort=mtc_reserved_validation;identity=NORMAL,deliverables/app_resource_constrained_extension_v1/results/members.jsonl,cohort=mtc_reserved_validation;identity=NORMAL
WEBGL1-LOEO-v1-03,WB,paired244-devext-09060772f27998b093caaea7,mtc_reserved_validation,EFFECTIVE_INTERVENTION,rejected_diagnostic_combination,0,0,0,0,0,0,,,0,0,deliverables/app_resource_constrained_extension_v1/results/combinations.jsonl,base_model_id=paired244-devext-09060772f27998b093caaea7;set_id=WB;cohort=mtc_reserved_validation;identity=EFFECTIVE_INTERVENTION,deliverables/app_resource_constrained_extension_v1/results/members.jsonl,cohort=mtc_reserved_validation;identity=EFFECTIVE_INTERVENTION
WEBGL1-LOEO-v1-03,MWB,paired244-devext-09060772f27998b093caaea7,mtc_discovery,NORMAL,rejected_diagnostic_combination,630,40,520,70,0,560,0.06349206349206349,0.8888888888888888,40,630,deliverables/app_resource_constrained_extension_v1/results/combinations.jsonl,base_model_id=paired244-devext-09060772f27998b093caaea7;set_id=MWB;cohort=mtc_discovery;identity=NORMAL,deliverables/app_resource_constrained_extension_v1/results/members.jsonl,cohort=mtc_discovery;identity=NORMAL
WEBGL1-LOEO-v1-03,MWB,paired244-devext-09060772f27998b093caaea7,mtc_discovery,EFFECTIVE_INTERVENTION,rejected_diagnostic_combination,0,0,0,0,0,0,,,0,0,deliverables/app_resource_constrained_extension_v1/results/combinations.jsonl,base_model_id=paired244-devext-09060772f27998b093caaea7;set_id=MWB;cohort=mtc_discovery;identity=EFFECTIVE_INTERVENTION,deliverables/app_resource_constrained_extension_v1/results/members.jsonl,cohort=mtc_discovery;identity=EFFECTIVE_INTERVENTION
WEBGL1-LOEO-v1-03,MWB,paired244-devext-09060772f27998b093caaea7,pilot18,NORMAL,rejected_diagnostic_combination,12,0,12,0,0,12,0.0,1.0,0,12,deliverables/app_resource_constrained_extension_v1/results/combinations.jsonl,base_model_id=paired244-devext-09060772f27998b093caaea7;set_id=MWB;cohort=pilot18;identity=NORMAL,deliverables/app_resource_constrained_extension_v1/results/members.jsonl,cohort=pilot18;identity=NORMAL
WEBGL1-LOEO-v1-03,MWB,paired244-devext-09060772f27998b093caaea7,pilot18,EFFECTIVE_INTERVENTION,rejected_diagnostic_combination,6,3,3,0,0,6,0.5,1.0,3,6,deliverables/app_resource_constrained_extension_v1/results/combinations.jsonl,base_model_id=paired244-devext-09060772f27998b093caaea7;set_id=MWB;cohort=pilot18;identity=EFFECTIVE_INTERVENTION,deliverables/app_resource_constrained_extension_v1/results/members.jsonl,cohort=pilot18;identity=EFFECTIVE_INTERVENTION
WEBGL1-LOEO-v1-03,MWB,paired244-devext-09060772f27998b093caaea7,b2b42,NORMAL,rejected_diagnostic_combination,34,0,34,0,0,34,0.0,1.0,0,34,deliverables/app_resource_constrained_extension_v1/results/combinations.jsonl,base_model_id=paired244-devext-09060772f27998b093caaea7;set_id=MWB;cohort=b2b42;identity=NORMAL,deliverables/app_resource_constrained_extension_v1/results/members.jsonl,cohort=b2b42;identity=NORMAL
WEBGL1-LOEO-v1-03,MWB,paired244-devext-09060772f27998b093caaea7,b2b42,EFFECTIVE_INTERVENTION,rejected_diagnostic_combination,8,4,4,0,0,8,0.5,1.0,4,8,deliverables/app_resource_constrained_extension_v1/results/combinations.jsonl,base_model_id=paired244-devext-09060772f27998b093caaea7;set_id=MWB;cohort=b2b42;identity=EFFECTIVE_INTERVENTION,deliverables/app_resource_constrained_extension_v1/results/members.jsonl,cohort=b2b42;identity=EFFECTIVE_INTERVENTION
WEBGL1-LOEO-v1-03,MWB,paired244-devext-09060772f27998b093caaea7,resource54,NORMAL,rejected_diagnostic_combination,42,0,42,0,0,42,0.0,1.0,0,42,deliverables/app_resource_constrained_extension_v1/results/combinations.jsonl,base_model_id=paired244-devext-09060772f27998b093caaea7;set_id=MWB;cohort=resource54;identity=NORMAL,deliverables/app_resource_constrained_extension_v1/results/members.jsonl,cohort=resource54;identity=NORMAL
WEBGL1-LOEO-v1-03,MWB,paired244-devext-09060772f27998b093caaea7,resource54,EFFECTIVE_INTERVENTION,rejected_diagnostic_combination,12,12,0,0,0,12,1.0,1.0,12,12,deliverables/app_resource_constrained_extension_v1/results/combinations.jsonl,base_model_id=paired244-devext-09060772f27998b093caaea7;set_id=MWB;cohort=resource54;identity=EFFECTIVE_INTERVENTION,deliverables/app_resource_constrained_extension_v1/results/members.jsonl,cohort=resource54;identity=EFFECTIVE_INTERVENTION
WEBGL1-LOEO-v1-03,MWB,paired244-devext-09060772f27998b093caaea7,mtc_development,NORMAL,rejected_diagnostic_combination,144,6,127,11,0,133,0.041666666666666664,0.9236111111111112,6,144,deliverables/app_resource_constrained_extension_v1/results/combinations.jsonl,base_model_id=paired244-devext-09060772f27998b093caaea7;set_id=MWB;cohort=mtc_development;identity=NORMAL,deliverables/app_resource_constrained_extension_v1/results/members.jsonl,cohort=mtc_development;identity=NORMAL
WEBGL1-LOEO-v1-03,MWB,paired244-devext-09060772f27998b093caaea7,mtc_development,EFFECTIVE_INTERVENTION,rejected_diagnostic_combination,0,0,0,0,0,0,,,0,0,deliverables/app_resource_constrained_extension_v1/results/combinations.jsonl,base_model_id=paired244-devext-09060772f27998b093caaea7;set_id=MWB;cohort=mtc_development;identity=EFFECTIVE_INTERVENTION,deliverables/app_resource_constrained_extension_v1/results/members.jsonl,cohort=mtc_development;identity=EFFECTIVE_INTERVENTION
WEBGL1-LOEO-v1-03,MWB,paired244-devext-09060772f27998b093caaea7,mtc_reserved_validation,NORMAL,rejected_diagnostic_combination,117,16,93,8,0,109,0.13675213675213677,0.9316239316239316,16,117,deliverables/app_resource_constrained_extension_v1/results/combinations.jsonl,base_model_id=paired244-devext-09060772f27998b093caaea7;set_id=MWB;cohort=mtc_reserved_validation;identity=NORMAL,deliverables/app_resource_constrained_extension_v1/results/members.jsonl,cohort=mtc_reserved_validation;identity=NORMAL
WEBGL1-LOEO-v1-03,MWB,paired244-devext-09060772f27998b093caaea7,mtc_reserved_validation,EFFECTIVE_INTERVENTION,rejected_diagnostic_combination,0,0,0,0,0,0,,,0,0,deliverables/app_resource_constrained_extension_v1/results/combinations.jsonl,base_model_id=paired244-devext-09060772f27998b093caaea7;set_id=MWB;cohort=mtc_reserved_validation;identity=EFFECTIVE_INTERVENTION,deliverables/app_resource_constrained_extension_v1/results/members.jsonl,cohort=mtc_reserved_validation;identity=EFFECTIVE_INTERVENTION
