label,stage,repeat,n,elapsed_ns,amortized_us,source,source_line
shared_all_models,loaded_raw_adaptation,0,60,457494750,7624.9125,deliverables/prepaper_evidence_closeout_v1/timing/batches.jsonl,1
shared_all_models,loaded_raw_adaptation,1,60,478793083,7979.8847166666665,deliverables/prepaper_evidence_closeout_v1/timing/batches.jsonl,2
shared_all_models,loaded_raw_adaptation,2,60,455713417,7595.223616666666,deliverables/prepaper_evidence_closeout_v1/timing/batches.jsonl,3
shared_all_models,loaded_raw_adaptation,3,60,455498959,7591.649316666666,deliverables/prepaper_evidence_closeout_v1/timing/batches.jsonl,4
shared_all_models,loaded_raw_adaptation,4,60,457007000,7616.783333333333,deliverables/prepaper_evidence_closeout_v1/timing/batches.jsonl,5
shared_all_models,loaded_raw_adaptation,5,60,462314291,7705.238183333334,deliverables/prepaper_evidence_closeout_v1/timing/batches.jsonl,6
shared_all_models,loaded_raw_adaptation,6,60,456060959,7601.015983333334,deliverables/prepaper_evidence_closeout_v1/timing/batches.jsonl,7
shared_all_models,loaded_raw_adaptation,7,60,459714958,7661.9159666666665,deliverables/prepaper_evidence_closeout_v1/timing/batches.jsonl,8
shared_all_models,loaded_raw_adaptation,8,60,457571125,7626.185416666667,deliverables/prepaper_evidence_closeout_v1/timing/batches.jsonl,9
shared_all_models,loaded_raw_adaptation,9,60,460802500,7680.041666666667,deliverables/prepaper_evidence_closeout_v1/timing/batches.jsonl,10
R_FULL / 01,load_parse_validate,0,1,1876542,1876.542,deliverables/prepaper_evidence_closeout_v1/timing/batches.jsonl,11
R_FULL / 01,load_parse_validate,1,1,1841792,1841.792,deliverables/prepaper_evidence_closeout_v1/timing/batches.jsonl,12
R_FULL / 01,load_parse_validate,2,1,1936833,1936.833,deliverables/prepaper_evidence_closeout_v1/timing/batches.jsonl,13
R_FULL / 01,load_parse_validate,3,1,1930125,1930.125,deliverables/prepaper_evidence_closeout_v1/timing/batches.jsonl,14
R_FULL / 01,load_parse_validate,4,1,1849625,1849.625,deliverables/prepaper_evidence_closeout_v1/timing/batches.jsonl,15
R_FULL / 01,load_parse_validate,5,1,1847041,1847.041,deliverables/prepaper_evidence_closeout_v1/timing/batches.jsonl,16
R_FULL / 01,load_parse_validate,6,1,1806916,1806.916,deliverables/prepaper_evidence_closeout_v1/timing/batches.jsonl,17
R_FULL / 01,load_parse_validate,7,1,1797375,1797.375,deliverables/prepaper_evidence_closeout_v1/timing/batches.jsonl,18
R_FULL / 01,load_parse_validate,8,1,1814708,1814.708,deliverables/prepaper_evidence_closeout_v1/timing/batches.jsonl,19
R_FULL / 01,load_parse_validate,9,1,1795458,1795.458,deliverables/prepaper_evidence_closeout_v1/timing/batches.jsonl,20
R_FULL / 01,model_input_prepare,0,60,3832208,63.87013333333333,deliverables/prepaper_evidence_closeout_v1/timing/batches.jsonl,21
R_FULL / 01,model_input_prepare,1,60,3503542,58.39236666666667,deliverables/prepaper_evidence_closeout_v1/timing/batches.jsonl,22
R_FULL / 01,model_input_prepare,2,60,3449834,57.49723333333333,deliverables/prepaper_evidence_closeout_v1/timing/batches.jsonl,23
R_FULL / 01,model_input_prepare,3,60,3471833,57.863883333333334,deliverables/prepaper_evidence_closeout_v1/timing/batches.jsonl,24
R_FULL / 01,model_input_prepare,4,60,3502292,58.37153333333333,deliverables/prepaper_evidence_closeout_v1/timing/batches.jsonl,25
R_FULL / 01,model_input_prepare,5,60,3488000,58.13333333333333,deliverables/prepaper_evidence_closeout_v1/timing/batches.jsonl,26
R_FULL / 01,model_input_prepare,6,60,3455542,57.59236666666667,deliverables/prepaper_evidence_closeout_v1/timing/batches.jsonl,27
R_FULL / 01,model_input_prepare,7,60,3474250,57.90416666666666,deliverables/prepaper_evidence_closeout_v1/timing/batches.jsonl,28
R_FULL / 01,model_input_prepare,8,60,3544000,59.06666666666666,deliverables/prepaper_evidence_closeout_v1/timing/batches.jsonl,29
R_FULL / 01,model_input_prepare,9,60,3633458,60.55763333333333,deliverables/prepaper_evidence_closeout_v1/timing/batches.jsonl,30
R_FULL / 01,prepared_inference,0,60,25081917,418.03195,deliverables/prepaper_evidence_closeout_v1/timing/batches.jsonl,31
R_FULL / 01,prepared_inference,1,60,25345375,422.4229166666667,deliverables/prepaper_evidence_closeout_v1/timing/batches.jsonl,32
R_FULL / 01,prepared_inference,2,60,25146125,419.1020833333333,deliverables/prepaper_evidence_closeout_v1/timing/batches.jsonl,33
R_FULL / 01,prepared_inference,3,60,25087250,418.12083333333334,deliverables/prepaper_evidence_closeout_v1/timing/batches.jsonl,34
R_FULL / 01,prepared_inference,4,60,25215542,420.2590333333333,deliverables/prepaper_evidence_closeout_v1/timing/batches.jsonl,35
R_FULL / 01,prepared_inference,5,60,24950959,415.84931666666665,deliverables/prepaper_evidence_closeout_v1/timing/batches.jsonl,36
R_FULL / 01,prepared_inference,6,60,24943292,415.7215333333333,deliverables/prepaper_evidence_closeout_v1/timing/batches.jsonl,37
R_FULL / 01,prepared_inference,7,60,25218417,420.30695000000003,deliverables/prepaper_evidence_closeout_v1/timing/batches.jsonl,38
R_FULL / 01,prepared_inference,8,60,25286333,421.43888333333337,deliverables/prepaper_evidence_closeout_v1/timing/batches.jsonl,39
R_FULL / 01,prepared_inference,9,60,25018084,416.96806666666663,deliverables/prepaper_evidence_closeout_v1/timing/batches.jsonl,40
R_FULL / 01,original_current_interface,0,60,134401208,2240.0201333333334,deliverables/prepaper_evidence_closeout_v1/timing/batches.jsonl,41
R_FULL / 01,original_current_interface,1,60,134996291,2249.938183333333,deliverables/prepaper_evidence_closeout_v1/timing/batches.jsonl,42
R_FULL / 01,original_current_interface,2,60,134633292,2243.8882000000003,deliverables/prepaper_evidence_closeout_v1/timing/batches.jsonl,43
R_FULL / 01,original_current_interface,3,60,134366917,2239.4486166666666,deliverables/prepaper_evidence_closeout_v1/timing/batches.jsonl,44
R_FULL / 01,original_current_interface,4,60,136872500,2281.2083333333335,deliverables/prepaper_evidence_closeout_v1/timing/batches.jsonl,45
R_FULL / 01,original_current_interface,5,60,152735542,2545.5923666666667,deliverables/prepaper_evidence_closeout_v1/timing/batches.jsonl,46
R_FULL / 01,original_current_interface,6,60,142838292,2380.6382000000003,deliverables/prepaper_evidence_closeout_v1/timing/batches.jsonl,47
R_FULL / 01,original_current_interface,7,60,135362334,2256.0389,deliverables/prepaper_evidence_closeout_v1/timing/batches.jsonl,48
R_FULL / 01,original_current_interface,8,60,134358375,2239.30625,deliverables/prepaper_evidence_closeout_v1/timing/batches.jsonl,49
R_FULL / 01,original_current_interface,9,60,136004209,2266.736816666667,deliverables/prepaper_evidence_closeout_v1/timing/batches.jsonl,50
R_FULL / 01,cached_from_adapted,0,60,28955667,482.59445,deliverables/prepaper_evidence_closeout_v1/timing/batches.jsonl,51
R_FULL / 01,cached_from_adapted,1,60,28944375,482.40625,deliverables/prepaper_evidence_closeout_v1/timing/batches.jsonl,52
R_FULL / 01,cached_from_adapted,2,60,28987667,483.1277833333333,deliverables/prepaper_evidence_closeout_v1/timing/batches.jsonl,53
R_FULL / 01,cached_from_adapted,3,60,28737791,478.96318333333335,deliverables/prepaper_evidence_closeout_v1/timing/batches.jsonl,54
R_FULL / 01,cached_from_adapted,4,60,28990167,483.16945,deliverables/prepaper_evidence_closeout_v1/timing/batches.jsonl,55
R_FULL / 01,cached_from_adapted,5,60,28828458,480.47429999999997,deliverables/prepaper_evidence_closeout_v1/timing/batches.jsonl,56
R_FULL / 01,cached_from_adapted,6,60,28755459,479.25765,deliverables/prepaper_evidence_closeout_v1/timing/batches.jsonl,57
R_FULL / 01,cached_from_adapted,7,60,28721000,478.68333333333334,deliverables/prepaper_evidence_closeout_v1/timing/batches.jsonl,58
R_FULL / 01,cached_from_adapted,8,60,28645333,477.42221666666666,deliverables/prepaper_evidence_closeout_v1/timing/batches.jsonl,59
R_FULL / 01,cached_from_adapted,9,60,29221250,487.0208333333333,deliverables/prepaper_evidence_closeout_v1/timing/batches.jsonl,60
R_FULL / 01,loaded_raw_to_original,0,60,625261333,10421.022216666666,deliverables/prepaper_evidence_closeout_v1/timing/batches.jsonl,61
R_FULL / 01,loaded_raw_to_original,1,60,599829542,9997.159033333333,deliverables/prepaper_evidence_closeout_v1/timing/batches.jsonl,62
R_FULL / 01,loaded_raw_to_original,2,60,598202000,9970.033333333335,deliverables/prepaper_evidence_closeout_v1/timing/batches.jsonl,63
R_FULL / 01,loaded_raw_to_original,3,60,600237708,10003.961800000001,deliverables/prepaper_evidence_closeout_v1/timing/batches.jsonl,64
R_FULL / 01,loaded_raw_to_original,4,60,599313500,9988.558333333334,deliverables/prepaper_evidence_closeout_v1/timing/batches.jsonl,65
R_FULL / 01,loaded_raw_to_original,5,60,601363959,10022.73265,deliverables/prepaper_evidence_closeout_v1/timing/batches.jsonl,66
R_FULL / 01,loaded_raw_to_original,6,60,596872959,9947.88265,deliverables/prepaper_evidence_closeout_v1/timing/batches.jsonl,67
R_FULL / 01,loaded_raw_to_original,7,60,604524584,10075.409733333332,deliverables/prepaper_evidence_closeout_v1/timing/batches.jsonl,68
R_FULL / 01,loaded_raw_to_original,8,60,601882750,10031.379166666666,deliverables/prepaper_evidence_closeout_v1/timing/batches.jsonl,69
R_FULL / 01,loaded_raw_to_original,9,60,601652500,10027.541666666666,deliverables/prepaper_evidence_closeout_v1/timing/batches.jsonl,70
R_FULL / 01,loaded_raw_to_cached,0,60,487864667,8131.077783333333,deliverables/prepaper_evidence_closeout_v1/timing/batches.jsonl,71
R_FULL / 01,loaded_raw_to_cached,1,60,530546166,8842.436099999999,deliverables/prepaper_evidence_closeout_v1/timing/batches.jsonl,72
R_FULL / 01,loaded_raw_to_cached,2,60,490993875,8183.23125,deliverables/prepaper_evidence_closeout_v1/timing/batches.jsonl,73
R_FULL / 01,loaded_raw_to_cached,3,60,507385417,8456.423616666667,deliverables/prepaper_evidence_closeout_v1/timing/batches.jsonl,74
R_FULL / 01,loaded_raw_to_cached,4,60,489547625,8159.127083333333,deliverables/prepaper_evidence_closeout_v1/timing/batches.jsonl,75
R_FULL / 01,loaded_raw_to_cached,5,60,488177500,8136.291666666667,deliverables/prepaper_evidence_closeout_v1/timing/batches.jsonl,76
R_FULL / 01,loaded_raw_to_cached,6,60,486636125,8110.602083333333,deliverables/prepaper_evidence_closeout_v1/timing/batches.jsonl,77
R_FULL / 01,loaded_raw_to_cached,7,60,485664000,8094.4,deliverables/prepaper_evidence_closeout_v1/timing/batches.jsonl,78
R_FULL / 01,loaded_raw_to_cached,8,60,486549542,8109.159033333333,deliverables/prepaper_evidence_closeout_v1/timing/batches.jsonl,79
R_FULL / 01,loaded_raw_to_cached,9,60,488077959,8134.6326500000005,deliverables/prepaper_evidence_closeout_v1/timing/batches.jsonl,80
R_NO_CROSS / 01,load_parse_validate,0,1,1881584,1881.584,deliverables/prepaper_evidence_closeout_v1/timing/batches.jsonl,81
R_NO_CROSS / 01,load_parse_validate,1,1,1850834,1850.834,deliverables/prepaper_evidence_closeout_v1/timing/batches.jsonl,82
R_NO_CROSS / 01,load_parse_validate,2,1,1942375,1942.375,deliverables/prepaper_evidence_closeout_v1/timing/batches.jsonl,83
R_NO_CROSS / 01,load_parse_validate,3,1,1965125,1965.125,deliverables/prepaper_evidence_closeout_v1/timing/batches.jsonl,84
R_NO_CROSS / 01,load_parse_validate,4,1,1891000,1891.0,deliverables/prepaper_evidence_closeout_v1/timing/batches.jsonl,85
R_NO_CROSS / 01,load_parse_validate,5,1,1834333,1834.333,deliverables/prepaper_evidence_closeout_v1/timing/batches.jsonl,86
R_NO_CROSS / 01,load_parse_validate,6,1,1814958,1814.958,deliverables/prepaper_evidence_closeout_v1/timing/batches.jsonl,87
R_NO_CROSS / 01,load_parse_validate,7,1,1808917,1808.917,deliverables/prepaper_evidence_closeout_v1/timing/batches.jsonl,88
R_NO_CROSS / 01,load_parse_validate,8,1,1802125,1802.125,deliverables/prepaper_evidence_closeout_v1/timing/batches.jsonl,89
R_NO_CROSS / 01,load_parse_validate,9,1,1796750,1796.75,deliverables/prepaper_evidence_closeout_v1/timing/batches.jsonl,90
R_NO_CROSS / 01,model_input_prepare,0,60,3448208,57.47013333333333,deliverables/prepaper_evidence_closeout_v1/timing/batches.jsonl,91
R_NO_CROSS / 01,model_input_prepare,1,60,3309042,55.1507,deliverables/prepaper_evidence_closeout_v1/timing/batches.jsonl,92
R_NO_CROSS / 01,model_input_prepare,2,60,3302625,55.04375,deliverables/prepaper_evidence_closeout_v1/timing/batches.jsonl,93
R_NO_CROSS / 01,model_input_prepare,3,60,3295792,54.92986666666667,deliverables/prepaper_evidence_closeout_v1/timing/batches.jsonl,94
R_NO_CROSS / 01,model_input_prepare,4,60,3359042,55.984033333333336,deliverables/prepaper_evidence_closeout_v1/timing/batches.jsonl,95
R_NO_CROSS / 01,model_input_prepare,5,60,3483584,58.05973333333333,deliverables/prepaper_evidence_closeout_v1/timing/batches.jsonl,96
R_NO_CROSS / 01,model_input_prepare,6,60,3308125,55.135416666666664,deliverables/prepaper_evidence_closeout_v1/timing/batches.jsonl,97
R_NO_CROSS / 01,model_input_prepare,7,60,3296417,54.94028333333333,deliverables/prepaper_evidence_closeout_v1/timing/batches.jsonl,98
R_NO_CROSS / 01,model_input_prepare,8,60,3285333,54.75555,deliverables/prepaper_evidence_closeout_v1/timing/batches.jsonl,99
R_NO_CROSS / 01,model_input_prepare,9,60,3485875,58.09791666666666,deliverables/prepaper_evidence_closeout_v1/timing/batches.jsonl,100
R_NO_CROSS / 01,prepared_inference,0,60,25393375,423.22291666666666,deliverables/prepaper_evidence_closeout_v1/timing/batches.jsonl,101
R_NO_CROSS / 01,prepared_inference,1,60,25221291,420.35485,deliverables/prepaper_evidence_closeout_v1/timing/batches.jsonl,102
R_NO_CROSS / 01,prepared_inference,2,60,25048084,417.46806666666663,deliverables/prepaper_evidence_closeout_v1/timing/batches.jsonl,103
R_NO_CROSS / 01,prepared_inference,3,60,25104584,418.40973333333335,deliverables/prepaper_evidence_closeout_v1/timing/batches.jsonl,104
R_NO_CROSS / 01,prepared_inference,4,60,25059375,417.65625,deliverables/prepaper_evidence_closeout_v1/timing/batches.jsonl,105
R_NO_CROSS / 01,prepared_inference,5,60,25106167,418.43611666666663,deliverables/prepaper_evidence_closeout_v1/timing/batches.jsonl,106
R_NO_CROSS / 01,prepared_inference,6,60,25119042,418.65070000000003,deliverables/prepaper_evidence_closeout_v1/timing/batches.jsonl,107
R_NO_CROSS / 01,prepared_inference,7,60,25319125,421.9854166666667,deliverables/prepaper_evidence_closeout_v1/timing/batches.jsonl,108
R_NO_CROSS / 01,prepared_inference,8,60,25314959,421.9159833333333,deliverables/prepaper_evidence_closeout_v1/timing/batches.jsonl,109
R_NO_CROSS / 01,prepared_inference,9,60,25085709,418.09515000000005,deliverables/prepaper_evidence_closeout_v1/timing/batches.jsonl,110
R_NO_CROSS / 01,original_current_interface,0,60,134183250,2236.3875,deliverables/prepaper_evidence_closeout_v1/timing/batches.jsonl,111
R_NO_CROSS / 01,original_current_interface,1,60,133242000,2220.7,deliverables/prepaper_evidence_closeout_v1/timing/batches.jsonl,112
R_NO_CROSS / 01,original_current_interface,2,60,134865166,2247.7527666666665,deliverables/prepaper_evidence_closeout_v1/timing/batches.jsonl,113
R_NO_CROSS / 01,original_current_interface,3,60,167405083,2790.0847166666667,deliverables/prepaper_evidence_closeout_v1/timing/batches.jsonl,114
R_NO_CROSS / 01,original_current_interface,4,60,150672208,2511.203466666667,deliverables/prepaper_evidence_closeout_v1/timing/batches.jsonl,115
R_NO_CROSS / 01,original_current_interface,5,60,138947042,2315.7840333333334,deliverables/prepaper_evidence_closeout_v1/timing/batches.jsonl,116
R_NO_CROSS / 01,original_current_interface,6,60,134820500,2247.0083333333337,deliverables/prepaper_evidence_closeout_v1/timing/batches.jsonl,117
R_NO_CROSS / 01,original_current_interface,7,60,147231000,2453.85,deliverables/prepaper_evidence_closeout_v1/timing/batches.jsonl,118
R_NO_CROSS / 01,original_current_interface,8,60,134989500,2249.825,deliverables/prepaper_evidence_closeout_v1/timing/batches.jsonl,119
R_NO_CROSS / 01,original_current_interface,9,60,133689792,2228.1632,deliverables/prepaper_evidence_closeout_v1/timing/batches.jsonl,120
R_NO_CROSS / 01,cached_from_adapted,0,60,29360084,489.33473333333336,deliverables/prepaper_evidence_closeout_v1/timing/batches.jsonl,121
R_NO_CROSS / 01,cached_from_adapted,1,60,29023667,483.7277833333333,deliverables/prepaper_evidence_closeout_v1/timing/batches.jsonl,122
R_NO_CROSS / 01,cached_from_adapted,2,60,29022958,483.7159666666667,deliverables/prepaper_evidence_closeout_v1/timing/batches.jsonl,123
R_NO_CROSS / 01,cached_from_adapted,3,60,28979750,482.99583333333334,deliverables/prepaper_evidence_closeout_v1/timing/batches.jsonl,124
R_NO_CROSS / 01,cached_from_adapted,4,60,29365708,489.4284666666667,deliverables/prepaper_evidence_closeout_v1/timing/batches.jsonl,125
R_NO_CROSS / 01,cached_from_adapted,5,60,29013917,483.5652833333333,deliverables/prepaper_evidence_closeout_v1/timing/batches.jsonl,126
R_NO_CROSS / 01,cached_from_adapted,6,60,28886875,481.4479166666667,deliverables/prepaper_evidence_closeout_v1/timing/batches.jsonl,127
R_NO_CROSS / 01,cached_from_adapted,7,60,29228834,487.14723333333336,deliverables/prepaper_evidence_closeout_v1/timing/batches.jsonl,128
R_NO_CROSS / 01,cached_from_adapted,8,60,28958459,482.64098333333334,deliverables/prepaper_evidence_closeout_v1/timing/batches.jsonl,129
R_NO_CROSS / 01,cached_from_adapted,9,60,30019917,500.33195,deliverables/prepaper_evidence_closeout_v1/timing/batches.jsonl,130
R_NO_CROSS / 01,loaded_raw_to_original,0,60,633241625,10554.027083333334,deliverables/prepaper_evidence_closeout_v1/timing/batches.jsonl,131
R_NO_CROSS / 01,loaded_raw_to_original,1,60,602958833,10049.313883333332,deliverables/prepaper_evidence_closeout_v1/timing/batches.jsonl,132
R_NO_CROSS / 01,loaded_raw_to_original,2,60,597457833,9957.63055,deliverables/prepaper_evidence_closeout_v1/timing/batches.jsonl,133
R_NO_CROSS / 01,loaded_raw_to_original,3,60,603929333,10065.488883333333,deliverables/prepaper_evidence_closeout_v1/timing/batches.jsonl,134
R_NO_CROSS / 01,loaded_raw_to_original,4,60,600452166,10007.5361,deliverables/prepaper_evidence_closeout_v1/timing/batches.jsonl,135
R_NO_CROSS / 01,loaded_raw_to_original,5,60,599059000,9984.316666666666,deliverables/prepaper_evidence_closeout_v1/timing/batches.jsonl,136
R_NO_CROSS / 01,loaded_raw_to_original,6,60,602772375,10046.20625,deliverables/prepaper_evidence_closeout_v1/timing/batches.jsonl,137
R_NO_CROSS / 01,loaded_raw_to_original,7,60,599445375,9990.75625,deliverables/prepaper_evidence_closeout_v1/timing/batches.jsonl,138
R_NO_CROSS / 01,loaded_raw_to_original,8,60,599046000,9984.1,deliverables/prepaper_evidence_closeout_v1/timing/batches.jsonl,139
R_NO_CROSS / 01,loaded_raw_to_original,9,60,599412458,9990.207633333333,deliverables/prepaper_evidence_closeout_v1/timing/batches.jsonl,140
R_NO_CROSS / 01,loaded_raw_to_cached,0,60,488102000,8135.033333333333,deliverables/prepaper_evidence_closeout_v1/timing/batches.jsonl,141
R_NO_CROSS / 01,loaded_raw_to_cached,1,60,508493375,8474.889583333334,deliverables/prepaper_evidence_closeout_v1/timing/batches.jsonl,142
R_NO_CROSS / 01,loaded_raw_to_cached,2,60,488068666,8134.477766666667,deliverables/prepaper_evidence_closeout_v1/timing/batches.jsonl,143
R_NO_CROSS / 01,loaded_raw_to_cached,3,60,492100542,8201.6757,deliverables/prepaper_evidence_closeout_v1/timing/batches.jsonl,144
R_NO_CROSS / 01,loaded_raw_to_cached,4,60,495673458,8261.2243,deliverables/prepaper_evidence_closeout_v1/timing/batches.jsonl,145
R_NO_CROSS / 01,loaded_raw_to_cached,5,60,489810125,8163.502083333333,deliverables/prepaper_evidence_closeout_v1/timing/batches.jsonl,146
R_NO_CROSS / 01,loaded_raw_to_cached,6,60,539632416,8993.873599999999,deliverables/prepaper_evidence_closeout_v1/timing/batches.jsonl,147
R_NO_CROSS / 01,loaded_raw_to_cached,7,60,488495042,8141.5840333333335,deliverables/prepaper_evidence_closeout_v1/timing/batches.jsonl,148
R_NO_CROSS / 01,loaded_raw_to_cached,8,60,488148542,8135.809033333333,deliverables/prepaper_evidence_closeout_v1/timing/batches.jsonl,149
R_NO_CROSS / 01,loaded_raw_to_cached,9,60,489877917,8164.63195,deliverables/prepaper_evidence_closeout_v1/timing/batches.jsonl,150
R_NO_MATCHED_NORMAL_CAP / 01,load_parse_validate,0,1,1912375,1912.375,deliverables/prepaper_evidence_closeout_v1/timing/batches.jsonl,151
R_NO_MATCHED_NORMAL_CAP / 01,load_parse_validate,1,1,1987417,1987.417,deliverables/prepaper_evidence_closeout_v1/timing/batches.jsonl,152
R_NO_MATCHED_NORMAL_CAP / 01,load_parse_validate,2,1,1881459,1881.459,deliverables/prepaper_evidence_closeout_v1/timing/batches.jsonl,153
R_NO_MATCHED_NORMAL_CAP / 01,load_parse_validate,3,1,1859292,1859.292,deliverables/prepaper_evidence_closeout_v1/timing/batches.jsonl,154
R_NO_MATCHED_NORMAL_CAP / 01,load_parse_validate,4,1,1849583,1849.583,deliverables/prepaper_evidence_closeout_v1/timing/batches.jsonl,155
R_NO_MATCHED_NORMAL_CAP / 01,load_parse_validate,5,1,1832708,1832.708,deliverables/prepaper_evidence_closeout_v1/timing/batches.jsonl,156
R_NO_MATCHED_NORMAL_CAP / 01,load_parse_validate,6,1,1808833,1808.833,deliverables/prepaper_evidence_closeout_v1/timing/batches.jsonl,157
R_NO_MATCHED_NORMAL_CAP / 01,load_parse_validate,7,1,1815583,1815.583,deliverables/prepaper_evidence_closeout_v1/timing/batches.jsonl,158
R_NO_MATCHED_NORMAL_CAP / 01,load_parse_validate,8,1,1801125,1801.125,deliverables/prepaper_evidence_closeout_v1/timing/batches.jsonl,159
R_NO_MATCHED_NORMAL_CAP / 01,load_parse_validate,9,1,1862250,1862.25,deliverables/prepaper_evidence_closeout_v1/timing/batches.jsonl,160
R_NO_MATCHED_NORMAL_CAP / 01,model_input_prepare,0,60,3460000,57.666666666666664,deliverables/prepaper_evidence_closeout_v1/timing/batches.jsonl,161
R_NO_MATCHED_NORMAL_CAP / 01,model_input_prepare,1,60,3441083,57.35138333333333,deliverables/prepaper_evidence_closeout_v1/timing/batches.jsonl,162
R_NO_MATCHED_NORMAL_CAP / 01,model_input_prepare,2,60,3444333,57.405550000000005,deliverables/prepaper_evidence_closeout_v1/timing/batches.jsonl,163
R_NO_MATCHED_NORMAL_CAP / 01,model_input_prepare,3,60,3521291,58.688183333333335,deliverables/prepaper_evidence_closeout_v1/timing/batches.jsonl,164
R_NO_MATCHED_NORMAL_CAP / 01,model_input_prepare,4,60,3466041,57.76735,deliverables/prepaper_evidence_closeout_v1/timing/batches.jsonl,165
R_NO_MATCHED_NORMAL_CAP / 01,model_input_prepare,5,60,3455583,57.593050000000005,deliverables/prepaper_evidence_closeout_v1/timing/batches.jsonl,166
R_NO_MATCHED_NORMAL_CAP / 01,model_input_prepare,6,60,3450708,57.5118,deliverables/prepaper_evidence_closeout_v1/timing/batches.jsonl,167
R_NO_MATCHED_NORMAL_CAP / 01,model_input_prepare,7,60,3463333,57.72221666666667,deliverables/prepaper_evidence_closeout_v1/timing/batches.jsonl,168
R_NO_MATCHED_NORMAL_CAP / 01,model_input_prepare,8,60,3535792,58.92986666666667,deliverables/prepaper_evidence_closeout_v1/timing/batches.jsonl,169
R_NO_MATCHED_NORMAL_CAP / 01,model_input_prepare,9,60,3457500,57.625,deliverables/prepaper_evidence_closeout_v1/timing/batches.jsonl,170
R_NO_MATCHED_NORMAL_CAP / 01,prepared_inference,0,60,25571417,426.1902833333333,deliverables/prepaper_evidence_closeout_v1/timing/batches.jsonl,171
R_NO_MATCHED_NORMAL_CAP / 01,prepared_inference,1,60,25287667,421.4611166666666,deliverables/prepaper_evidence_closeout_v1/timing/batches.jsonl,172
R_NO_MATCHED_NORMAL_CAP / 01,prepared_inference,2,60,25251375,420.85625,deliverables/prepaper_evidence_closeout_v1/timing/batches.jsonl,173
R_NO_MATCHED_NORMAL_CAP / 01,prepared_inference,3,60,25344792,422.4132,deliverables/prepaper_evidence_closeout_v1/timing/batches.jsonl,174
R_NO_MATCHED_NORMAL_CAP / 01,prepared_inference,4,60,25264417,421.0736166666666,deliverables/prepaper_evidence_closeout_v1/timing/batches.jsonl,175
R_NO_MATCHED_NORMAL_CAP / 01,prepared_inference,5,60,25244917,420.74861666666663,deliverables/prepaper_evidence_closeout_v1/timing/batches.jsonl,176
R_NO_MATCHED_NORMAL_CAP / 01,prepared_inference,6,60,25213667,420.2277833333333,deliverables/prepaper_evidence_closeout_v1/timing/batches.jsonl,177
R_NO_MATCHED_NORMAL_CAP / 01,prepared_inference,7,60,25082875,418.0479166666667,deliverables/prepaper_evidence_closeout_v1/timing/batches.jsonl,178
R_NO_MATCHED_NORMAL_CAP / 01,prepared_inference,8,60,25088875,418.1479166666667,deliverables/prepaper_evidence_closeout_v1/timing/batches.jsonl,179
R_NO_MATCHED_NORMAL_CAP / 01,prepared_inference,9,60,25008791,416.81318333333337,deliverables/prepaper_evidence_closeout_v1/timing/batches.jsonl,180
R_NO_MATCHED_NORMAL_CAP / 01,original_current_interface,0,60,136313750,2271.8958333333335,deliverables/prepaper_evidence_closeout_v1/timing/batches.jsonl,181
R_NO_MATCHED_NORMAL_CAP / 01,original_current_interface,1,60,137813041,2296.8840166666664,deliverables/prepaper_evidence_closeout_v1/timing/batches.jsonl,182
R_NO_MATCHED_NORMAL_CAP / 01,original_current_interface,2,60,134253417,2237.55695,deliverables/prepaper_evidence_closeout_v1/timing/batches.jsonl,183
R_NO_MATCHED_NORMAL_CAP / 01,original_current_interface,3,60,133592625,2226.54375,deliverables/prepaper_evidence_closeout_v1/timing/batches.jsonl,184
R_NO_MATCHED_NORMAL_CAP / 01,original_current_interface,4,60,143392167,2389.86945,deliverables/prepaper_evidence_closeout_v1/timing/batches.jsonl,185
R_NO_MATCHED_NORMAL_CAP / 01,original_current_interface,5,60,143937375,2398.95625,deliverables/prepaper_evidence_closeout_v1/timing/batches.jsonl,186
R_NO_MATCHED_NORMAL_CAP / 01,original_current_interface,6,60,139748083,2329.134716666667,deliverables/prepaper_evidence_closeout_v1/timing/batches.jsonl,187
R_NO_MATCHED_NORMAL_CAP / 01,original_current_interface,7,60,134438875,2240.6479166666663,deliverables/prepaper_evidence_closeout_v1/timing/batches.jsonl,188
R_NO_MATCHED_NORMAL_CAP / 01,original_current_interface,8,60,135281917,2254.6986166666666,deliverables/prepaper_evidence_closeout_v1/timing/batches.jsonl,189
R_NO_MATCHED_NORMAL_CAP / 01,original_current_interface,9,60,135436667,2257.277783333333,deliverables/prepaper_evidence_closeout_v1/timing/batches.jsonl,190
R_NO_MATCHED_NORMAL_CAP / 01,cached_from_adapted,0,60,28819416,480.3236,deliverables/prepaper_evidence_closeout_v1/timing/batches.jsonl,191
R_NO_MATCHED_NORMAL_CAP / 01,cached_from_adapted,1,60,28754583,479.24305,deliverables/prepaper_evidence_closeout_v1/timing/batches.jsonl,192
R_NO_MATCHED_NORMAL_CAP / 01,cached_from_adapted,2,60,29437875,490.63125,deliverables/prepaper_evidence_closeout_v1/timing/batches.jsonl,193
R_NO_MATCHED_NORMAL_CAP / 01,cached_from_adapted,3,60,29183000,486.3833333333333,deliverables/prepaper_evidence_closeout_v1/timing/batches.jsonl,194
R_NO_MATCHED_NORMAL_CAP / 01,cached_from_adapted,4,60,28855750,480.9291666666667,deliverables/prepaper_evidence_closeout_v1/timing/batches.jsonl,195
R_NO_MATCHED_NORMAL_CAP / 01,cached_from_adapted,5,60,28557459,475.95765,deliverables/prepaper_evidence_closeout_v1/timing/batches.jsonl,196
R_NO_MATCHED_NORMAL_CAP / 01,cached_from_adapted,6,60,28684708,478.07846666666666,deliverables/prepaper_evidence_closeout_v1/timing/batches.jsonl,197
R_NO_MATCHED_NORMAL_CAP / 01,cached_from_adapted,7,60,28938500,482.30833333333334,deliverables/prepaper_evidence_closeout_v1/timing/batches.jsonl,198
R_NO_MATCHED_NORMAL_CAP / 01,cached_from_adapted,8,60,29241916,487.3652666666667,deliverables/prepaper_evidence_closeout_v1/timing/batches.jsonl,199
R_NO_MATCHED_NORMAL_CAP / 01,cached_from_adapted,9,60,29231416,487.1902666666667,deliverables/prepaper_evidence_closeout_v1/timing/batches.jsonl,200
R_NO_MATCHED_NORMAL_CAP / 01,loaded_raw_to_original,0,60,623612834,10393.547233333333,deliverables/prepaper_evidence_closeout_v1/timing/batches.jsonl,201
R_NO_MATCHED_NORMAL_CAP / 01,loaded_raw_to_original,1,60,602858083,10047.634716666667,deliverables/prepaper_evidence_closeout_v1/timing/batches.jsonl,202
R_NO_MATCHED_NORMAL_CAP / 01,loaded_raw_to_original,2,60,600856000,10014.266666666666,deliverables/prepaper_evidence_closeout_v1/timing/batches.jsonl,203
R_NO_MATCHED_NORMAL_CAP / 01,loaded_raw_to_original,3,60,601680458,10028.007633333333,deliverables/prepaper_evidence_closeout_v1/timing/batches.jsonl,204
R_NO_MATCHED_NORMAL_CAP / 01,loaded_raw_to_original,4,60,601241208,10020.686800000001,deliverables/prepaper_evidence_closeout_v1/timing/batches.jsonl,205
R_NO_MATCHED_NORMAL_CAP / 01,loaded_raw_to_original,5,60,603692375,10061.539583333333,deliverables/prepaper_evidence_closeout_v1/timing/batches.jsonl,206
R_NO_MATCHED_NORMAL_CAP / 01,loaded_raw_to_original,6,60,603014791,10050.246516666668,deliverables/prepaper_evidence_closeout_v1/timing/batches.jsonl,207
R_NO_MATCHED_NORMAL_CAP / 01,loaded_raw_to_original,7,60,601823250,10030.3875,deliverables/prepaper_evidence_closeout_v1/timing/batches.jsonl,208
R_NO_MATCHED_NORMAL_CAP / 01,loaded_raw_to_original,8,60,603077542,10051.292366666667,deliverables/prepaper_evidence_closeout_v1/timing/batches.jsonl,209
R_NO_MATCHED_NORMAL_CAP / 01,loaded_raw_to_original,9,60,600955208,10015.920133333333,deliverables/prepaper_evidence_closeout_v1/timing/batches.jsonl,210
R_NO_MATCHED_NORMAL_CAP / 01,loaded_raw_to_cached,0,60,487804667,8130.077783333333,deliverables/prepaper_evidence_closeout_v1/timing/batches.jsonl,211
R_NO_MATCHED_NORMAL_CAP / 01,loaded_raw_to_cached,1,60,510184708,8503.078466666666,deliverables/prepaper_evidence_closeout_v1/timing/batches.jsonl,212
R_NO_MATCHED_NORMAL_CAP / 01,loaded_raw_to_cached,2,60,490734250,8178.904166666667,deliverables/prepaper_evidence_closeout_v1/timing/batches.jsonl,213
R_NO_MATCHED_NORMAL_CAP / 01,loaded_raw_to_cached,3,60,491431333,8190.522216666667,deliverables/prepaper_evidence_closeout_v1/timing/batches.jsonl,214
R_NO_MATCHED_NORMAL_CAP / 01,loaded_raw_to_cached,4,60,490595958,8176.5993,deliverables/prepaper_evidence_closeout_v1/timing/batches.jsonl,215
R_NO_MATCHED_NORMAL_CAP / 01,loaded_raw_to_cached,5,60,486919292,8115.321533333333,deliverables/prepaper_evidence_closeout_v1/timing/batches.jsonl,216
R_NO_MATCHED_NORMAL_CAP / 01,loaded_raw_to_cached,6,60,487378250,8122.970833333333,deliverables/prepaper_evidence_closeout_v1/timing/batches.jsonl,217
R_NO_MATCHED_NORMAL_CAP / 01,loaded_raw_to_cached,7,60,490907292,8181.7882,deliverables/prepaper_evidence_closeout_v1/timing/batches.jsonl,218
R_NO_MATCHED_NORMAL_CAP / 01,loaded_raw_to_cached,8,60,487142125,8119.035416666667,deliverables/prepaper_evidence_closeout_v1/timing/batches.jsonl,219
R_NO_MATCHED_NORMAL_CAP / 01,loaded_raw_to_cached,9,60,490053167,8167.5527833333335,deliverables/prepaper_evidence_closeout_v1/timing/batches.jsonl,220
R_FULL / 02,load_parse_validate,0,1,1899917,1899.917,deliverables/prepaper_evidence_closeout_v1/timing/batches.jsonl,221
R_FULL / 02,load_parse_validate,1,1,1846459,1846.459,deliverables/prepaper_evidence_closeout_v1/timing/batches.jsonl,222
R_FULL / 02,load_parse_validate,2,1,1829417,1829.417,deliverables/prepaper_evidence_closeout_v1/timing/batches.jsonl,223
R_FULL / 02,load_parse_validate,3,1,1814917,1814.917,deliverables/prepaper_evidence_closeout_v1/timing/batches.jsonl,224
R_FULL / 02,load_parse_validate,4,1,1817209,1817.209,deliverables/prepaper_evidence_closeout_v1/timing/batches.jsonl,225
R_FULL / 02,load_parse_validate,5,1,1819333,1819.333,deliverables/prepaper_evidence_closeout_v1/timing/batches.jsonl,226
R_FULL / 02,load_parse_validate,6,1,1796792,1796.792,deliverables/prepaper_evidence_closeout_v1/timing/batches.jsonl,227
R_FULL / 02,load_parse_validate,7,1,1806667,1806.667,deliverables/prepaper_evidence_closeout_v1/timing/batches.jsonl,228
R_FULL / 02,load_parse_validate,8,1,2014833,2014.833,deliverables/prepaper_evidence_closeout_v1/timing/batches.jsonl,229
R_FULL / 02,load_parse_validate,9,1,1968833,1968.833,deliverables/prepaper_evidence_closeout_v1/timing/batches.jsonl,230
R_FULL / 02,model_input_prepare,0,60,3567583,59.459716666666665,deliverables/prepaper_evidence_closeout_v1/timing/batches.jsonl,231
R_FULL / 02,model_input_prepare,1,60,3478167,57.969449999999995,deliverables/prepaper_evidence_closeout_v1/timing/batches.jsonl,232
R_FULL / 02,model_input_prepare,2,60,3767208,62.7868,deliverables/prepaper_evidence_closeout_v1/timing/batches.jsonl,233
R_FULL / 02,model_input_prepare,3,60,3511834,58.530566666666665,deliverables/prepaper_evidence_closeout_v1/timing/batches.jsonl,234
R_FULL / 02,model_input_prepare,4,60,3474750,57.9125,deliverables/prepaper_evidence_closeout_v1/timing/batches.jsonl,235
R_FULL / 02,model_input_prepare,5,60,3443958,57.399300000000004,deliverables/prepaper_evidence_closeout_v1/timing/batches.jsonl,236
R_FULL / 02,model_input_prepare,6,60,3468834,57.813900000000004,deliverables/prepaper_evidence_closeout_v1/timing/batches.jsonl,237
R_FULL / 02,model_input_prepare,7,60,3636916,60.61526666666667,deliverables/prepaper_evidence_closeout_v1/timing/batches.jsonl,238
R_FULL / 02,model_input_prepare,8,60,3514333,58.57221666666667,deliverables/prepaper_evidence_closeout_v1/timing/batches.jsonl,239
R_FULL / 02,model_input_prepare,9,60,3499500,58.325,deliverables/prepaper_evidence_closeout_v1/timing/batches.jsonl,240
R_FULL / 02,prepared_inference,0,60,25092542,418.2090333333333,deliverables/prepaper_evidence_closeout_v1/timing/batches.jsonl,241
R_FULL / 02,prepared_inference,1,60,25082209,418.03681666666665,deliverables/prepaper_evidence_closeout_v1/timing/batches.jsonl,242
R_FULL / 02,prepared_inference,2,60,25048917,417.48195,deliverables/prepaper_evidence_closeout_v1/timing/batches.jsonl,243
R_FULL / 02,prepared_inference,3,60,24949375,415.8229166666667,deliverables/prepaper_evidence_closeout_v1/timing/batches.jsonl,244
R_FULL / 02,prepared_inference,4,60,25113542,418.55903333333333,deliverables/prepaper_evidence_closeout_v1/timing/batches.jsonl,245
R_FULL / 02,prepared_inference,5,60,25260875,421.0145833333333,deliverables/prepaper_evidence_closeout_v1/timing/batches.jsonl,246
R_FULL / 02,prepared_inference,6,60,25076583,417.94304999999997,deliverables/prepaper_evidence_closeout_v1/timing/batches.jsonl,247
R_FULL / 02,prepared_inference,7,60,30965833,516.0972166666667,deliverables/prepaper_evidence_closeout_v1/timing/batches.jsonl,248
R_FULL / 02,prepared_inference,8,60,68211791,1136.8631833333334,deliverables/prepaper_evidence_closeout_v1/timing/batches.jsonl,249
R_FULL / 02,prepared_inference,9,60,25921625,432.02708333333334,deliverables/prepaper_evidence_closeout_v1/timing/batches.jsonl,250
R_FULL / 02,original_current_interface,0,60,137643333,2294.05555,deliverables/prepaper_evidence_closeout_v1/timing/batches.jsonl,251
R_FULL / 02,original_current_interface,1,60,134284042,2238.0673666666667,deliverables/prepaper_evidence_closeout_v1/timing/batches.jsonl,252
R_FULL / 02,original_current_interface,2,60,133753875,2229.23125,deliverables/prepaper_evidence_closeout_v1/timing/batches.jsonl,253
R_FULL / 02,original_current_interface,3,60,137675500,2294.5916666666667,deliverables/prepaper_evidence_closeout_v1/timing/batches.jsonl,254
R_FULL / 02,original_current_interface,4,60,150419250,2506.9875,deliverables/prepaper_evidence_closeout_v1/timing/batches.jsonl,255
R_FULL / 02,original_current_interface,5,60,141977833,2366.297216666667,deliverables/prepaper_evidence_closeout_v1/timing/batches.jsonl,256
R_FULL / 02,original_current_interface,6,60,136214416,2270.2402666666667,deliverables/prepaper_evidence_closeout_v1/timing/batches.jsonl,257
R_FULL / 02,original_current_interface,7,60,135262334,2254.3722333333335,deliverables/prepaper_evidence_closeout_v1/timing/batches.jsonl,258
R_FULL / 02,original_current_interface,8,60,133442917,2224.0486166666665,deliverables/prepaper_evidence_closeout_v1/timing/batches.jsonl,259
R_FULL / 02,original_current_interface,9,60,135073792,2251.2298666666666,deliverables/prepaper_evidence_closeout_v1/timing/batches.jsonl,260
R_FULL / 02,cached_from_adapted,0,60,29338417,488.97361666666666,deliverables/prepaper_evidence_closeout_v1/timing/batches.jsonl,261
R_FULL / 02,cached_from_adapted,1,60,29151250,485.8541666666667,deliverables/prepaper_evidence_closeout_v1/timing/batches.jsonl,262
R_FULL / 02,cached_from_adapted,2,60,28893250,481.5541666666667,deliverables/prepaper_evidence_closeout_v1/timing/batches.jsonl,263
R_FULL / 02,cached_from_adapted,3,60,29325208,488.75346666666667,deliverables/prepaper_evidence_closeout_v1/timing/batches.jsonl,264
R_FULL / 02,cached_from_adapted,4,60,28994167,483.23611666666665,deliverables/prepaper_evidence_closeout_v1/timing/batches.jsonl,265
R_FULL / 02,cached_from_adapted,5,60,29023417,483.72361666666666,deliverables/prepaper_evidence_closeout_v1/timing/batches.jsonl,266
R_FULL / 02,cached_from_adapted,6,60,28882667,481.3777833333333,deliverables/prepaper_evidence_closeout_v1/timing/batches.jsonl,267
R_FULL / 02,cached_from_adapted,7,60,29075208,484.5868,deliverables/prepaper_evidence_closeout_v1/timing/batches.jsonl,268
R_FULL / 02,cached_from_adapted,8,60,29249875,487.4979166666667,deliverables/prepaper_evidence_closeout_v1/timing/batches.jsonl,269
R_FULL / 02,cached_from_adapted,9,60,28830084,480.50140000000005,deliverables/prepaper_evidence_closeout_v1/timing/batches.jsonl,270
R_FULL / 02,loaded_raw_to_original,0,60,633031917,10550.531949999999,deliverables/prepaper_evidence_closeout_v1/timing/batches.jsonl,271
R_FULL / 02,loaded_raw_to_original,1,60,617368959,10289.48265,deliverables/prepaper_evidence_closeout_v1/timing/batches.jsonl,272
R_FULL / 02,loaded_raw_to_original,2,60,610422625,10173.710416666667,deliverables/prepaper_evidence_closeout_v1/timing/batches.jsonl,273
R_FULL / 02,loaded_raw_to_original,3,60,614297292,10238.288199999999,deliverables/prepaper_evidence_closeout_v1/timing/batches.jsonl,274
R_FULL / 02,loaded_raw_to_original,4,60,606394166,10106.569433333334,deliverables/prepaper_evidence_closeout_v1/timing/batches.jsonl,275
R_FULL / 02,loaded_raw_to_original,5,60,603661958,10061.032633333332,deliverables/prepaper_evidence_closeout_v1/timing/batches.jsonl,276
R_FULL / 02,loaded_raw_to_original,6,60,603270334,10054.505566666667,deliverables/prepaper_evidence_closeout_v1/timing/batches.jsonl,277
R_FULL / 02,loaded_raw_to_original,7,60,600452167,10007.536116666668,deliverables/prepaper_evidence_closeout_v1/timing/batches.jsonl,278
R_FULL / 02,loaded_raw_to_original,8,60,598520750,9975.345833333335,deliverables/prepaper_evidence_closeout_v1/timing/batches.jsonl,279
R_FULL / 02,loaded_raw_to_original,9,60,605142667,10085.711116666667,deliverables/prepaper_evidence_closeout_v1/timing/batches.jsonl,280
R_FULL / 02,loaded_raw_to_cached,0,60,488500958,8141.682633333334,deliverables/prepaper_evidence_closeout_v1/timing/batches.jsonl,281
R_FULL / 02,loaded_raw_to_cached,1,60,506385750,8439.7625,deliverables/prepaper_evidence_closeout_v1/timing/batches.jsonl,282
R_FULL / 02,loaded_raw_to_cached,2,60,485307458,8088.457633333333,deliverables/prepaper_evidence_closeout_v1/timing/batches.jsonl,283
R_FULL / 02,loaded_raw_to_cached,3,60,484509000,8075.15,deliverables/prepaper_evidence_closeout_v1/timing/batches.jsonl,284
R_FULL / 02,loaded_raw_to_cached,4,60,485925458,8098.757633333334,deliverables/prepaper_evidence_closeout_v1/timing/batches.jsonl,285
R_FULL / 02,loaded_raw_to_cached,5,60,547362250,9122.704166666666,deliverables/prepaper_evidence_closeout_v1/timing/batches.jsonl,286
R_FULL / 02,loaded_raw_to_cached,6,60,488500708,8141.678466666667,deliverables/prepaper_evidence_closeout_v1/timing/batches.jsonl,287
R_FULL / 02,loaded_raw_to_cached,7,60,488247000,8137.45,deliverables/prepaper_evidence_closeout_v1/timing/batches.jsonl,288
R_FULL / 02,loaded_raw_to_cached,8,60,487399333,8123.3222166666665,deliverables/prepaper_evidence_closeout_v1/timing/batches.jsonl,289
R_FULL / 02,loaded_raw_to_cached,9,60,486572042,8109.534033333333,deliverables/prepaper_evidence_closeout_v1/timing/batches.jsonl,290
R_NO_CROSS / 02,load_parse_validate,0,1,1950167,1950.167,deliverables/prepaper_evidence_closeout_v1/timing/batches.jsonl,291
R_NO_CROSS / 02,load_parse_validate,1,1,1918083,1918.083,deliverables/prepaper_evidence_closeout_v1/timing/batches.jsonl,292
R_NO_CROSS / 02,load_parse_validate,2,1,1860792,1860.792,deliverables/prepaper_evidence_closeout_v1/timing/batches.jsonl,293
R_NO_CROSS / 02,load_parse_validate,3,1,2017958,2017.958,deliverables/prepaper_evidence_closeout_v1/timing/batches.jsonl,294
R_NO_CROSS / 02,load_parse_validate,4,1,1964500,1964.5,deliverables/prepaper_evidence_closeout_v1/timing/batches.jsonl,295
R_NO_CROSS / 02,load_parse_validate,5,1,1873209,1873.209,deliverables/prepaper_evidence_closeout_v1/timing/batches.jsonl,296
R_NO_CROSS / 02,load_parse_validate,6,1,1845708,1845.708,deliverables/prepaper_evidence_closeout_v1/timing/batches.jsonl,297
R_NO_CROSS / 02,load_parse_validate,7,1,1822667,1822.667,deliverables/prepaper_evidence_closeout_v1/timing/batches.jsonl,298
R_NO_CROSS / 02,load_parse_validate,8,1,1813750,1813.75,deliverables/prepaper_evidence_closeout_v1/timing/batches.jsonl,299
R_NO_CROSS / 02,load_parse_validate,9,1,1807000,1807.0,deliverables/prepaper_evidence_closeout_v1/timing/batches.jsonl,300
R_NO_CROSS / 02,model_input_prepare,0,60,28713125,478.5520833333333,deliverables/prepaper_evidence_closeout_v1/timing/batches.jsonl,301
R_NO_CROSS / 02,model_input_prepare,1,60,3366208,56.10346666666667,deliverables/prepaper_evidence_closeout_v1/timing/batches.jsonl,302
R_NO_CROSS / 02,model_input_prepare,2,60,3455625,57.59375,deliverables/prepaper_evidence_closeout_v1/timing/batches.jsonl,303
R_NO_CROSS / 02,model_input_prepare,3,60,3303792,55.063199999999995,deliverables/prepaper_evidence_closeout_v1/timing/batches.jsonl,304
R_NO_CROSS / 02,model_input_prepare,4,60,3303708,55.061800000000005,deliverables/prepaper_evidence_closeout_v1/timing/batches.jsonl,305
R_NO_CROSS / 02,model_input_prepare,5,60,3282250,54.704166666666666,deliverables/prepaper_evidence_closeout_v1/timing/batches.jsonl,306
R_NO_CROSS / 02,model_input_prepare,6,60,3304375,55.072916666666664,deliverables/prepaper_evidence_closeout_v1/timing/batches.jsonl,307
R_NO_CROSS / 02,model_input_prepare,7,60,3513916,58.56526666666667,deliverables/prepaper_evidence_closeout_v1/timing/batches.jsonl,308
R_NO_CROSS / 02,model_input_prepare,8,60,3321708,55.3618,deliverables/prepaper_evidence_closeout_v1/timing/batches.jsonl,309
R_NO_CROSS / 02,model_input_prepare,9,60,3316084,55.26806666666666,deliverables/prepaper_evidence_closeout_v1/timing/batches.jsonl,310
R_NO_CROSS / 02,prepared_inference,0,60,25013000,416.8833333333333,deliverables/prepaper_evidence_closeout_v1/timing/batches.jsonl,311
R_NO_CROSS / 02,prepared_inference,1,60,25148042,419.1340333333333,deliverables/prepaper_evidence_closeout_v1/timing/batches.jsonl,312
R_NO_CROSS / 02,prepared_inference,2,60,25240709,420.67848333333336,deliverables/prepaper_evidence_closeout_v1/timing/batches.jsonl,313
R_NO_CROSS / 02,prepared_inference,3,60,25186416,419.7736,deliverables/prepaper_evidence_closeout_v1/timing/batches.jsonl,314
R_NO_CROSS / 02,prepared_inference,4,60,24810667,413.5111166666666,deliverables/prepaper_evidence_closeout_v1/timing/batches.jsonl,315
R_NO_CROSS / 02,prepared_inference,5,60,24816417,413.60695,deliverables/prepaper_evidence_closeout_v1/timing/batches.jsonl,316
R_NO_CROSS / 02,prepared_inference,6,60,24744833,412.4138833333334,deliverables/prepaper_evidence_closeout_v1/timing/batches.jsonl,317
R_NO_CROSS / 02,prepared_inference,7,60,24844750,414.0791666666667,deliverables/prepaper_evidence_closeout_v1/timing/batches.jsonl,318
R_NO_CROSS / 02,prepared_inference,8,60,24819792,413.6632,deliverables/prepaper_evidence_closeout_v1/timing/batches.jsonl,319
R_NO_CROSS / 02,prepared_inference,9,60,24772750,412.87916666666666,deliverables/prepaper_evidence_closeout_v1/timing/batches.jsonl,320
R_NO_CROSS / 02,original_current_interface,0,60,133203333,2220.05555,deliverables/prepaper_evidence_closeout_v1/timing/batches.jsonl,321
R_NO_CROSS / 02,original_current_interface,1,60,133716833,2228.6138833333334,deliverables/prepaper_evidence_closeout_v1/timing/batches.jsonl,322
R_NO_CROSS / 02,original_current_interface,2,60,134250834,2237.5139,deliverables/prepaper_evidence_closeout_v1/timing/batches.jsonl,323
R_NO_CROSS / 02,original_current_interface,3,60,136281667,2271.3611166666665,deliverables/prepaper_evidence_closeout_v1/timing/batches.jsonl,324
R_NO_CROSS / 02,original_current_interface,4,60,152026125,2533.76875,deliverables/prepaper_evidence_closeout_v1/timing/batches.jsonl,325
R_NO_CROSS / 02,original_current_interface,5,60,141957875,2365.9645833333334,deliverables/prepaper_evidence_closeout_v1/timing/batches.jsonl,326
R_NO_CROSS / 02,original_current_interface,6,60,136277041,2271.2840166666665,deliverables/prepaper_evidence_closeout_v1/timing/batches.jsonl,327
R_NO_CROSS / 02,original_current_interface,7,60,134794000,2246.5666666666666,deliverables/prepaper_evidence_closeout_v1/timing/batches.jsonl,328
R_NO_CROSS / 02,original_current_interface,8,60,134589042,2243.1507,deliverables/prepaper_evidence_closeout_v1/timing/batches.jsonl,329
R_NO_CROSS / 02,original_current_interface,9,60,136291458,2271.5243,deliverables/prepaper_evidence_closeout_v1/timing/batches.jsonl,330
R_NO_CROSS / 02,cached_from_adapted,0,60,28692458,478.2076333333334,deliverables/prepaper_evidence_closeout_v1/timing/batches.jsonl,331
R_NO_CROSS / 02,cached_from_adapted,1,60,28608125,476.8020833333333,deliverables/prepaper_evidence_closeout_v1/timing/batches.jsonl,332
R_NO_CROSS / 02,cached_from_adapted,2,60,28448625,474.14375,deliverables/prepaper_evidence_closeout_v1/timing/batches.jsonl,333
R_NO_CROSS / 02,cached_from_adapted,3,60,28407958,473.4659666666667,deliverables/prepaper_evidence_closeout_v1/timing/batches.jsonl,334
R_NO_CROSS / 02,cached_from_adapted,4,60,28530625,475.5104166666667,deliverables/prepaper_evidence_closeout_v1/timing/batches.jsonl,335
R_NO_CROSS / 02,cached_from_adapted,5,60,28547125,475.78541666666666,deliverables/prepaper_evidence_closeout_v1/timing/batches.jsonl,336
R_NO_CROSS / 02,cached_from_adapted,6,60,28832709,480.54515000000004,deliverables/prepaper_evidence_closeout_v1/timing/batches.jsonl,337
R_NO_CROSS / 02,cached_from_adapted,7,60,28539291,475.65484999999995,deliverables/prepaper_evidence_closeout_v1/timing/batches.jsonl,338
R_NO_CROSS / 02,cached_from_adapted,8,60,28385334,473.0889,deliverables/prepaper_evidence_closeout_v1/timing/batches.jsonl,339
R_NO_CROSS / 02,cached_from_adapted,9,60,28550125,475.8354166666667,deliverables/prepaper_evidence_closeout_v1/timing/batches.jsonl,340
R_NO_CROSS / 02,loaded_raw_to_original,0,60,624263208,10404.3868,deliverables/prepaper_evidence_closeout_v1/timing/batches.jsonl,341
R_NO_CROSS / 02,loaded_raw_to_original,1,60,596367583,9939.459716666666,deliverables/prepaper_evidence_closeout_v1/timing/batches.jsonl,342
R_NO_CROSS / 02,loaded_raw_to_original,2,60,598387583,9973.126383333332,deliverables/prepaper_evidence_closeout_v1/timing/batches.jsonl,343
R_NO_CROSS / 02,loaded_raw_to_original,3,60,601473042,10024.5507,deliverables/prepaper_evidence_closeout_v1/timing/batches.jsonl,344
R_NO_CROSS / 02,loaded_raw_to_original,4,60,597465750,9957.7625,deliverables/prepaper_evidence_closeout_v1/timing/batches.jsonl,345
R_NO_CROSS / 02,loaded_raw_to_original,5,60,599367458,9989.457633333333,deliverables/prepaper_evidence_closeout_v1/timing/batches.jsonl,346
R_NO_CROSS / 02,loaded_raw_to_original,6,60,598168083,9969.468050000001,deliverables/prepaper_evidence_closeout_v1/timing/batches.jsonl,347
R_NO_CROSS / 02,loaded_raw_to_original,7,60,600788042,10013.134033333334,deliverables/prepaper_evidence_closeout_v1/timing/batches.jsonl,348
R_NO_CROSS / 02,loaded_raw_to_original,8,60,598993625,9983.227083333333,deliverables/prepaper_evidence_closeout_v1/timing/batches.jsonl,349
R_NO_CROSS / 02,loaded_raw_to_original,9,60,598497708,9974.961800000001,deliverables/prepaper_evidence_closeout_v1/timing/batches.jsonl,350
R_NO_CROSS / 02,loaded_raw_to_cached,0,60,484385083,8073.084716666667,deliverables/prepaper_evidence_closeout_v1/timing/batches.jsonl,351
R_NO_CROSS / 02,loaded_raw_to_cached,1,60,509381166,8489.686099999999,deliverables/prepaper_evidence_closeout_v1/timing/batches.jsonl,352
R_NO_CROSS / 02,loaded_raw_to_cached,2,60,482599625,8043.327083333333,deliverables/prepaper_evidence_closeout_v1/timing/batches.jsonl,353
R_NO_CROSS / 02,loaded_raw_to_cached,3,60,486947875,8115.797916666667,deliverables/prepaper_evidence_closeout_v1/timing/batches.jsonl,354
R_NO_CROSS / 02,loaded_raw_to_cached,4,60,484183041,8069.71735,deliverables/prepaper_evidence_closeout_v1/timing/batches.jsonl,355
R_NO_CROSS / 02,loaded_raw_to_cached,5,60,484482375,8074.70625,deliverables/prepaper_evidence_closeout_v1/timing/batches.jsonl,356
R_NO_CROSS / 02,loaded_raw_to_cached,6,60,485025292,8083.754866666666,deliverables/prepaper_evidence_closeout_v1/timing/batches.jsonl,357
R_NO_CROSS / 02,loaded_raw_to_cached,7,60,483728333,8062.138883333334,deliverables/prepaper_evidence_closeout_v1/timing/batches.jsonl,358
R_NO_CROSS / 02,loaded_raw_to_cached,8,60,498337333,8305.622216666667,deliverables/prepaper_evidence_closeout_v1/timing/batches.jsonl,359
R_NO_CROSS / 02,loaded_raw_to_cached,9,60,482154750,8035.9125,deliverables/prepaper_evidence_closeout_v1/timing/batches.jsonl,360
R_NO_MATCHED_NORMAL_CAP / 02,load_parse_validate,0,1,2022542,2022.542,deliverables/prepaper_evidence_closeout_v1/timing/batches.jsonl,361
R_NO_MATCHED_NORMAL_CAP / 02,load_parse_validate,1,1,1889584,1889.584,deliverables/prepaper_evidence_closeout_v1/timing/batches.jsonl,362
R_NO_MATCHED_NORMAL_CAP / 02,load_parse_validate,2,1,1846250,1846.25,deliverables/prepaper_evidence_closeout_v1/timing/batches.jsonl,363
R_NO_MATCHED_NORMAL_CAP / 02,load_parse_validate,3,1,1825709,1825.709,deliverables/prepaper_evidence_closeout_v1/timing/batches.jsonl,364
R_NO_MATCHED_NORMAL_CAP / 02,load_parse_validate,4,1,1835917,1835.917,deliverables/prepaper_evidence_closeout_v1/timing/batches.jsonl,365
R_NO_MATCHED_NORMAL_CAP / 02,load_parse_validate,5,1,1842209,1842.209,deliverables/prepaper_evidence_closeout_v1/timing/batches.jsonl,366
R_NO_MATCHED_NORMAL_CAP / 02,load_parse_validate,6,1,1842708,1842.708,deliverables/prepaper_evidence_closeout_v1/timing/batches.jsonl,367
R_NO_MATCHED_NORMAL_CAP / 02,load_parse_validate,7,1,1828000,1828.0,deliverables/prepaper_evidence_closeout_v1/timing/batches.jsonl,368
R_NO_MATCHED_NORMAL_CAP / 02,load_parse_validate,8,1,1898875,1898.875,deliverables/prepaper_evidence_closeout_v1/timing/batches.jsonl,369
R_NO_MATCHED_NORMAL_CAP / 02,load_parse_validate,9,1,1910333,1910.333,deliverables/prepaper_evidence_closeout_v1/timing/batches.jsonl,370
R_NO_MATCHED_NORMAL_CAP / 02,model_input_prepare,0,60,3460834,57.680566666666664,deliverables/prepaper_evidence_closeout_v1/timing/batches.jsonl,371
R_NO_MATCHED_NORMAL_CAP / 02,model_input_prepare,1,60,3432291,57.20485,deliverables/prepaper_evidence_closeout_v1/timing/batches.jsonl,372
R_NO_MATCHED_NORMAL_CAP / 02,model_input_prepare,2,60,3509250,58.4875,deliverables/prepaper_evidence_closeout_v1/timing/batches.jsonl,373
R_NO_MATCHED_NORMAL_CAP / 02,model_input_prepare,3,60,3420875,57.014583333333334,deliverables/prepaper_evidence_closeout_v1/timing/batches.jsonl,374
R_NO_MATCHED_NORMAL_CAP / 02,model_input_prepare,4,60,3362875,56.047916666666666,deliverables/prepaper_evidence_closeout_v1/timing/batches.jsonl,375
R_NO_MATCHED_NORMAL_CAP / 02,model_input_prepare,5,60,3357792,55.9632,deliverables/prepaper_evidence_closeout_v1/timing/batches.jsonl,376
R_NO_MATCHED_NORMAL_CAP / 02,model_input_prepare,6,60,3372708,56.211800000000004,deliverables/prepaper_evidence_closeout_v1/timing/batches.jsonl,377
R_NO_MATCHED_NORMAL_CAP / 02,model_input_prepare,7,60,3423333,57.055550000000004,deliverables/prepaper_evidence_closeout_v1/timing/batches.jsonl,378
R_NO_MATCHED_NORMAL_CAP / 02,model_input_prepare,8,60,3419958,56.999300000000005,deliverables/prepaper_evidence_closeout_v1/timing/batches.jsonl,379
R_NO_MATCHED_NORMAL_CAP / 02,model_input_prepare,9,60,3414500,56.90833333333334,deliverables/prepaper_evidence_closeout_v1/timing/batches.jsonl,380
R_NO_MATCHED_NORMAL_CAP / 02,prepared_inference,0,60,25557917,425.96528333333333,deliverables/prepaper_evidence_closeout_v1/timing/batches.jsonl,381
R_NO_MATCHED_NORMAL_CAP / 02,prepared_inference,1,60,26777917,446.29861666666665,deliverables/prepaper_evidence_closeout_v1/timing/batches.jsonl,382
R_NO_MATCHED_NORMAL_CAP / 02,prepared_inference,2,60,25185792,419.7632,deliverables/prepaper_evidence_closeout_v1/timing/batches.jsonl,383
R_NO_MATCHED_NORMAL_CAP / 02,prepared_inference,3,60,25148625,419.14375,deliverables/prepaper_evidence_closeout_v1/timing/batches.jsonl,384
R_NO_MATCHED_NORMAL_CAP / 02,prepared_inference,4,60,24938625,415.64375,deliverables/prepaper_evidence_closeout_v1/timing/batches.jsonl,385
R_NO_MATCHED_NORMAL_CAP / 02,prepared_inference,5,60,24792375,413.20625,deliverables/prepaper_evidence_closeout_v1/timing/batches.jsonl,386
R_NO_MATCHED_NORMAL_CAP / 02,prepared_inference,6,60,24752334,412.5389,deliverables/prepaper_evidence_closeout_v1/timing/batches.jsonl,387
R_NO_MATCHED_NORMAL_CAP / 02,prepared_inference,7,60,24891917,414.8652833333333,deliverables/prepaper_evidence_closeout_v1/timing/batches.jsonl,388
R_NO_MATCHED_NORMAL_CAP / 02,prepared_inference,8,60,24678958,411.31596666666667,deliverables/prepaper_evidence_closeout_v1/timing/batches.jsonl,389
R_NO_MATCHED_NORMAL_CAP / 02,prepared_inference,9,60,24815209,413.58681666666666,deliverables/prepaper_evidence_closeout_v1/timing/batches.jsonl,390
R_NO_MATCHED_NORMAL_CAP / 02,original_current_interface,0,60,133574958,2226.2493,deliverables/prepaper_evidence_closeout_v1/timing/batches.jsonl,391
R_NO_MATCHED_NORMAL_CAP / 02,original_current_interface,1,60,134437541,2240.625683333333,deliverables/prepaper_evidence_closeout_v1/timing/batches.jsonl,392
R_NO_MATCHED_NORMAL_CAP / 02,original_current_interface,2,60,133501083,2225.0180499999997,deliverables/prepaper_evidence_closeout_v1/timing/batches.jsonl,393
R_NO_MATCHED_NORMAL_CAP / 02,original_current_interface,3,60,136686666,2278.1111,deliverables/prepaper_evidence_closeout_v1/timing/batches.jsonl,394
R_NO_MATCHED_NORMAL_CAP / 02,original_current_interface,4,60,135941458,2265.690966666667,deliverables/prepaper_evidence_closeout_v1/timing/batches.jsonl,395
R_NO_MATCHED_NORMAL_CAP / 02,original_current_interface,5,60,146265917,2437.765283333333,deliverables/prepaper_evidence_closeout_v1/timing/batches.jsonl,396
R_NO_MATCHED_NORMAL_CAP / 02,original_current_interface,6,60,138092834,2301.547233333333,deliverables/prepaper_evidence_closeout_v1/timing/batches.jsonl,397
R_NO_MATCHED_NORMAL_CAP / 02,original_current_interface,7,60,135291791,2254.863183333333,deliverables/prepaper_evidence_closeout_v1/timing/batches.jsonl,398
R_NO_MATCHED_NORMAL_CAP / 02,original_current_interface,8,60,134290083,2238.1680499999998,deliverables/prepaper_evidence_closeout_v1/timing/batches.jsonl,399
R_NO_MATCHED_NORMAL_CAP / 02,original_current_interface,9,60,136590625,2276.5104166666665,deliverables/prepaper_evidence_closeout_v1/timing/batches.jsonl,400
R_NO_MATCHED_NORMAL_CAP / 02,cached_from_adapted,0,60,28657208,477.62013333333334,deliverables/prepaper_evidence_closeout_v1/timing/batches.jsonl,401
R_NO_MATCHED_NORMAL_CAP / 02,cached_from_adapted,1,60,28861791,481.02984999999995,deliverables/prepaper_evidence_closeout_v1/timing/batches.jsonl,402
R_NO_MATCHED_NORMAL_CAP / 02,cached_from_adapted,2,60,28754333,479.2388833333334,deliverables/prepaper_evidence_closeout_v1/timing/batches.jsonl,403
R_NO_MATCHED_NORMAL_CAP / 02,cached_from_adapted,3,60,28978084,482.96806666666663,deliverables/prepaper_evidence_closeout_v1/timing/batches.jsonl,404
R_NO_MATCHED_NORMAL_CAP / 02,cached_from_adapted,4,60,29230625,487.1770833333333,deliverables/prepaper_evidence_closeout_v1/timing/batches.jsonl,405
R_NO_MATCHED_NORMAL_CAP / 02,cached_from_adapted,5,60,28811166,480.18609999999995,deliverables/prepaper_evidence_closeout_v1/timing/batches.jsonl,406
R_NO_MATCHED_NORMAL_CAP / 02,cached_from_adapted,6,60,28875166,481.2527666666667,deliverables/prepaper_evidence_closeout_v1/timing/batches.jsonl,407
R_NO_MATCHED_NORMAL_CAP / 02,cached_from_adapted,7,60,28831958,480.53263333333337,deliverables/prepaper_evidence_closeout_v1/timing/batches.jsonl,408
R_NO_MATCHED_NORMAL_CAP / 02,cached_from_adapted,8,60,28828417,480.47361666666666,deliverables/prepaper_evidence_closeout_v1/timing/batches.jsonl,409
R_NO_MATCHED_NORMAL_CAP / 02,cached_from_adapted,9,60,28758208,479.3034666666667,deliverables/prepaper_evidence_closeout_v1/timing/batches.jsonl,410
R_NO_MATCHED_NORMAL_CAP / 02,loaded_raw_to_original,0,60,620547542,10342.459033333333,deliverables/prepaper_evidence_closeout_v1/timing/batches.jsonl,411
R_NO_MATCHED_NORMAL_CAP / 02,loaded_raw_to_original,1,60,603826500,10063.775,deliverables/prepaper_evidence_closeout_v1/timing/batches.jsonl,412
R_NO_MATCHED_NORMAL_CAP / 02,loaded_raw_to_original,2,60,599370459,9989.50765,deliverables/prepaper_evidence_closeout_v1/timing/batches.jsonl,413
R_NO_MATCHED_NORMAL_CAP / 02,loaded_raw_to_original,3,60,603202334,10053.372233333332,deliverables/prepaper_evidence_closeout_v1/timing/batches.jsonl,414
R_NO_MATCHED_NORMAL_CAP / 02,loaded_raw_to_original,4,60,599934208,9998.903466666667,deliverables/prepaper_evidence_closeout_v1/timing/batches.jsonl,415
R_NO_MATCHED_NORMAL_CAP / 02,loaded_raw_to_original,5,60,604094125,10068.235416666666,deliverables/prepaper_evidence_closeout_v1/timing/batches.jsonl,416
R_NO_MATCHED_NORMAL_CAP / 02,loaded_raw_to_original,6,60,600999666,10016.6611,deliverables/prepaper_evidence_closeout_v1/timing/batches.jsonl,417
R_NO_MATCHED_NORMAL_CAP / 02,loaded_raw_to_original,7,60,602071875,10034.53125,deliverables/prepaper_evidence_closeout_v1/timing/batches.jsonl,418
R_NO_MATCHED_NORMAL_CAP / 02,loaded_raw_to_original,8,60,599836667,9997.277783333333,deliverables/prepaper_evidence_closeout_v1/timing/batches.jsonl,419
R_NO_MATCHED_NORMAL_CAP / 02,loaded_raw_to_original,9,60,602595083,10043.251383333332,deliverables/prepaper_evidence_closeout_v1/timing/batches.jsonl,420
R_NO_MATCHED_NORMAL_CAP / 02,loaded_raw_to_cached,0,60,485773250,8096.220833333333,deliverables/prepaper_evidence_closeout_v1/timing/batches.jsonl,421
R_NO_MATCHED_NORMAL_CAP / 02,loaded_raw_to_cached,1,60,507924958,8465.415966666667,deliverables/prepaper_evidence_closeout_v1/timing/batches.jsonl,422
R_NO_MATCHED_NORMAL_CAP / 02,loaded_raw_to_cached,2,60,484772041,8079.5340166666665,deliverables/prepaper_evidence_closeout_v1/timing/batches.jsonl,423
R_NO_MATCHED_NORMAL_CAP / 02,loaded_raw_to_cached,3,60,485674000,8094.566666666667,deliverables/prepaper_evidence_closeout_v1/timing/batches.jsonl,424
R_NO_MATCHED_NORMAL_CAP / 02,loaded_raw_to_cached,4,60,484345042,8072.417366666667,deliverables/prepaper_evidence_closeout_v1/timing/batches.jsonl,425
R_NO_MATCHED_NORMAL_CAP / 02,loaded_raw_to_cached,5,60,483644250,8060.7375,deliverables/prepaper_evidence_closeout_v1/timing/batches.jsonl,426
R_NO_MATCHED_NORMAL_CAP / 02,loaded_raw_to_cached,6,60,487088708,8118.145133333333,deliverables/prepaper_evidence_closeout_v1/timing/batches.jsonl,427
R_NO_MATCHED_NORMAL_CAP / 02,loaded_raw_to_cached,7,60,484664750,8077.745833333333,deliverables/prepaper_evidence_closeout_v1/timing/batches.jsonl,428
R_NO_MATCHED_NORMAL_CAP / 02,loaded_raw_to_cached,8,60,486978083,8116.301383333333,deliverables/prepaper_evidence_closeout_v1/timing/batches.jsonl,429
R_NO_MATCHED_NORMAL_CAP / 02,loaded_raw_to_cached,9,60,486592667,8109.877783333333,deliverables/prepaper_evidence_closeout_v1/timing/batches.jsonl,430
R_FULL / 03,load_parse_validate,0,1,1896834,1896.834,deliverables/prepaper_evidence_closeout_v1/timing/batches.jsonl,431
R_FULL / 03,load_parse_validate,1,1,1909750,1909.75,deliverables/prepaper_evidence_closeout_v1/timing/batches.jsonl,432
R_FULL / 03,load_parse_validate,2,1,1883959,1883.959,deliverables/prepaper_evidence_closeout_v1/timing/batches.jsonl,433
R_FULL / 03,load_parse_validate,3,1,1810041,1810.041,deliverables/prepaper_evidence_closeout_v1/timing/batches.jsonl,434
R_FULL / 03,load_parse_validate,4,1,1790417,1790.417,deliverables/prepaper_evidence_closeout_v1/timing/batches.jsonl,435
R_FULL / 03,load_parse_validate,5,1,1773833,1773.833,deliverables/prepaper_evidence_closeout_v1/timing/batches.jsonl,436
R_FULL / 03,load_parse_validate,6,1,1764958,1764.958,deliverables/prepaper_evidence_closeout_v1/timing/batches.jsonl,437
R_FULL / 03,load_parse_validate,7,1,1751792,1751.792,deliverables/prepaper_evidence_closeout_v1/timing/batches.jsonl,438
R_FULL / 03,load_parse_validate,8,1,1748250,1748.25,deliverables/prepaper_evidence_closeout_v1/timing/batches.jsonl,439
R_FULL / 03,load_parse_validate,9,1,1804750,1804.75,deliverables/prepaper_evidence_closeout_v1/timing/batches.jsonl,440
R_FULL / 03,model_input_prepare,0,60,3557583,59.29305,deliverables/prepaper_evidence_closeout_v1/timing/batches.jsonl,441
R_FULL / 03,model_input_prepare,1,60,3449875,57.49791666666666,deliverables/prepaper_evidence_closeout_v1/timing/batches.jsonl,442
R_FULL / 03,model_input_prepare,2,60,3436916,57.281933333333335,deliverables/prepaper_evidence_closeout_v1/timing/batches.jsonl,443
R_FULL / 03,model_input_prepare,3,60,3517125,58.61875,deliverables/prepaper_evidence_closeout_v1/timing/batches.jsonl,444
R_FULL / 03,model_input_prepare,4,60,3458417,57.640283333333336,deliverables/prepaper_evidence_closeout_v1/timing/batches.jsonl,445
R_FULL / 03,model_input_prepare,5,60,3419000,56.983333333333334,deliverables/prepaper_evidence_closeout_v1/timing/batches.jsonl,446
R_FULL / 03,model_input_prepare,6,60,3426833,57.113883333333334,deliverables/prepaper_evidence_closeout_v1/timing/batches.jsonl,447
R_FULL / 03,model_input_prepare,7,60,3423000,57.05,deliverables/prepaper_evidence_closeout_v1/timing/batches.jsonl,448
R_FULL / 03,model_input_prepare,8,60,3480750,58.0125,deliverables/prepaper_evidence_closeout_v1/timing/batches.jsonl,449
R_FULL / 03,model_input_prepare,9,60,3355375,55.922916666666666,deliverables/prepaper_evidence_closeout_v1/timing/batches.jsonl,450
R_FULL / 03,prepared_inference,0,60,24239917,403.99861666666663,deliverables/prepaper_evidence_closeout_v1/timing/batches.jsonl,451
R_FULL / 03,prepared_inference,1,60,24261416,404.35693333333336,deliverables/prepaper_evidence_closeout_v1/timing/batches.jsonl,452
R_FULL / 03,prepared_inference,2,60,24202208,403.37013333333334,deliverables/prepaper_evidence_closeout_v1/timing/batches.jsonl,453
R_FULL / 03,prepared_inference,3,60,24479417,407.9902833333333,deliverables/prepaper_evidence_closeout_v1/timing/batches.jsonl,454
R_FULL / 03,prepared_inference,4,60,24510875,408.5145833333333,deliverables/prepaper_evidence_closeout_v1/timing/batches.jsonl,455
R_FULL / 03,prepared_inference,5,60,24174917,402.9152833333333,deliverables/prepaper_evidence_closeout_v1/timing/batches.jsonl,456
R_FULL / 03,prepared_inference,6,60,24114875,401.9145833333333,deliverables/prepaper_evidence_closeout_v1/timing/batches.jsonl,457
R_FULL / 03,prepared_inference,7,60,24378708,406.3118,deliverables/prepaper_evidence_closeout_v1/timing/batches.jsonl,458
R_FULL / 03,prepared_inference,8,60,24082500,401.375,deliverables/prepaper_evidence_closeout_v1/timing/batches.jsonl,459
R_FULL / 03,prepared_inference,9,60,24129916,402.16526666666664,deliverables/prepaper_evidence_closeout_v1/timing/batches.jsonl,460
R_FULL / 03,original_current_interface,0,60,131278625,2187.9770833333337,deliverables/prepaper_evidence_closeout_v1/timing/batches.jsonl,461
R_FULL / 03,original_current_interface,1,60,132466750,2207.7791666666667,deliverables/prepaper_evidence_closeout_v1/timing/batches.jsonl,462
R_FULL / 03,original_current_interface,2,60,132911583,2215.19305,deliverables/prepaper_evidence_closeout_v1/timing/batches.jsonl,463
R_FULL / 03,original_current_interface,3,60,133876916,2231.281933333333,deliverables/prepaper_evidence_closeout_v1/timing/batches.jsonl,464
R_FULL / 03,original_current_interface,4,60,133250125,2220.8354166666663,deliverables/prepaper_evidence_closeout_v1/timing/batches.jsonl,465
R_FULL / 03,original_current_interface,5,60,146454584,2440.9097333333334,deliverables/prepaper_evidence_closeout_v1/timing/batches.jsonl,466
R_FULL / 03,original_current_interface,6,60,134951500,2249.1916666666666,deliverables/prepaper_evidence_closeout_v1/timing/batches.jsonl,467
R_FULL / 03,original_current_interface,7,60,132336750,2205.6125,deliverables/prepaper_evidence_closeout_v1/timing/batches.jsonl,468
R_FULL / 03,original_current_interface,8,60,131213583,2186.8930499999997,deliverables/prepaper_evidence_closeout_v1/timing/batches.jsonl,469
R_FULL / 03,original_current_interface,9,60,132284292,2204.7382000000002,deliverables/prepaper_evidence_closeout_v1/timing/batches.jsonl,470
R_FULL / 03,cached_from_adapted,0,60,28379208,472.9868,deliverables/prepaper_evidence_closeout_v1/timing/batches.jsonl,471
R_FULL / 03,cached_from_adapted,1,60,28102000,468.3666666666667,deliverables/prepaper_evidence_closeout_v1/timing/batches.jsonl,472
R_FULL / 03,cached_from_adapted,2,60,28305625,471.7604166666667,deliverables/prepaper_evidence_closeout_v1/timing/batches.jsonl,473
R_FULL / 03,cached_from_adapted,3,60,28426000,473.7666666666667,deliverables/prepaper_evidence_closeout_v1/timing/batches.jsonl,474
R_FULL / 03,cached_from_adapted,4,60,28390500,473.175,deliverables/prepaper_evidence_closeout_v1/timing/batches.jsonl,475
R_FULL / 03,cached_from_adapted,5,60,28208583,470.14305,deliverables/prepaper_evidence_closeout_v1/timing/batches.jsonl,476
R_FULL / 03,cached_from_adapted,6,60,28257500,470.9583333333333,deliverables/prepaper_evidence_closeout_v1/timing/batches.jsonl,477
R_FULL / 03,cached_from_adapted,7,60,28176750,469.6125,deliverables/prepaper_evidence_closeout_v1/timing/batches.jsonl,478
R_FULL / 03,cached_from_adapted,8,60,28087042,468.1173666666666,deliverables/prepaper_evidence_closeout_v1/timing/batches.jsonl,479
R_FULL / 03,cached_from_adapted,9,60,27752958,462.5493,deliverables/prepaper_evidence_closeout_v1/timing/batches.jsonl,480
R_FULL / 03,loaded_raw_to_original,0,60,622572084,10376.2014,deliverables/prepaper_evidence_closeout_v1/timing/batches.jsonl,481
R_FULL / 03,loaded_raw_to_original,1,60,596652708,9944.211800000001,deliverables/prepaper_evidence_closeout_v1/timing/batches.jsonl,482
R_FULL / 03,loaded_raw_to_original,2,60,595819875,9930.33125,deliverables/prepaper_evidence_closeout_v1/timing/batches.jsonl,483
R_FULL / 03,loaded_raw_to_original,3,60,595667625,9927.79375,deliverables/prepaper_evidence_closeout_v1/timing/batches.jsonl,484
R_FULL / 03,loaded_raw_to_original,4,60,594185625,9903.09375,deliverables/prepaper_evidence_closeout_v1/timing/batches.jsonl,485
R_FULL / 03,loaded_raw_to_original,5,60,622420667,10373.677783333333,deliverables/prepaper_evidence_closeout_v1/timing/batches.jsonl,486
R_FULL / 03,loaded_raw_to_original,6,60,598318541,9971.975683333334,deliverables/prepaper_evidence_closeout_v1/timing/batches.jsonl,487
R_FULL / 03,loaded_raw_to_original,7,60,595422709,9923.711816666666,deliverables/prepaper_evidence_closeout_v1/timing/batches.jsonl,488
R_FULL / 03,loaded_raw_to_original,8,60,598802834,9980.047233333333,deliverables/prepaper_evidence_closeout_v1/timing/batches.jsonl,489
R_FULL / 03,loaded_raw_to_original,9,60,598518417,9975.30695,deliverables/prepaper_evidence_closeout_v1/timing/batches.jsonl,490
R_FULL / 03,loaded_raw_to_cached,0,60,487236583,8120.609716666667,deliverables/prepaper_evidence_closeout_v1/timing/batches.jsonl,491
R_FULL / 03,loaded_raw_to_cached,1,60,505113000,8418.55,deliverables/prepaper_evidence_closeout_v1/timing/batches.jsonl,492
R_FULL / 03,loaded_raw_to_cached,2,60,487040792,8117.346533333333,deliverables/prepaper_evidence_closeout_v1/timing/batches.jsonl,493
R_FULL / 03,loaded_raw_to_cached,3,60,487862625,8131.04375,deliverables/prepaper_evidence_closeout_v1/timing/batches.jsonl,494
R_FULL / 03,loaded_raw_to_cached,4,60,487435208,8123.920133333334,deliverables/prepaper_evidence_closeout_v1/timing/batches.jsonl,495
R_FULL / 03,loaded_raw_to_cached,5,60,487678875,8127.98125,deliverables/prepaper_evidence_closeout_v1/timing/batches.jsonl,496
R_FULL / 03,loaded_raw_to_cached,6,60,489318250,8155.304166666667,deliverables/prepaper_evidence_closeout_v1/timing/batches.jsonl,497
R_FULL / 03,loaded_raw_to_cached,7,60,488584167,8143.06945,deliverables/prepaper_evidence_closeout_v1/timing/batches.jsonl,498
R_FULL / 03,loaded_raw_to_cached,8,60,490372333,8172.872216666667,deliverables/prepaper_evidence_closeout_v1/timing/batches.jsonl,499
R_FULL / 03,loaded_raw_to_cached,9,60,488829125,8147.152083333333,deliverables/prepaper_evidence_closeout_v1/timing/batches.jsonl,500
R_NO_CROSS / 03,load_parse_validate,0,1,1886791,1886.791,deliverables/prepaper_evidence_closeout_v1/timing/batches.jsonl,501
R_NO_CROSS / 03,load_parse_validate,1,1,1829500,1829.5,deliverables/prepaper_evidence_closeout_v1/timing/batches.jsonl,502
R_NO_CROSS / 03,load_parse_validate,2,1,1805041,1805.041,deliverables/prepaper_evidence_closeout_v1/timing/batches.jsonl,503
R_NO_CROSS / 03,load_parse_validate,3,1,1812458,1812.458,deliverables/prepaper_evidence_closeout_v1/timing/batches.jsonl,504
R_NO_CROSS / 03,load_parse_validate,4,1,1827875,1827.875,deliverables/prepaper_evidence_closeout_v1/timing/batches.jsonl,505
R_NO_CROSS / 03,load_parse_validate,5,1,1956084,1956.084,deliverables/prepaper_evidence_closeout_v1/timing/batches.jsonl,506
R_NO_CROSS / 03,load_parse_validate,6,1,1873750,1873.75,deliverables/prepaper_evidence_closeout_v1/timing/batches.jsonl,507
R_NO_CROSS / 03,load_parse_validate,7,1,1795750,1795.75,deliverables/prepaper_evidence_closeout_v1/timing/batches.jsonl,508
R_NO_CROSS / 03,load_parse_validate,8,1,1778167,1778.167,deliverables/prepaper_evidence_closeout_v1/timing/batches.jsonl,509
R_NO_CROSS / 03,load_parse_validate,9,1,1771417,1771.417,deliverables/prepaper_evidence_closeout_v1/timing/batches.jsonl,510
R_NO_CROSS / 03,model_input_prepare,0,60,3341250,55.6875,deliverables/prepaper_evidence_closeout_v1/timing/batches.jsonl,511
R_NO_CROSS / 03,model_input_prepare,1,60,3316625,55.27708333333334,deliverables/prepaper_evidence_closeout_v1/timing/batches.jsonl,512
R_NO_CROSS / 03,model_input_prepare,2,60,3249875,54.16458333333333,deliverables/prepaper_evidence_closeout_v1/timing/batches.jsonl,513
R_NO_CROSS / 03,model_input_prepare,3,60,3250125,54.16875,deliverables/prepaper_evidence_closeout_v1/timing/batches.jsonl,514
R_NO_CROSS / 03,model_input_prepare,4,60,3235958,53.93263333333333,deliverables/prepaper_evidence_closeout_v1/timing/batches.jsonl,515
R_NO_CROSS / 03,model_input_prepare,5,60,3255750,54.2625,deliverables/prepaper_evidence_closeout_v1/timing/batches.jsonl,516
R_NO_CROSS / 03,model_input_prepare,6,60,3437917,57.29861666666667,deliverables/prepaper_evidence_closeout_v1/timing/batches.jsonl,517
R_NO_CROSS / 03,model_input_prepare,7,60,3354417,55.906949999999995,deliverables/prepaper_evidence_closeout_v1/timing/batches.jsonl,518
R_NO_CROSS / 03,model_input_prepare,8,60,3290000,54.833333333333336,deliverables/prepaper_evidence_closeout_v1/timing/batches.jsonl,519
R_NO_CROSS / 03,model_input_prepare,9,60,3293250,54.8875,deliverables/prepaper_evidence_closeout_v1/timing/batches.jsonl,520
R_NO_CROSS / 03,prepared_inference,0,60,24425458,407.0909666666667,deliverables/prepaper_evidence_closeout_v1/timing/batches.jsonl,521
R_NO_CROSS / 03,prepared_inference,1,60,24280458,404.6743,deliverables/prepaper_evidence_closeout_v1/timing/batches.jsonl,522
R_NO_CROSS / 03,prepared_inference,2,60,25677375,427.95625,deliverables/prepaper_evidence_closeout_v1/timing/batches.jsonl,523
R_NO_CROSS / 03,prepared_inference,3,60,25333750,422.2291666666667,deliverables/prepaper_evidence_closeout_v1/timing/batches.jsonl,524
R_NO_CROSS / 03,prepared_inference,4,60,24415834,406.93056666666666,deliverables/prepaper_evidence_closeout_v1/timing/batches.jsonl,525
R_NO_CROSS / 03,prepared_inference,5,60,24335500,405.5916666666667,deliverables/prepaper_evidence_closeout_v1/timing/batches.jsonl,526
R_NO_CROSS / 03,prepared_inference,6,60,24040125,400.66875,deliverables/prepaper_evidence_closeout_v1/timing/batches.jsonl,527
R_NO_CROSS / 03,prepared_inference,7,60,24131125,402.1854166666667,deliverables/prepaper_evidence_closeout_v1/timing/batches.jsonl,528
R_NO_CROSS / 03,prepared_inference,8,60,24206667,403.44445,deliverables/prepaper_evidence_closeout_v1/timing/batches.jsonl,529
R_NO_CROSS / 03,prepared_inference,9,60,24167166,402.7861,deliverables/prepaper_evidence_closeout_v1/timing/batches.jsonl,530
R_NO_CROSS / 03,original_current_interface,0,60,129761167,2162.6861166666667,deliverables/prepaper_evidence_closeout_v1/timing/batches.jsonl,531
R_NO_CROSS / 03,original_current_interface,1,60,131803375,2196.7229166666666,deliverables/prepaper_evidence_closeout_v1/timing/batches.jsonl,532
R_NO_CROSS / 03,original_current_interface,2,60,129868417,2164.4736166666667,deliverables/prepaper_evidence_closeout_v1/timing/batches.jsonl,533
R_NO_CROSS / 03,original_current_interface,3,60,131900584,2198.343066666667,deliverables/prepaper_evidence_closeout_v1/timing/batches.jsonl,534
R_NO_CROSS / 03,original_current_interface,4,60,132493250,2208.2208333333333,deliverables/prepaper_evidence_closeout_v1/timing/batches.jsonl,535
R_NO_CROSS / 03,original_current_interface,5,60,145745833,2429.097216666667,deliverables/prepaper_evidence_closeout_v1/timing/batches.jsonl,536
R_NO_CROSS / 03,original_current_interface,6,60,134439667,2240.6611166666667,deliverables/prepaper_evidence_closeout_v1/timing/batches.jsonl,537
R_NO_CROSS / 03,original_current_interface,7,60,131150667,2185.84445,deliverables/prepaper_evidence_closeout_v1/timing/batches.jsonl,538
R_NO_CROSS / 03,original_current_interface,8,60,130510917,2175.18195,deliverables/prepaper_evidence_closeout_v1/timing/batches.jsonl,539
R_NO_CROSS / 03,original_current_interface,9,60,132418500,2206.975,deliverables/prepaper_evidence_closeout_v1/timing/batches.jsonl,540
R_NO_CROSS / 03,cached_from_adapted,0,60,27630667,460.5111166666666,deliverables/prepaper_evidence_closeout_v1/timing/batches.jsonl,541
R_NO_CROSS / 03,cached_from_adapted,1,60,27978708,466.3118,deliverables/prepaper_evidence_closeout_v1/timing/batches.jsonl,542
R_NO_CROSS / 03,cached_from_adapted,2,60,27751166,462.5194333333333,deliverables/prepaper_evidence_closeout_v1/timing/batches.jsonl,543
R_NO_CROSS / 03,cached_from_adapted,3,60,27924708,465.41179999999997,deliverables/prepaper_evidence_closeout_v1/timing/batches.jsonl,544
R_NO_CROSS / 03,cached_from_adapted,4,60,27489042,458.15070000000003,deliverables/prepaper_evidence_closeout_v1/timing/batches.jsonl,545
R_NO_CROSS / 03,cached_from_adapted,5,60,27494500,458.2416666666667,deliverables/prepaper_evidence_closeout_v1/timing/batches.jsonl,546
R_NO_CROSS / 03,cached_from_adapted,6,60,27474459,457.90765000000005,deliverables/prepaper_evidence_closeout_v1/timing/batches.jsonl,547
R_NO_CROSS / 03,cached_from_adapted,7,60,27420583,457.0097166666667,deliverables/prepaper_evidence_closeout_v1/timing/batches.jsonl,548
R_NO_CROSS / 03,cached_from_adapted,8,60,27913500,465.225,deliverables/prepaper_evidence_closeout_v1/timing/batches.jsonl,549
R_NO_CROSS / 03,cached_from_adapted,9,60,27809375,463.4895833333333,deliverables/prepaper_evidence_closeout_v1/timing/batches.jsonl,550
R_NO_CROSS / 03,loaded_raw_to_original,0,60,612321833,10205.363883333333,deliverables/prepaper_evidence_closeout_v1/timing/batches.jsonl,551
R_NO_CROSS / 03,loaded_raw_to_original,1,60,598854417,9980.906949999999,deliverables/prepaper_evidence_closeout_v1/timing/batches.jsonl,552
R_NO_CROSS / 03,loaded_raw_to_original,2,60,594802458,9913.374300000001,deliverables/prepaper_evidence_closeout_v1/timing/batches.jsonl,553
R_NO_CROSS / 03,loaded_raw_to_original,3,60,595519333,9925.322216666667,deliverables/prepaper_evidence_closeout_v1/timing/batches.jsonl,554
R_NO_CROSS / 03,loaded_raw_to_original,4,60,609916125,10165.26875,deliverables/prepaper_evidence_closeout_v1/timing/batches.jsonl,555
R_NO_CROSS / 03,loaded_raw_to_original,5,60,599507334,9991.7889,deliverables/prepaper_evidence_closeout_v1/timing/batches.jsonl,556
R_NO_CROSS / 03,loaded_raw_to_original,6,60,597664125,9961.06875,deliverables/prepaper_evidence_closeout_v1/timing/batches.jsonl,557
R_NO_CROSS / 03,loaded_raw_to_original,7,60,595106125,9918.435416666665,deliverables/prepaper_evidence_closeout_v1/timing/batches.jsonl,558
R_NO_CROSS / 03,loaded_raw_to_original,8,60,597424042,9957.067366666668,deliverables/prepaper_evidence_closeout_v1/timing/batches.jsonl,559
R_NO_CROSS / 03,loaded_raw_to_original,9,60,598460583,9974.343050000001,deliverables/prepaper_evidence_closeout_v1/timing/batches.jsonl,560
R_NO_CROSS / 03,loaded_raw_to_cached,0,60,486540958,8109.015966666667,deliverables/prepaper_evidence_closeout_v1/timing/batches.jsonl,561
R_NO_CROSS / 03,loaded_raw_to_cached,1,60,512013833,8533.563883333332,deliverables/prepaper_evidence_closeout_v1/timing/batches.jsonl,562
R_NO_CROSS / 03,loaded_raw_to_cached,2,60,488777875,8146.297916666667,deliverables/prepaper_evidence_closeout_v1/timing/batches.jsonl,563
R_NO_CROSS / 03,loaded_raw_to_cached,3,60,488795167,8146.586116666666,deliverables/prepaper_evidence_closeout_v1/timing/batches.jsonl,564
R_NO_CROSS / 03,loaded_raw_to_cached,4,60,488524166,8142.069433333334,deliverables/prepaper_evidence_closeout_v1/timing/batches.jsonl,565
R_NO_CROSS / 03,loaded_raw_to_cached,5,60,487635333,8127.25555,deliverables/prepaper_evidence_closeout_v1/timing/batches.jsonl,566
R_NO_CROSS / 03,loaded_raw_to_cached,6,60,487863459,8131.057650000001,deliverables/prepaper_evidence_closeout_v1/timing/batches.jsonl,567
R_NO_CROSS / 03,loaded_raw_to_cached,7,60,488621125,8143.685416666667,deliverables/prepaper_evidence_closeout_v1/timing/batches.jsonl,568
R_NO_CROSS / 03,loaded_raw_to_cached,8,60,488110000,8135.166666666667,deliverables/prepaper_evidence_closeout_v1/timing/batches.jsonl,569
R_NO_CROSS / 03,loaded_raw_to_cached,9,60,489302625,8155.04375,deliverables/prepaper_evidence_closeout_v1/timing/batches.jsonl,570
R_NO_MATCHED_NORMAL_CAP / 03,load_parse_validate,0,1,1937708,1937.708,deliverables/prepaper_evidence_closeout_v1/timing/batches.jsonl,571
R_NO_MATCHED_NORMAL_CAP / 03,load_parse_validate,1,1,1822041,1822.041,deliverables/prepaper_evidence_closeout_v1/timing/batches.jsonl,572
R_NO_MATCHED_NORMAL_CAP / 03,load_parse_validate,2,1,1787875,1787.875,deliverables/prepaper_evidence_closeout_v1/timing/batches.jsonl,573
R_NO_MATCHED_NORMAL_CAP / 03,load_parse_validate,3,1,1784750,1784.75,deliverables/prepaper_evidence_closeout_v1/timing/batches.jsonl,574
R_NO_MATCHED_NORMAL_CAP / 03,load_parse_validate,4,1,1790542,1790.542,deliverables/prepaper_evidence_closeout_v1/timing/batches.jsonl,575
R_NO_MATCHED_NORMAL_CAP / 03,load_parse_validate,5,1,1780583,1780.583,deliverables/prepaper_evidence_closeout_v1/timing/batches.jsonl,576
R_NO_MATCHED_NORMAL_CAP / 03,load_parse_validate,6,1,1751833,1751.833,deliverables/prepaper_evidence_closeout_v1/timing/batches.jsonl,577
R_NO_MATCHED_NORMAL_CAP / 03,load_parse_validate,7,1,1751500,1751.5,deliverables/prepaper_evidence_closeout_v1/timing/batches.jsonl,578
R_NO_MATCHED_NORMAL_CAP / 03,load_parse_validate,8,1,1888958,1888.958,deliverables/prepaper_evidence_closeout_v1/timing/batches.jsonl,579
R_NO_MATCHED_NORMAL_CAP / 03,load_parse_validate,9,1,1884292,1884.292,deliverables/prepaper_evidence_closeout_v1/timing/batches.jsonl,580
R_NO_MATCHED_NORMAL_CAP / 03,model_input_prepare,0,60,3450000,57.5,deliverables/prepaper_evidence_closeout_v1/timing/batches.jsonl,581
R_NO_MATCHED_NORMAL_CAP / 03,model_input_prepare,1,60,3365584,56.093066666666665,deliverables/prepaper_evidence_closeout_v1/timing/batches.jsonl,582
R_NO_MATCHED_NORMAL_CAP / 03,model_input_prepare,2,60,3636542,60.609033333333336,deliverables/prepaper_evidence_closeout_v1/timing/batches.jsonl,583
R_NO_MATCHED_NORMAL_CAP / 03,model_input_prepare,3,60,3445625,57.427083333333336,deliverables/prepaper_evidence_closeout_v1/timing/batches.jsonl,584
R_NO_MATCHED_NORMAL_CAP / 03,model_input_prepare,4,60,3414167,56.90278333333333,deliverables/prepaper_evidence_closeout_v1/timing/batches.jsonl,585
R_NO_MATCHED_NORMAL_CAP / 03,model_input_prepare,5,60,3413209,56.88681666666667,deliverables/prepaper_evidence_closeout_v1/timing/batches.jsonl,586
R_NO_MATCHED_NORMAL_CAP / 03,model_input_prepare,6,60,3405917,56.765283333333336,deliverables/prepaper_evidence_closeout_v1/timing/batches.jsonl,587
R_NO_MATCHED_NORMAL_CAP / 03,model_input_prepare,7,60,3508708,58.47846666666667,deliverables/prepaper_evidence_closeout_v1/timing/batches.jsonl,588
R_NO_MATCHED_NORMAL_CAP / 03,model_input_prepare,8,60,3379167,56.319449999999996,deliverables/prepaper_evidence_closeout_v1/timing/batches.jsonl,589
R_NO_MATCHED_NORMAL_CAP / 03,model_input_prepare,9,60,3357791,55.96318333333333,deliverables/prepaper_evidence_closeout_v1/timing/batches.jsonl,590
R_NO_MATCHED_NORMAL_CAP / 03,prepared_inference,0,60,24100458,401.6743,deliverables/prepaper_evidence_closeout_v1/timing/batches.jsonl,591
R_NO_MATCHED_NORMAL_CAP / 03,prepared_inference,1,60,24111375,401.85625,deliverables/prepaper_evidence_closeout_v1/timing/batches.jsonl,592
R_NO_MATCHED_NORMAL_CAP / 03,prepared_inference,2,60,24190916,403.18193333333335,deliverables/prepaper_evidence_closeout_v1/timing/batches.jsonl,593
R_NO_MATCHED_NORMAL_CAP / 03,prepared_inference,3,60,24834458,413.90763333333337,deliverables/prepaper_evidence_closeout_v1/timing/batches.jsonl,594
R_NO_MATCHED_NORMAL_CAP / 03,prepared_inference,4,60,24475791,407.92985,deliverables/prepaper_evidence_closeout_v1/timing/batches.jsonl,595
R_NO_MATCHED_NORMAL_CAP / 03,prepared_inference,5,60,24055292,400.92153333333334,deliverables/prepaper_evidence_closeout_v1/timing/batches.jsonl,596
R_NO_MATCHED_NORMAL_CAP / 03,prepared_inference,6,60,23911375,398.5229166666667,deliverables/prepaper_evidence_closeout_v1/timing/batches.jsonl,597
R_NO_MATCHED_NORMAL_CAP / 03,prepared_inference,7,60,24220041,403.66735,deliverables/prepaper_evidence_closeout_v1/timing/batches.jsonl,598
R_NO_MATCHED_NORMAL_CAP / 03,prepared_inference,8,60,24250083,404.16805,deliverables/prepaper_evidence_closeout_v1/timing/batches.jsonl,599
R_NO_MATCHED_NORMAL_CAP / 03,prepared_inference,9,60,24092959,401.54931666666664,deliverables/prepaper_evidence_closeout_v1/timing/batches.jsonl,600
R_NO_MATCHED_NORMAL_CAP / 03,original_current_interface,0,60,131837417,2197.2902833333333,deliverables/prepaper_evidence_closeout_v1/timing/batches.jsonl,601
R_NO_MATCHED_NORMAL_CAP / 03,original_current_interface,1,60,131880292,2198.0048666666667,deliverables/prepaper_evidence_closeout_v1/timing/batches.jsonl,602
R_NO_MATCHED_NORMAL_CAP / 03,original_current_interface,2,60,130735375,2178.9229166666664,deliverables/prepaper_evidence_closeout_v1/timing/batches.jsonl,603
R_NO_MATCHED_NORMAL_CAP / 03,original_current_interface,3,60,131487750,2191.4625,deliverables/prepaper_evidence_closeout_v1/timing/batches.jsonl,604
R_NO_MATCHED_NORMAL_CAP / 03,original_current_interface,4,60,136047792,2267.4632,deliverables/prepaper_evidence_closeout_v1/timing/batches.jsonl,605
R_NO_MATCHED_NORMAL_CAP / 03,original_current_interface,5,60,140102292,2335.0382,deliverables/prepaper_evidence_closeout_v1/timing/batches.jsonl,606
R_NO_MATCHED_NORMAL_CAP / 03,original_current_interface,6,60,134562667,2242.711116666667,deliverables/prepaper_evidence_closeout_v1/timing/batches.jsonl,607
R_NO_MATCHED_NORMAL_CAP / 03,original_current_interface,7,60,136761875,2279.3645833333335,deliverables/prepaper_evidence_closeout_v1/timing/batches.jsonl,608
R_NO_MATCHED_NORMAL_CAP / 03,original_current_interface,8,60,170040084,2834.0014,deliverables/prepaper_evidence_closeout_v1/timing/batches.jsonl,609
R_NO_MATCHED_NORMAL_CAP / 03,original_current_interface,9,60,131037083,2183.9513833333335,deliverables/prepaper_evidence_closeout_v1/timing/batches.jsonl,610
R_NO_MATCHED_NORMAL_CAP / 03,cached_from_adapted,0,60,27968750,466.1458333333333,deliverables/prepaper_evidence_closeout_v1/timing/batches.jsonl,611
R_NO_MATCHED_NORMAL_CAP / 03,cached_from_adapted,1,60,28480083,474.66805,deliverables/prepaper_evidence_closeout_v1/timing/batches.jsonl,612
R_NO_MATCHED_NORMAL_CAP / 03,cached_from_adapted,2,60,28419500,473.6583333333333,deliverables/prepaper_evidence_closeout_v1/timing/batches.jsonl,613
R_NO_MATCHED_NORMAL_CAP / 03,cached_from_adapted,3,60,27927292,465.45486666666665,deliverables/prepaper_evidence_closeout_v1/timing/batches.jsonl,614
R_NO_MATCHED_NORMAL_CAP / 03,cached_from_adapted,4,60,28079792,467.99653333333333,deliverables/prepaper_evidence_closeout_v1/timing/batches.jsonl,615
R_NO_MATCHED_NORMAL_CAP / 03,cached_from_adapted,5,60,28086250,468.1041666666667,deliverables/prepaper_evidence_closeout_v1/timing/batches.jsonl,616
R_NO_MATCHED_NORMAL_CAP / 03,cached_from_adapted,6,60,27892667,464.8777833333333,deliverables/prepaper_evidence_closeout_v1/timing/batches.jsonl,617
R_NO_MATCHED_NORMAL_CAP / 03,cached_from_adapted,7,60,28398292,473.3048666666666,deliverables/prepaper_evidence_closeout_v1/timing/batches.jsonl,618
R_NO_MATCHED_NORMAL_CAP / 03,cached_from_adapted,8,60,28378500,472.975,deliverables/prepaper_evidence_closeout_v1/timing/batches.jsonl,619
R_NO_MATCHED_NORMAL_CAP / 03,cached_from_adapted,9,60,28334417,472.2402833333333,deliverables/prepaper_evidence_closeout_v1/timing/batches.jsonl,620
R_NO_MATCHED_NORMAL_CAP / 03,loaded_raw_to_original,0,60,614512416,10241.873599999999,deliverables/prepaper_evidence_closeout_v1/timing/batches.jsonl,621
R_NO_MATCHED_NORMAL_CAP / 03,loaded_raw_to_original,1,60,596211667,9936.861116666667,deliverables/prepaper_evidence_closeout_v1/timing/batches.jsonl,622
R_NO_MATCHED_NORMAL_CAP / 03,loaded_raw_to_original,2,60,597496125,9958.26875,deliverables/prepaper_evidence_closeout_v1/timing/batches.jsonl,623
R_NO_MATCHED_NORMAL_CAP / 03,loaded_raw_to_original,3,60,598607166,9976.7861,deliverables/prepaper_evidence_closeout_v1/timing/batches.jsonl,624
R_NO_MATCHED_NORMAL_CAP / 03,loaded_raw_to_original,4,60,596187250,9936.454166666666,deliverables/prepaper_evidence_closeout_v1/timing/batches.jsonl,625
R_NO_MATCHED_NORMAL_CAP / 03,loaded_raw_to_original,5,60,600422750,10007.045833333334,deliverables/prepaper_evidence_closeout_v1/timing/batches.jsonl,626
R_NO_MATCHED_NORMAL_CAP / 03,loaded_raw_to_original,6,60,598380042,9973.000699999999,deliverables/prepaper_evidence_closeout_v1/timing/batches.jsonl,627
R_NO_MATCHED_NORMAL_CAP / 03,loaded_raw_to_original,7,60,597329541,9955.49235,deliverables/prepaper_evidence_closeout_v1/timing/batches.jsonl,628
R_NO_MATCHED_NORMAL_CAP / 03,loaded_raw_to_original,8,60,668868417,11147.80695,deliverables/prepaper_evidence_closeout_v1/timing/batches.jsonl,629
R_NO_MATCHED_NORMAL_CAP / 03,loaded_raw_to_original,9,60,597730333,9962.172216666666,deliverables/prepaper_evidence_closeout_v1/timing/batches.jsonl,630
R_NO_MATCHED_NORMAL_CAP / 03,loaded_raw_to_cached,0,60,485939709,8098.995150000001,deliverables/prepaper_evidence_closeout_v1/timing/batches.jsonl,631
R_NO_MATCHED_NORMAL_CAP / 03,loaded_raw_to_cached,1,60,510698125,8511.635416666666,deliverables/prepaper_evidence_closeout_v1/timing/batches.jsonl,632
R_NO_MATCHED_NORMAL_CAP / 03,loaded_raw_to_cached,2,60,490222333,8170.372216666667,deliverables/prepaper_evidence_closeout_v1/timing/batches.jsonl,633
R_NO_MATCHED_NORMAL_CAP / 03,loaded_raw_to_cached,3,60,490427666,8173.7944333333335,deliverables/prepaper_evidence_closeout_v1/timing/batches.jsonl,634
R_NO_MATCHED_NORMAL_CAP / 03,loaded_raw_to_cached,4,60,488073292,8134.554866666666,deliverables/prepaper_evidence_closeout_v1/timing/batches.jsonl,635
R_NO_MATCHED_NORMAL_CAP / 03,loaded_raw_to_cached,5,60,487764375,8129.40625,deliverables/prepaper_evidence_closeout_v1/timing/batches.jsonl,636
R_NO_MATCHED_NORMAL_CAP / 03,loaded_raw_to_cached,6,60,491288833,8188.147216666667,deliverables/prepaper_evidence_closeout_v1/timing/batches.jsonl,637
R_NO_MATCHED_NORMAL_CAP / 03,loaded_raw_to_cached,7,60,490074500,8167.908333333333,deliverables/prepaper_evidence_closeout_v1/timing/batches.jsonl,638
R_NO_MATCHED_NORMAL_CAP / 03,loaded_raw_to_cached,8,60,491469542,8191.159033333333,deliverables/prepaper_evidence_closeout_v1/timing/batches.jsonl,639
R_NO_MATCHED_NORMAL_CAP / 03,loaded_raw_to_cached,9,60,489465916,8157.765266666666,deliverables/prepaper_evidence_closeout_v1/timing/batches.jsonl,640
P0 / V_APP,load_parse_validate,0,1,485416,485.416,deliverables/prepaper_evidence_closeout_v1/timing/batches.jsonl,641
P0 / V_APP,load_parse_validate,1,1,436625,436.625,deliverables/prepaper_evidence_closeout_v1/timing/batches.jsonl,642
P0 / V_APP,load_parse_validate,2,1,423917,423.917,deliverables/prepaper_evidence_closeout_v1/timing/batches.jsonl,643
P0 / V_APP,load_parse_validate,3,1,419500,419.5,deliverables/prepaper_evidence_closeout_v1/timing/batches.jsonl,644
P0 / V_APP,load_parse_validate,4,1,419542,419.542,deliverables/prepaper_evidence_closeout_v1/timing/batches.jsonl,645
P0 / V_APP,load_parse_validate,5,1,417167,417.167,deliverables/prepaper_evidence_closeout_v1/timing/batches.jsonl,646
P0 / V_APP,load_parse_validate,6,1,417666,417.666,deliverables/prepaper_evidence_closeout_v1/timing/batches.jsonl,647
P0 / V_APP,load_parse_validate,7,1,473250,473.25,deliverables/prepaper_evidence_closeout_v1/timing/batches.jsonl,648
P0 / V_APP,load_parse_validate,8,1,428334,428.334,deliverables/prepaper_evidence_closeout_v1/timing/batches.jsonl,649
P0 / V_APP,load_parse_validate,9,1,431291,431.291,deliverables/prepaper_evidence_closeout_v1/timing/batches.jsonl,650
P0 / V_APP,model_input_prepare,0,60,1050542,17.50903333333333,deliverables/prepaper_evidence_closeout_v1/timing/batches.jsonl,651
P0 / V_APP,model_input_prepare,1,60,1026334,17.105566666666665,deliverables/prepaper_evidence_closeout_v1/timing/batches.jsonl,652
P0 / V_APP,model_input_prepare,2,60,1043958,17.3993,deliverables/prepaper_evidence_closeout_v1/timing/batches.jsonl,653
P0 / V_APP,model_input_prepare,3,60,1026375,17.10625,deliverables/prepaper_evidence_closeout_v1/timing/batches.jsonl,654
P0 / V_APP,model_input_prepare,4,60,1028291,17.138183333333334,deliverables/prepaper_evidence_closeout_v1/timing/batches.jsonl,655
P0 / V_APP,model_input_prepare,5,60,1025833,17.097216666666668,deliverables/prepaper_evidence_closeout_v1/timing/batches.jsonl,656
P0 / V_APP,model_input_prepare,6,60,1027334,17.122233333333334,deliverables/prepaper_evidence_closeout_v1/timing/batches.jsonl,657
P0 / V_APP,model_input_prepare,7,60,1025583,17.093049999999998,deliverables/prepaper_evidence_closeout_v1/timing/batches.jsonl,658
P0 / V_APP,model_input_prepare,8,60,1033833,17.23055,deliverables/prepaper_evidence_closeout_v1/timing/batches.jsonl,659
P0 / V_APP,model_input_prepare,9,60,1029458,17.157633333333337,deliverables/prepaper_evidence_closeout_v1/timing/batches.jsonl,660
P0 / V_APP,prepared_inference,0,60,133042,2.217366666666667,deliverables/prepaper_evidence_closeout_v1/timing/batches.jsonl,661
P0 / V_APP,prepared_inference,1,60,127583,2.126383333333333,deliverables/prepaper_evidence_closeout_v1/timing/batches.jsonl,662
P0 / V_APP,prepared_inference,2,60,125875,2.0979166666666664,deliverables/prepaper_evidence_closeout_v1/timing/batches.jsonl,663
P0 / V_APP,prepared_inference,3,60,176792,2.9465333333333334,deliverables/prepaper_evidence_closeout_v1/timing/batches.jsonl,664
P0 / V_APP,prepared_inference,4,60,159125,2.6520833333333336,deliverables/prepaper_evidence_closeout_v1/timing/batches.jsonl,665
P0 / V_APP,prepared_inference,5,60,133083,2.2180500000000003,deliverables/prepaper_evidence_closeout_v1/timing/batches.jsonl,666
P0 / V_APP,prepared_inference,6,60,131959,2.199316666666667,deliverables/prepaper_evidence_closeout_v1/timing/batches.jsonl,667
P0 / V_APP,prepared_inference,7,60,130250,2.1708333333333334,deliverables/prepaper_evidence_closeout_v1/timing/batches.jsonl,668
P0 / V_APP,prepared_inference,8,60,127750,2.1291666666666664,deliverables/prepaper_evidence_closeout_v1/timing/batches.jsonl,669
P0 / V_APP,prepared_inference,9,60,126667,2.1111166666666668,deliverables/prepaper_evidence_closeout_v1/timing/batches.jsonl,670
P0 / V_APP,original_current_interface,0,60,788458,13.140966666666667,deliverables/prepaper_evidence_closeout_v1/timing/batches.jsonl,671
P0 / V_APP,original_current_interface,1,60,776792,12.946533333333333,deliverables/prepaper_evidence_closeout_v1/timing/batches.jsonl,672
P0 / V_APP,original_current_interface,2,60,774250,12.904166666666667,deliverables/prepaper_evidence_closeout_v1/timing/batches.jsonl,673
P0 / V_APP,original_current_interface,3,60,785750,13.095833333333333,deliverables/prepaper_evidence_closeout_v1/timing/batches.jsonl,674
P0 / V_APP,original_current_interface,4,60,773250,12.8875,deliverables/prepaper_evidence_closeout_v1/timing/batches.jsonl,675
P0 / V_APP,original_current_interface,5,60,775750,12.929166666666665,deliverables/prepaper_evidence_closeout_v1/timing/batches.jsonl,676
P0 / V_APP,original_current_interface,6,60,791083,13.184716666666667,deliverables/prepaper_evidence_closeout_v1/timing/batches.jsonl,677
P0 / V_APP,original_current_interface,7,60,779042,12.984033333333333,deliverables/prepaper_evidence_closeout_v1/timing/batches.jsonl,678
P0 / V_APP,original_current_interface,8,60,790708,13.178466666666667,deliverables/prepaper_evidence_closeout_v1/timing/batches.jsonl,679
P0 / V_APP,original_current_interface,9,60,772958,12.882633333333333,deliverables/prepaper_evidence_closeout_v1/timing/batches.jsonl,680
P0 / V_APP,cached_from_adapted,0,60,1181166,19.6861,deliverables/prepaper_evidence_closeout_v1/timing/batches.jsonl,681
P0 / V_APP,cached_from_adapted,1,60,1189750,19.82916666666667,deliverables/prepaper_evidence_closeout_v1/timing/batches.jsonl,682
P0 / V_APP,cached_from_adapted,2,60,1355125,22.585416666666667,deliverables/prepaper_evidence_closeout_v1/timing/batches.jsonl,683
P0 / V_APP,cached_from_adapted,3,60,1263084,21.0514,deliverables/prepaper_evidence_closeout_v1/timing/batches.jsonl,684
P0 / V_APP,cached_from_adapted,4,60,1194209,19.903483333333334,deliverables/prepaper_evidence_closeout_v1/timing/batches.jsonl,685
P0 / V_APP,cached_from_adapted,5,60,1170459,19.50765,deliverables/prepaper_evidence_closeout_v1/timing/batches.jsonl,686
P0 / V_APP,cached_from_adapted,6,60,1163584,19.393066666666666,deliverables/prepaper_evidence_closeout_v1/timing/batches.jsonl,687
P0 / V_APP,cached_from_adapted,7,60,1174792,19.579866666666664,deliverables/prepaper_evidence_closeout_v1/timing/batches.jsonl,688
P0 / V_APP,cached_from_adapted,8,60,1167792,19.4632,deliverables/prepaper_evidence_closeout_v1/timing/batches.jsonl,689
P0 / V_APP,cached_from_adapted,9,60,1181375,19.68958333333333,deliverables/prepaper_evidence_closeout_v1/timing/batches.jsonl,690
P0 / V_APP,loaded_raw_to_original,0,60,453215417,7553.590283333333,deliverables/prepaper_evidence_closeout_v1/timing/batches.jsonl,691
P0 / V_APP,loaded_raw_to_original,1,60,472470750,7874.5125,deliverables/prepaper_evidence_closeout_v1/timing/batches.jsonl,692
P0 / V_APP,loaded_raw_to_original,2,60,455734708,7595.578466666667,deliverables/prepaper_evidence_closeout_v1/timing/batches.jsonl,693
P0 / V_APP,loaded_raw_to_original,3,60,457225666,7620.427766666667,deliverables/prepaper_evidence_closeout_v1/timing/batches.jsonl,694
P0 / V_APP,loaded_raw_to_original,4,60,454732459,7578.874316666666,deliverables/prepaper_evidence_closeout_v1/timing/batches.jsonl,695
P0 / V_APP,loaded_raw_to_original,5,60,454298625,7571.64375,deliverables/prepaper_evidence_closeout_v1/timing/batches.jsonl,696
P0 / V_APP,loaded_raw_to_original,6,60,456023167,7600.386116666667,deliverables/prepaper_evidence_closeout_v1/timing/batches.jsonl,697
P0 / V_APP,loaded_raw_to_original,7,60,456189125,7603.152083333333,deliverables/prepaper_evidence_closeout_v1/timing/batches.jsonl,698
P0 / V_APP,loaded_raw_to_original,8,60,455127208,7585.453466666667,deliverables/prepaper_evidence_closeout_v1/timing/batches.jsonl,699
P0 / V_APP,loaded_raw_to_original,9,60,455123333,7585.388883333334,deliverables/prepaper_evidence_closeout_v1/timing/batches.jsonl,700
P0 / V_APP,loaded_raw_to_cached,0,60,453516208,7558.6034666666665,deliverables/prepaper_evidence_closeout_v1/timing/batches.jsonl,701
P0 / V_APP,loaded_raw_to_cached,1,60,500150042,8335.834033333333,deliverables/prepaper_evidence_closeout_v1/timing/batches.jsonl,702
P0 / V_APP,loaded_raw_to_cached,2,60,457097916,7618.2986,deliverables/prepaper_evidence_closeout_v1/timing/batches.jsonl,703
P0 / V_APP,loaded_raw_to_cached,3,60,457360917,7622.68195,deliverables/prepaper_evidence_closeout_v1/timing/batches.jsonl,704
P0 / V_APP,loaded_raw_to_cached,4,60,455258375,7587.639583333333,deliverables/prepaper_evidence_closeout_v1/timing/batches.jsonl,705
P0 / V_APP,loaded_raw_to_cached,5,60,457002292,7616.704866666666,deliverables/prepaper_evidence_closeout_v1/timing/batches.jsonl,706
P0 / V_APP,loaded_raw_to_cached,6,60,456061792,7601.029866666666,deliverables/prepaper_evidence_closeout_v1/timing/batches.jsonl,707
P0 / V_APP,loaded_raw_to_cached,7,60,453887084,7564.784733333333,deliverables/prepaper_evidence_closeout_v1/timing/batches.jsonl,708
P0 / V_APP,loaded_raw_to_cached,8,60,455218625,7586.977083333333,deliverables/prepaper_evidence_closeout_v1/timing/batches.jsonl,709
P0 / V_APP,loaded_raw_to_cached,9,60,467083542,7784.7257,deliverables/prepaper_evidence_closeout_v1/timing/batches.jsonl,710
P0 / V_BROWSER,load_parse_validate,0,1,460375,460.375,deliverables/prepaper_evidence_closeout_v1/timing/batches.jsonl,711
P0 / V_BROWSER,load_parse_validate,1,1,425875,425.875,deliverables/prepaper_evidence_closeout_v1/timing/batches.jsonl,712
P0 / V_BROWSER,load_parse_validate,2,1,421333,421.333,deliverables/prepaper_evidence_closeout_v1/timing/batches.jsonl,713
P0 / V_BROWSER,load_parse_validate,3,1,416584,416.584,deliverables/prepaper_evidence_closeout_v1/timing/batches.jsonl,714
P0 / V_BROWSER,load_parse_validate,4,1,416167,416.167,deliverables/prepaper_evidence_closeout_v1/timing/batches.jsonl,715
P0 / V_BROWSER,load_parse_validate,5,1,415333,415.333,deliverables/prepaper_evidence_closeout_v1/timing/batches.jsonl,716
P0 / V_BROWSER,load_parse_validate,6,1,415292,415.292,deliverables/prepaper_evidence_closeout_v1/timing/batches.jsonl,717
P0 / V_BROWSER,load_parse_validate,7,1,414917,414.917,deliverables/prepaper_evidence_closeout_v1/timing/batches.jsonl,718
P0 / V_BROWSER,load_parse_validate,8,1,412500,412.5,deliverables/prepaper_evidence_closeout_v1/timing/batches.jsonl,719
P0 / V_BROWSER,load_parse_validate,9,1,413208,413.208,deliverables/prepaper_evidence_closeout_v1/timing/batches.jsonl,720
P0 / V_BROWSER,model_input_prepare,0,60,958625,15.977083333333335,deliverables/prepaper_evidence_closeout_v1/timing/batches.jsonl,721
P0 / V_BROWSER,model_input_prepare,1,60,741542,12.359033333333333,deliverables/prepaper_evidence_closeout_v1/timing/batches.jsonl,722
P0 / V_BROWSER,model_input_prepare,2,60,721917,12.03195,deliverables/prepaper_evidence_closeout_v1/timing/batches.jsonl,723
P0 / V_BROWSER,model_input_prepare,3,60,726709,12.111816666666668,deliverables/prepaper_evidence_closeout_v1/timing/batches.jsonl,724
P0 / V_BROWSER,model_input_prepare,4,60,721750,12.029166666666667,deliverables/prepaper_evidence_closeout_v1/timing/batches.jsonl,725
P0 / V_BROWSER,model_input_prepare,5,60,719084,11.984733333333333,deliverables/prepaper_evidence_closeout_v1/timing/batches.jsonl,726
P0 / V_BROWSER,model_input_prepare,6,60,737000,12.283333333333333,deliverables/prepaper_evidence_closeout_v1/timing/batches.jsonl,727
P0 / V_BROWSER,model_input_prepare,7,60,716416,11.940266666666666,deliverables/prepaper_evidence_closeout_v1/timing/batches.jsonl,728
P0 / V_BROWSER,model_input_prepare,8,60,718292,11.971533333333333,deliverables/prepaper_evidence_closeout_v1/timing/batches.jsonl,729
P0 / V_BROWSER,model_input_prepare,9,60,718875,11.98125,deliverables/prepaper_evidence_closeout_v1/timing/batches.jsonl,730
P0 / V_BROWSER,prepared_inference,0,60,134750,2.2458333333333336,deliverables/prepaper_evidence_closeout_v1/timing/batches.jsonl,731
P0 / V_BROWSER,prepared_inference,1,60,130875,2.18125,deliverables/prepaper_evidence_closeout_v1/timing/batches.jsonl,732
P0 / V_BROWSER,prepared_inference,2,60,130375,2.1729166666666666,deliverables/prepaper_evidence_closeout_v1/timing/batches.jsonl,733
P0 / V_BROWSER,prepared_inference,3,60,130042,2.1673666666666667,deliverables/prepaper_evidence_closeout_v1/timing/batches.jsonl,734
P0 / V_BROWSER,prepared_inference,4,60,129125,2.1520833333333336,deliverables/prepaper_evidence_closeout_v1/timing/batches.jsonl,735
P0 / V_BROWSER,prepared_inference,5,60,130459,2.1743166666666665,deliverables/prepaper_evidence_closeout_v1/timing/batches.jsonl,736
P0 / V_BROWSER,prepared_inference,6,60,130125,2.16875,deliverables/prepaper_evidence_closeout_v1/timing/batches.jsonl,737
P0 / V_BROWSER,prepared_inference,7,60,130375,2.1729166666666666,deliverables/prepaper_evidence_closeout_v1/timing/batches.jsonl,738
P0 / V_BROWSER,prepared_inference,8,60,129833,2.163883333333333,deliverables/prepaper_evidence_closeout_v1/timing/batches.jsonl,739
P0 / V_BROWSER,prepared_inference,9,60,130875,2.18125,deliverables/prepaper_evidence_closeout_v1/timing/batches.jsonl,740
P0 / V_BROWSER,original_current_interface,0,60,615042,10.2507,deliverables/prepaper_evidence_closeout_v1/timing/batches.jsonl,741
P0 / V_BROWSER,original_current_interface,1,60,616000,10.266666666666666,deliverables/prepaper_evidence_closeout_v1/timing/batches.jsonl,742
P0 / V_BROWSER,original_current_interface,2,60,696000,11.6,deliverables/prepaper_evidence_closeout_v1/timing/batches.jsonl,743
P0 / V_BROWSER,original_current_interface,3,60,635125,10.585416666666665,deliverables/prepaper_evidence_closeout_v1/timing/batches.jsonl,744
P0 / V_BROWSER,original_current_interface,4,60,650875,10.847916666666666,deliverables/prepaper_evidence_closeout_v1/timing/batches.jsonl,745
P0 / V_BROWSER,original_current_interface,5,60,794458,13.240966666666667,deliverables/prepaper_evidence_closeout_v1/timing/batches.jsonl,746
P0 / V_BROWSER,original_current_interface,6,60,627000,10.45,deliverables/prepaper_evidence_closeout_v1/timing/batches.jsonl,747
P0 / V_BROWSER,original_current_interface,7,60,619083,10.31805,deliverables/prepaper_evidence_closeout_v1/timing/batches.jsonl,748
P0 / V_BROWSER,original_current_interface,8,60,611750,10.195833333333335,deliverables/prepaper_evidence_closeout_v1/timing/batches.jsonl,749
P0 / V_BROWSER,original_current_interface,9,60,611542,10.192366666666667,deliverables/prepaper_evidence_closeout_v1/timing/batches.jsonl,750
P0 / V_BROWSER,cached_from_adapted,0,60,877333,14.622216666666667,deliverables/prepaper_evidence_closeout_v1/timing/batches.jsonl,751
P0 / V_BROWSER,cached_from_adapted,1,60,874917,14.58195,deliverables/prepaper_evidence_closeout_v1/timing/batches.jsonl,752
P0 / V_BROWSER,cached_from_adapted,2,60,874375,14.572916666666666,deliverables/prepaper_evidence_closeout_v1/timing/batches.jsonl,753
P0 / V_BROWSER,cached_from_adapted,3,60,871583,14.526383333333333,deliverables/prepaper_evidence_closeout_v1/timing/batches.jsonl,754
P0 / V_BROWSER,cached_from_adapted,4,60,883833,14.73055,deliverables/prepaper_evidence_closeout_v1/timing/batches.jsonl,755
P0 / V_BROWSER,cached_from_adapted,5,60,868916,14.481933333333332,deliverables/prepaper_evidence_closeout_v1/timing/batches.jsonl,756
P0 / V_BROWSER,cached_from_adapted,6,60,872250,14.5375,deliverables/prepaper_evidence_closeout_v1/timing/batches.jsonl,757
P0 / V_BROWSER,cached_from_adapted,7,60,870042,14.5007,deliverables/prepaper_evidence_closeout_v1/timing/batches.jsonl,758
P0 / V_BROWSER,cached_from_adapted,8,60,871542,14.5257,deliverables/prepaper_evidence_closeout_v1/timing/batches.jsonl,759
P0 / V_BROWSER,cached_from_adapted,9,60,870250,14.504166666666666,deliverables/prepaper_evidence_closeout_v1/timing/batches.jsonl,760
P0 / V_BROWSER,loaded_raw_to_original,0,60,462107000,7701.783333333333,deliverables/prepaper_evidence_closeout_v1/timing/batches.jsonl,761
P0 / V_BROWSER,loaded_raw_to_original,1,60,534394291,8906.571516666667,deliverables/prepaper_evidence_closeout_v1/timing/batches.jsonl,762
P0 / V_BROWSER,loaded_raw_to_original,2,60,458917625,7648.627083333333,deliverables/prepaper_evidence_closeout_v1/timing/batches.jsonl,763
P0 / V_BROWSER,loaded_raw_to_original,3,60,456176042,7602.934033333333,deliverables/prepaper_evidence_closeout_v1/timing/batches.jsonl,764
P0 / V_BROWSER,loaded_raw_to_original,4,60,453048917,7550.815283333333,deliverables/prepaper_evidence_closeout_v1/timing/batches.jsonl,765
P0 / V_BROWSER,loaded_raw_to_original,5,60,455748250,7595.804166666667,deliverables/prepaper_evidence_closeout_v1/timing/batches.jsonl,766
P0 / V_BROWSER,loaded_raw_to_original,6,60,456008334,7600.1389,deliverables/prepaper_evidence_closeout_v1/timing/batches.jsonl,767
P0 / V_BROWSER,loaded_raw_to_original,7,60,455940208,7599.003466666667,deliverables/prepaper_evidence_closeout_v1/timing/batches.jsonl,768
P0 / V_BROWSER,loaded_raw_to_original,8,60,455309500,7588.491666666667,deliverables/prepaper_evidence_closeout_v1/timing/batches.jsonl,769
P0 / V_BROWSER,loaded_raw_to_original,9,60,454319750,7571.995833333333,deliverables/prepaper_evidence_closeout_v1/timing/batches.jsonl,770
P0 / V_BROWSER,loaded_raw_to_cached,0,60,454901000,7581.683333333333,deliverables/prepaper_evidence_closeout_v1/timing/batches.jsonl,771
P0 / V_BROWSER,loaded_raw_to_cached,1,60,473446167,7890.76945,deliverables/prepaper_evidence_closeout_v1/timing/batches.jsonl,772
P0 / V_BROWSER,loaded_raw_to_cached,2,60,455207250,7586.7875,deliverables/prepaper_evidence_closeout_v1/timing/batches.jsonl,773
P0 / V_BROWSER,loaded_raw_to_cached,3,60,454123334,7568.722233333333,deliverables/prepaper_evidence_closeout_v1/timing/batches.jsonl,774
P0 / V_BROWSER,loaded_raw_to_cached,4,60,455757917,7595.965283333333,deliverables/prepaper_evidence_closeout_v1/timing/batches.jsonl,775
P0 / V_BROWSER,loaded_raw_to_cached,5,60,456388500,7606.475,deliverables/prepaper_evidence_closeout_v1/timing/batches.jsonl,776
P0 / V_BROWSER,loaded_raw_to_cached,6,60,455803541,7596.725683333334,deliverables/prepaper_evidence_closeout_v1/timing/batches.jsonl,777
P0 / V_BROWSER,loaded_raw_to_cached,7,60,454818125,7580.302083333333,deliverables/prepaper_evidence_closeout_v1/timing/batches.jsonl,778
P0 / V_BROWSER,loaded_raw_to_cached,8,60,456165833,7602.763883333334,deliverables/prepaper_evidence_closeout_v1/timing/batches.jsonl,779
P0 / V_BROWSER,loaded_raw_to_cached,9,60,454122583,7568.709716666667,deliverables/prepaper_evidence_closeout_v1/timing/batches.jsonl,780
P0 / V_BOTH,load_parse_validate,0,1,515625,515.625,deliverables/prepaper_evidence_closeout_v1/timing/batches.jsonl,781
P0 / V_BOTH,load_parse_validate,1,1,434125,434.125,deliverables/prepaper_evidence_closeout_v1/timing/batches.jsonl,782
P0 / V_BOTH,load_parse_validate,2,1,423167,423.167,deliverables/prepaper_evidence_closeout_v1/timing/batches.jsonl,783
P0 / V_BOTH,load_parse_validate,3,1,419209,419.209,deliverables/prepaper_evidence_closeout_v1/timing/batches.jsonl,784
P0 / V_BOTH,load_parse_validate,4,1,415041,415.041,deliverables/prepaper_evidence_closeout_v1/timing/batches.jsonl,785
P0 / V_BOTH,load_parse_validate,5,1,419166,419.166,deliverables/prepaper_evidence_closeout_v1/timing/batches.jsonl,786
P0 / V_BOTH,load_parse_validate,6,1,418250,418.25,deliverables/prepaper_evidence_closeout_v1/timing/batches.jsonl,787
P0 / V_BOTH,load_parse_validate,7,1,413667,413.667,deliverables/prepaper_evidence_closeout_v1/timing/batches.jsonl,788
P0 / V_BOTH,load_parse_validate,8,1,421541,421.541,deliverables/prepaper_evidence_closeout_v1/timing/batches.jsonl,789
P0 / V_BOTH,load_parse_validate,9,1,412042,412.042,deliverables/prepaper_evidence_closeout_v1/timing/batches.jsonl,790
P0 / V_BOTH,model_input_prepare,0,60,1530834,25.513900000000003,deliverables/prepaper_evidence_closeout_v1/timing/batches.jsonl,791
P0 / V_BOTH,model_input_prepare,1,60,1595875,26.597916666666666,deliverables/prepaper_evidence_closeout_v1/timing/batches.jsonl,792
P0 / V_BOTH,model_input_prepare,2,60,1520583,25.343049999999998,deliverables/prepaper_evidence_closeout_v1/timing/batches.jsonl,793
P0 / V_BOTH,model_input_prepare,3,60,1495084,24.918066666666665,deliverables/prepaper_evidence_closeout_v1/timing/batches.jsonl,794
P0 / V_BOTH,model_input_prepare,4,60,1493792,24.896533333333334,deliverables/prepaper_evidence_closeout_v1/timing/batches.jsonl,795
P0 / V_BOTH,model_input_prepare,5,60,1495416,24.923599999999997,deliverables/prepaper_evidence_closeout_v1/timing/batches.jsonl,796
P0 / V_BOTH,model_input_prepare,6,60,1496042,24.934033333333332,deliverables/prepaper_evidence_closeout_v1/timing/batches.jsonl,797
P0 / V_BOTH,model_input_prepare,7,60,1501625,25.027083333333334,deliverables/prepaper_evidence_closeout_v1/timing/batches.jsonl,798
P0 / V_BOTH,model_input_prepare,8,60,1493208,24.8868,deliverables/prepaper_evidence_closeout_v1/timing/batches.jsonl,799
P0 / V_BOTH,model_input_prepare,9,60,1491209,24.853483333333333,deliverables/prepaper_evidence_closeout_v1/timing/batches.jsonl,800
P0 / V_BOTH,prepared_inference,0,60,131333,2.188883333333333,deliverables/prepaper_evidence_closeout_v1/timing/batches.jsonl,801
P0 / V_BOTH,prepared_inference,1,60,130542,2.1757,deliverables/prepaper_evidence_closeout_v1/timing/batches.jsonl,802
P0 / V_BOTH,prepared_inference,2,60,130875,2.18125,deliverables/prepaper_evidence_closeout_v1/timing/batches.jsonl,803
P0 / V_BOTH,prepared_inference,3,60,130167,2.16945,deliverables/prepaper_evidence_closeout_v1/timing/batches.jsonl,804
P0 / V_BOTH,prepared_inference,4,60,129917,2.1652833333333334,deliverables/prepaper_evidence_closeout_v1/timing/batches.jsonl,805
P0 / V_BOTH,prepared_inference,5,60,131500,2.1916666666666664,deliverables/prepaper_evidence_closeout_v1/timing/batches.jsonl,806
P0 / V_BOTH,prepared_inference,6,60,130542,2.1757,deliverables/prepaper_evidence_closeout_v1/timing/batches.jsonl,807
P0 / V_BOTH,prepared_inference,7,60,132875,2.2145833333333336,deliverables/prepaper_evidence_closeout_v1/timing/batches.jsonl,808
P0 / V_BOTH,prepared_inference,8,60,138208,2.3034666666666666,deliverables/prepaper_evidence_closeout_v1/timing/batches.jsonl,809
P0 / V_BOTH,prepared_inference,9,60,164042,2.734033333333333,deliverables/prepaper_evidence_closeout_v1/timing/batches.jsonl,810
P0 / V_BOTH,original_current_interface,0,60,1052625,17.54375,deliverables/prepaper_evidence_closeout_v1/timing/batches.jsonl,811
P0 / V_BOTH,original_current_interface,1,60,1046667,17.44445,deliverables/prepaper_evidence_closeout_v1/timing/batches.jsonl,812
P0 / V_BOTH,original_current_interface,2,60,1044417,17.406950000000002,deliverables/prepaper_evidence_closeout_v1/timing/batches.jsonl,813
P0 / V_BOTH,original_current_interface,3,60,1041834,17.3639,deliverables/prepaper_evidence_closeout_v1/timing/batches.jsonl,814
P0 / V_BOTH,original_current_interface,4,60,1042833,17.38055,deliverables/prepaper_evidence_closeout_v1/timing/batches.jsonl,815
P0 / V_BOTH,original_current_interface,5,60,1055250,17.5875,deliverables/prepaper_evidence_closeout_v1/timing/batches.jsonl,816
P0 / V_BOTH,original_current_interface,6,60,1078417,17.973616666666665,deliverables/prepaper_evidence_closeout_v1/timing/batches.jsonl,817
P0 / V_BOTH,original_current_interface,7,60,1041000,17.35,deliverables/prepaper_evidence_closeout_v1/timing/batches.jsonl,818
P0 / V_BOTH,original_current_interface,8,60,1041166,17.352766666666668,deliverables/prepaper_evidence_closeout_v1/timing/batches.jsonl,819
P0 / V_BOTH,original_current_interface,9,60,1043375,17.38958333333333,deliverables/prepaper_evidence_closeout_v1/timing/batches.jsonl,820
P0 / V_BOTH,cached_from_adapted,0,60,1926125,32.10208333333333,deliverables/prepaper_evidence_closeout_v1/timing/batches.jsonl,821
P0 / V_BOTH,cached_from_adapted,1,60,1693958,28.232633333333336,deliverables/prepaper_evidence_closeout_v1/timing/batches.jsonl,822
P0 / V_BOTH,cached_from_adapted,2,60,1653542,27.559033333333332,deliverables/prepaper_evidence_closeout_v1/timing/batches.jsonl,823
P0 / V_BOTH,cached_from_adapted,3,60,1646084,27.434733333333334,deliverables/prepaper_evidence_closeout_v1/timing/batches.jsonl,824
P0 / V_BOTH,cached_from_adapted,4,60,1643375,27.38958333333333,deliverables/prepaper_evidence_closeout_v1/timing/batches.jsonl,825
P0 / V_BOTH,cached_from_adapted,5,60,1651125,27.51875,deliverables/prepaper_evidence_closeout_v1/timing/batches.jsonl,826
P0 / V_BOTH,cached_from_adapted,6,60,1642958,27.382633333333334,deliverables/prepaper_evidence_closeout_v1/timing/batches.jsonl,827
P0 / V_BOTH,cached_from_adapted,7,60,1653625,27.56041666666667,deliverables/prepaper_evidence_closeout_v1/timing/batches.jsonl,828
P0 / V_BOTH,cached_from_adapted,8,60,1642458,27.374299999999998,deliverables/prepaper_evidence_closeout_v1/timing/batches.jsonl,829
P0 / V_BOTH,cached_from_adapted,9,60,1771875,29.53125,deliverables/prepaper_evidence_closeout_v1/timing/batches.jsonl,830
P0 / V_BOTH,loaded_raw_to_original,0,60,453006250,7550.104166666667,deliverables/prepaper_evidence_closeout_v1/timing/batches.jsonl,831
P0 / V_BOTH,loaded_raw_to_original,1,60,472500583,7875.0097166666665,deliverables/prepaper_evidence_closeout_v1/timing/batches.jsonl,832
P0 / V_BOTH,loaded_raw_to_original,2,60,456827583,7613.79305,deliverables/prepaper_evidence_closeout_v1/timing/batches.jsonl,833
P0 / V_BOTH,loaded_raw_to_original,3,60,455877417,7597.95695,deliverables/prepaper_evidence_closeout_v1/timing/batches.jsonl,834
P0 / V_BOTH,loaded_raw_to_original,4,60,455346541,7589.109016666666,deliverables/prepaper_evidence_closeout_v1/timing/batches.jsonl,835
P0 / V_BOTH,loaded_raw_to_original,5,60,453958208,7565.970133333334,deliverables/prepaper_evidence_closeout_v1/timing/batches.jsonl,836
P0 / V_BOTH,loaded_raw_to_original,6,60,456920917,7615.348616666666,deliverables/prepaper_evidence_closeout_v1/timing/batches.jsonl,837
P0 / V_BOTH,loaded_raw_to_original,7,60,455059250,7584.320833333333,deliverables/prepaper_evidence_closeout_v1/timing/batches.jsonl,838
P0 / V_BOTH,loaded_raw_to_original,8,60,455752250,7595.870833333333,deliverables/prepaper_evidence_closeout_v1/timing/batches.jsonl,839
P0 / V_BOTH,loaded_raw_to_original,9,60,456806542,7613.442366666666,deliverables/prepaper_evidence_closeout_v1/timing/batches.jsonl,840
P0 / V_BOTH,loaded_raw_to_cached,0,60,456645709,7610.761816666666,deliverables/prepaper_evidence_closeout_v1/timing/batches.jsonl,841
P0 / V_BOTH,loaded_raw_to_cached,1,60,479409791,7990.163183333334,deliverables/prepaper_evidence_closeout_v1/timing/batches.jsonl,842
P0 / V_BOTH,loaded_raw_to_cached,2,60,456350792,7605.846533333333,deliverables/prepaper_evidence_closeout_v1/timing/batches.jsonl,843
P0 / V_BOTH,loaded_raw_to_cached,3,60,453346041,7555.76735,deliverables/prepaper_evidence_closeout_v1/timing/batches.jsonl,844
P0 / V_BOTH,loaded_raw_to_cached,4,60,454182042,7569.7007,deliverables/prepaper_evidence_closeout_v1/timing/batches.jsonl,845
P0 / V_BOTH,loaded_raw_to_cached,5,60,455736792,7595.6132,deliverables/prepaper_evidence_closeout_v1/timing/batches.jsonl,846
P0 / V_BOTH,loaded_raw_to_cached,6,60,454272000,7571.2,deliverables/prepaper_evidence_closeout_v1/timing/batches.jsonl,847
P0 / V_BOTH,loaded_raw_to_cached,7,60,454026625,7567.110416666667,deliverables/prepaper_evidence_closeout_v1/timing/batches.jsonl,848
P0 / V_BOTH,loaded_raw_to_cached,8,60,455529292,7592.154866666666,deliverables/prepaper_evidence_closeout_v1/timing/batches.jsonl,849
P0 / V_BOTH,loaded_raw_to_cached,9,60,459012583,7650.209716666667,deliverables/prepaper_evidence_closeout_v1/timing/batches.jsonl,850
P0 / V_BOTH_REL,load_parse_validate,0,1,486500,486.5,deliverables/prepaper_evidence_closeout_v1/timing/batches.jsonl,851
P0 / V_BOTH_REL,load_parse_validate,1,1,430291,430.291,deliverables/prepaper_evidence_closeout_v1/timing/batches.jsonl,852
P0 / V_BOTH_REL,load_parse_validate,2,1,423250,423.25,deliverables/prepaper_evidence_closeout_v1/timing/batches.jsonl,853
P0 / V_BOTH_REL,load_parse_validate,3,1,415667,415.667,deliverables/prepaper_evidence_closeout_v1/timing/batches.jsonl,854
P0 / V_BOTH_REL,load_parse_validate,4,1,417917,417.917,deliverables/prepaper_evidence_closeout_v1/timing/batches.jsonl,855
P0 / V_BOTH_REL,load_parse_validate,5,1,417875,417.875,deliverables/prepaper_evidence_closeout_v1/timing/batches.jsonl,856
P0 / V_BOTH_REL,load_parse_validate,6,1,415583,415.583,deliverables/prepaper_evidence_closeout_v1/timing/batches.jsonl,857
P0 / V_BOTH_REL,load_parse_validate,7,1,412292,412.292,deliverables/prepaper_evidence_closeout_v1/timing/batches.jsonl,858
P0 / V_BOTH_REL,load_parse_validate,8,1,416250,416.25,deliverables/prepaper_evidence_closeout_v1/timing/batches.jsonl,859
P0 / V_BOTH_REL,load_parse_validate,9,1,415792,415.792,deliverables/prepaper_evidence_closeout_v1/timing/batches.jsonl,860
P0 / V_BOTH_REL,model_input_prepare,0,60,2019000,33.65,deliverables/prepaper_evidence_closeout_v1/timing/batches.jsonl,861
P0 / V_BOTH_REL,model_input_prepare,1,60,2016833,33.613883333333334,deliverables/prepaper_evidence_closeout_v1/timing/batches.jsonl,862
P0 / V_BOTH_REL,model_input_prepare,2,60,2231792,37.196533333333335,deliverables/prepaper_evidence_closeout_v1/timing/batches.jsonl,863
P0 / V_BOTH_REL,model_input_prepare,3,60,2042959,34.04931666666666,deliverables/prepaper_evidence_closeout_v1/timing/batches.jsonl,864
P0 / V_BOTH_REL,model_input_prepare,4,60,2002875,33.38125,deliverables/prepaper_evidence_closeout_v1/timing/batches.jsonl,865
P0 / V_BOTH_REL,model_input_prepare,5,60,1990291,33.17151666666667,deliverables/prepaper_evidence_closeout_v1/timing/batches.jsonl,866
P0 / V_BOTH_REL,model_input_prepare,6,60,2005333,33.422216666666664,deliverables/prepaper_evidence_closeout_v1/timing/batches.jsonl,867
P0 / V_BOTH_REL,model_input_prepare,7,60,1990208,33.17013333333333,deliverables/prepaper_evidence_closeout_v1/timing/batches.jsonl,868
P0 / V_BOTH_REL,model_input_prepare,8,60,1990375,33.172916666666666,deliverables/prepaper_evidence_closeout_v1/timing/batches.jsonl,869
P0 / V_BOTH_REL,model_input_prepare,9,60,1983125,33.052083333333336,deliverables/prepaper_evidence_closeout_v1/timing/batches.jsonl,870
P0 / V_BOTH_REL,prepared_inference,0,60,132625,2.2104166666666667,deliverables/prepaper_evidence_closeout_v1/timing/batches.jsonl,871
P0 / V_BOTH_REL,prepared_inference,1,60,130291,2.1715166666666668,deliverables/prepaper_evidence_closeout_v1/timing/batches.jsonl,872
P0 / V_BOTH_REL,prepared_inference,2,60,129125,2.1520833333333336,deliverables/prepaper_evidence_closeout_v1/timing/batches.jsonl,873
P0 / V_BOTH_REL,prepared_inference,3,60,129958,2.165966666666667,deliverables/prepaper_evidence_closeout_v1/timing/batches.jsonl,874
P0 / V_BOTH_REL,prepared_inference,4,60,129167,2.1527833333333333,deliverables/prepaper_evidence_closeout_v1/timing/batches.jsonl,875
P0 / V_BOTH_REL,prepared_inference,5,60,130084,2.168066666666667,deliverables/prepaper_evidence_closeout_v1/timing/batches.jsonl,876
P0 / V_BOTH_REL,prepared_inference,6,60,130333,2.172216666666667,deliverables/prepaper_evidence_closeout_v1/timing/batches.jsonl,877
P0 / V_BOTH_REL,prepared_inference,7,60,135291,2.25485,deliverables/prepaper_evidence_closeout_v1/timing/batches.jsonl,878
P0 / V_BOTH_REL,prepared_inference,8,60,129166,2.152766666666667,deliverables/prepaper_evidence_closeout_v1/timing/batches.jsonl,879
P0 / V_BOTH_REL,prepared_inference,9,60,129458,2.157633333333333,deliverables/prepaper_evidence_closeout_v1/timing/batches.jsonl,880
P0 / V_BOTH_REL,original_current_interface,0,60,1175458,19.590966666666667,deliverables/prepaper_evidence_closeout_v1/timing/batches.jsonl,881
P0 / V_BOTH_REL,original_current_interface,1,60,1172542,19.542366666666666,deliverables/prepaper_evidence_closeout_v1/timing/batches.jsonl,882
P0 / V_BOTH_REL,original_current_interface,2,60,1182292,19.704866666666664,deliverables/prepaper_evidence_closeout_v1/timing/batches.jsonl,883
P0 / V_BOTH_REL,original_current_interface,3,60,1176208,19.603466666666666,deliverables/prepaper_evidence_closeout_v1/timing/batches.jsonl,884
P0 / V_BOTH_REL,original_current_interface,4,60,1174542,19.5757,deliverables/prepaper_evidence_closeout_v1/timing/batches.jsonl,885
P0 / V_BOTH_REL,original_current_interface,5,60,1175458,19.590966666666667,deliverables/prepaper_evidence_closeout_v1/timing/batches.jsonl,886
P0 / V_BOTH_REL,original_current_interface,6,60,1169250,19.4875,deliverables/prepaper_evidence_closeout_v1/timing/batches.jsonl,887
P0 / V_BOTH_REL,original_current_interface,7,60,1171458,19.5243,deliverables/prepaper_evidence_closeout_v1/timing/batches.jsonl,888
P0 / V_BOTH_REL,original_current_interface,8,60,1213042,20.217366666666663,deliverables/prepaper_evidence_closeout_v1/timing/batches.jsonl,889
P0 / V_BOTH_REL,original_current_interface,9,60,1230875,20.51458333333333,deliverables/prepaper_evidence_closeout_v1/timing/batches.jsonl,890
P0 / V_BOTH_REL,cached_from_adapted,0,60,2168041,36.13401666666667,deliverables/prepaper_evidence_closeout_v1/timing/batches.jsonl,891
P0 / V_BOTH_REL,cached_from_adapted,1,60,2157834,35.9639,deliverables/prepaper_evidence_closeout_v1/timing/batches.jsonl,892
P0 / V_BOTH_REL,cached_from_adapted,2,60,2162584,36.04306666666667,deliverables/prepaper_evidence_closeout_v1/timing/batches.jsonl,893
P0 / V_BOTH_REL,cached_from_adapted,3,60,2177167,36.28611666666667,deliverables/prepaper_evidence_closeout_v1/timing/batches.jsonl,894
P0 / V_BOTH_REL,cached_from_adapted,4,60,2165208,36.086800000000004,deliverables/prepaper_evidence_closeout_v1/timing/batches.jsonl,895
P0 / V_BOTH_REL,cached_from_adapted,5,60,2274292,37.90486666666667,deliverables/prepaper_evidence_closeout_v1/timing/batches.jsonl,896
P0 / V_BOTH_REL,cached_from_adapted,6,60,2155833,35.930550000000004,deliverables/prepaper_evidence_closeout_v1/timing/batches.jsonl,897
P0 / V_BOTH_REL,cached_from_adapted,7,60,2153375,35.889583333333334,deliverables/prepaper_evidence_closeout_v1/timing/batches.jsonl,898
P0 / V_BOTH_REL,cached_from_adapted,8,60,2157542,35.95903333333333,deliverables/prepaper_evidence_closeout_v1/timing/batches.jsonl,899
P0 / V_BOTH_REL,cached_from_adapted,9,60,2154958,35.91596666666667,deliverables/prepaper_evidence_closeout_v1/timing/batches.jsonl,900
P0 / V_BOTH_REL,loaded_raw_to_original,0,60,456668250,7611.1375,deliverables/prepaper_evidence_closeout_v1/timing/batches.jsonl,901
P0 / V_BOTH_REL,loaded_raw_to_original,1,60,479300209,7988.336816666666,deliverables/prepaper_evidence_closeout_v1/timing/batches.jsonl,902
P0 / V_BOTH_REL,loaded_raw_to_original,2,60,457127834,7618.797233333334,deliverables/prepaper_evidence_closeout_v1/timing/batches.jsonl,903
P0 / V_BOTH_REL,loaded_raw_to_original,3,60,455249458,7587.490966666667,deliverables/prepaper_evidence_closeout_v1/timing/batches.jsonl,904
P0 / V_BOTH_REL,loaded_raw_to_original,4,60,455460250,7591.004166666667,deliverables/prepaper_evidence_closeout_v1/timing/batches.jsonl,905
P0 / V_BOTH_REL,loaded_raw_to_original,5,60,456730000,7612.166666666667,deliverables/prepaper_evidence_closeout_v1/timing/batches.jsonl,906
P0 / V_BOTH_REL,loaded_raw_to_original,6,60,456488459,7608.140983333334,deliverables/prepaper_evidence_closeout_v1/timing/batches.jsonl,907
P0 / V_BOTH_REL,loaded_raw_to_original,7,60,458426750,7640.445833333333,deliverables/prepaper_evidence_closeout_v1/timing/batches.jsonl,908
P0 / V_BOTH_REL,loaded_raw_to_original,8,60,456047084,7600.784733333333,deliverables/prepaper_evidence_closeout_v1/timing/batches.jsonl,909
P0 / V_BOTH_REL,loaded_raw_to_original,9,60,496209875,8270.164583333333,deliverables/prepaper_evidence_closeout_v1/timing/batches.jsonl,910
P0 / V_BOTH_REL,loaded_raw_to_cached,0,60,459022583,7650.376383333334,deliverables/prepaper_evidence_closeout_v1/timing/batches.jsonl,911
P0 / V_BOTH_REL,loaded_raw_to_cached,1,60,486488083,8108.1347166666665,deliverables/prepaper_evidence_closeout_v1/timing/batches.jsonl,912
P0 / V_BOTH_REL,loaded_raw_to_cached,2,60,481713542,8028.559033333333,deliverables/prepaper_evidence_closeout_v1/timing/batches.jsonl,913
P0 / V_BOTH_REL,loaded_raw_to_cached,3,60,457525292,7625.421533333333,deliverables/prepaper_evidence_closeout_v1/timing/batches.jsonl,914
P0 / V_BOTH_REL,loaded_raw_to_cached,4,60,458725500,7645.425,deliverables/prepaper_evidence_closeout_v1/timing/batches.jsonl,915
P0 / V_BOTH_REL,loaded_raw_to_cached,5,60,455642750,7594.045833333333,deliverables/prepaper_evidence_closeout_v1/timing/batches.jsonl,916
P0 / V_BOTH_REL,loaded_raw_to_cached,6,60,458665000,7644.416666666667,deliverables/prepaper_evidence_closeout_v1/timing/batches.jsonl,917
P0 / V_BOTH_REL,loaded_raw_to_cached,7,60,457568333,7626.138883333334,deliverables/prepaper_evidence_closeout_v1/timing/batches.jsonl,918
P0 / V_BOTH_REL,loaded_raw_to_cached,8,60,458978750,7649.645833333333,deliverables/prepaper_evidence_closeout_v1/timing/batches.jsonl,919
P0 / V_BOTH_REL,loaded_raw_to_cached,9,60,457564875,7626.08125,deliverables/prepaper_evidence_closeout_v1/timing/batches.jsonl,920
P1 / V_APP,load_parse_validate,0,1,548167,548.167,deliverables/prepaper_evidence_closeout_v1/timing/batches.jsonl,921
P1 / V_APP,load_parse_validate,1,1,547375,547.375,deliverables/prepaper_evidence_closeout_v1/timing/batches.jsonl,922
P1 / V_APP,load_parse_validate,2,1,457917,457.917,deliverables/prepaper_evidence_closeout_v1/timing/batches.jsonl,923
P1 / V_APP,load_parse_validate,3,1,418834,418.834,deliverables/prepaper_evidence_closeout_v1/timing/batches.jsonl,924
P1 / V_APP,load_parse_validate,4,1,470959,470.959,deliverables/prepaper_evidence_closeout_v1/timing/batches.jsonl,925
P1 / V_APP,load_parse_validate,5,1,416458,416.458,deliverables/prepaper_evidence_closeout_v1/timing/batches.jsonl,926
P1 / V_APP,load_parse_validate,6,1,406500,406.5,deliverables/prepaper_evidence_closeout_v1/timing/batches.jsonl,927
P1 / V_APP,load_parse_validate,7,1,414625,414.625,deliverables/prepaper_evidence_closeout_v1/timing/batches.jsonl,928
P1 / V_APP,load_parse_validate,8,1,417459,417.459,deliverables/prepaper_evidence_closeout_v1/timing/batches.jsonl,929
P1 / V_APP,load_parse_validate,9,1,412917,412.917,deliverables/prepaper_evidence_closeout_v1/timing/batches.jsonl,930
P1 / V_APP,model_input_prepare,0,60,1052959,17.549316666666666,deliverables/prepaper_evidence_closeout_v1/timing/batches.jsonl,931
P1 / V_APP,model_input_prepare,1,60,1026542,17.109033333333333,deliverables/prepaper_evidence_closeout_v1/timing/batches.jsonl,932
P1 / V_APP,model_input_prepare,2,60,1020208,17.003466666666668,deliverables/prepaper_evidence_closeout_v1/timing/batches.jsonl,933
P1 / V_APP,model_input_prepare,3,60,1020916,17.015266666666665,deliverables/prepaper_evidence_closeout_v1/timing/batches.jsonl,934
P1 / V_APP,model_input_prepare,4,60,1020042,17.000700000000002,deliverables/prepaper_evidence_closeout_v1/timing/batches.jsonl,935
P1 / V_APP,model_input_prepare,5,60,1025167,17.086116666666666,deliverables/prepaper_evidence_closeout_v1/timing/batches.jsonl,936
P1 / V_APP,model_input_prepare,6,60,1023625,17.06041666666667,deliverables/prepaper_evidence_closeout_v1/timing/batches.jsonl,937
P1 / V_APP,model_input_prepare,7,60,1037375,17.289583333333333,deliverables/prepaper_evidence_closeout_v1/timing/batches.jsonl,938
P1 / V_APP,model_input_prepare,8,60,1152750,19.2125,deliverables/prepaper_evidence_closeout_v1/timing/batches.jsonl,939
P1 / V_APP,model_input_prepare,9,60,1064917,17.748616666666663,deliverables/prepaper_evidence_closeout_v1/timing/batches.jsonl,940
P1 / V_APP,prepared_inference,0,60,135625,2.2604166666666665,deliverables/prepaper_evidence_closeout_v1/timing/batches.jsonl,941
P1 / V_APP,prepared_inference,1,60,131333,2.188883333333333,deliverables/prepaper_evidence_closeout_v1/timing/batches.jsonl,942
P1 / V_APP,prepared_inference,2,60,131375,2.1895833333333337,deliverables/prepaper_evidence_closeout_v1/timing/batches.jsonl,943
P1 / V_APP,prepared_inference,3,60,131583,2.1930500000000004,deliverables/prepaper_evidence_closeout_v1/timing/batches.jsonl,944
P1 / V_APP,prepared_inference,4,60,131792,2.1965333333333334,deliverables/prepaper_evidence_closeout_v1/timing/batches.jsonl,945
P1 / V_APP,prepared_inference,5,60,131375,2.1895833333333337,deliverables/prepaper_evidence_closeout_v1/timing/batches.jsonl,946
P1 / V_APP,prepared_inference,6,60,131000,2.1833333333333336,deliverables/prepaper_evidence_closeout_v1/timing/batches.jsonl,947
P1 / V_APP,prepared_inference,7,60,132833,2.2138833333333334,deliverables/prepaper_evidence_closeout_v1/timing/batches.jsonl,948
P1 / V_APP,prepared_inference,8,60,131542,2.1923666666666666,deliverables/prepaper_evidence_closeout_v1/timing/batches.jsonl,949
P1 / V_APP,prepared_inference,9,60,131125,2.1854166666666663,deliverables/prepaper_evidence_closeout_v1/timing/batches.jsonl,950
P1 / V_APP,original_current_interface,0,60,806667,13.444450000000002,deliverables/prepaper_evidence_closeout_v1/timing/batches.jsonl,951
P1 / V_APP,original_current_interface,1,60,802208,13.370133333333333,deliverables/prepaper_evidence_closeout_v1/timing/batches.jsonl,952
P1 / V_APP,original_current_interface,2,60,799792,13.329866666666668,deliverables/prepaper_evidence_closeout_v1/timing/batches.jsonl,953
P1 / V_APP,original_current_interface,3,60,800000,13.333333333333334,deliverables/prepaper_evidence_closeout_v1/timing/batches.jsonl,954
P1 / V_APP,original_current_interface,4,60,802500,13.375,deliverables/prepaper_evidence_closeout_v1/timing/batches.jsonl,955
P1 / V_APP,original_current_interface,5,60,800083,13.334716666666667,deliverables/prepaper_evidence_closeout_v1/timing/batches.jsonl,956
P1 / V_APP,original_current_interface,6,60,826417,13.773616666666667,deliverables/prepaper_evidence_closeout_v1/timing/batches.jsonl,957
P1 / V_APP,original_current_interface,7,60,808083,13.46805,deliverables/prepaper_evidence_closeout_v1/timing/batches.jsonl,958
P1 / V_APP,original_current_interface,8,60,799750,13.329166666666666,deliverables/prepaper_evidence_closeout_v1/timing/batches.jsonl,959
P1 / V_APP,original_current_interface,9,60,830417,13.840283333333334,deliverables/prepaper_evidence_closeout_v1/timing/batches.jsonl,960
P1 / V_APP,cached_from_adapted,0,60,1164917,19.41528333333333,deliverables/prepaper_evidence_closeout_v1/timing/batches.jsonl,961
P1 / V_APP,cached_from_adapted,1,60,1161416,19.356933333333334,deliverables/prepaper_evidence_closeout_v1/timing/batches.jsonl,962
P1 / V_APP,cached_from_adapted,2,60,1168542,19.4757,deliverables/prepaper_evidence_closeout_v1/timing/batches.jsonl,963
P1 / V_APP,cached_from_adapted,3,60,1159250,19.320833333333333,deliverables/prepaper_evidence_closeout_v1/timing/batches.jsonl,964
P1 / V_APP,cached_from_adapted,4,60,1162792,19.379866666666665,deliverables/prepaper_evidence_closeout_v1/timing/batches.jsonl,965
P1 / V_APP,cached_from_adapted,5,60,1165292,19.421533333333333,deliverables/prepaper_evidence_closeout_v1/timing/batches.jsonl,966
P1 / V_APP,cached_from_adapted,6,60,1160875,19.347916666666666,deliverables/prepaper_evidence_closeout_v1/timing/batches.jsonl,967
P1 / V_APP,cached_from_adapted,7,60,27597291,459.95484999999996,deliverables/prepaper_evidence_closeout_v1/timing/batches.jsonl,968
P1 / V_APP,cached_from_adapted,8,60,1226417,20.440283333333333,deliverables/prepaper_evidence_closeout_v1/timing/batches.jsonl,969
P1 / V_APP,cached_from_adapted,9,60,1177750,19.629166666666666,deliverables/prepaper_evidence_closeout_v1/timing/batches.jsonl,970
P1 / V_APP,loaded_raw_to_original,0,60,456427458,7607.1242999999995,deliverables/prepaper_evidence_closeout_v1/timing/batches.jsonl,971
P1 / V_APP,loaded_raw_to_original,1,60,485216959,8086.949316666666,deliverables/prepaper_evidence_closeout_v1/timing/batches.jsonl,972
P1 / V_APP,loaded_raw_to_original,2,60,455604542,7593.409033333333,deliverables/prepaper_evidence_closeout_v1/timing/batches.jsonl,973
P1 / V_APP,loaded_raw_to_original,3,60,456099334,7601.655566666666,deliverables/prepaper_evidence_closeout_v1/timing/batches.jsonl,974
P1 / V_APP,loaded_raw_to_original,4,60,455039208,7583.9868,deliverables/prepaper_evidence_closeout_v1/timing/batches.jsonl,975
P1 / V_APP,loaded_raw_to_original,5,60,456464417,7607.7402833333335,deliverables/prepaper_evidence_closeout_v1/timing/batches.jsonl,976
P1 / V_APP,loaded_raw_to_original,6,60,459630209,7660.503483333333,deliverables/prepaper_evidence_closeout_v1/timing/batches.jsonl,977
P1 / V_APP,loaded_raw_to_original,7,60,456971958,7616.1993,deliverables/prepaper_evidence_closeout_v1/timing/batches.jsonl,978
P1 / V_APP,loaded_raw_to_original,8,60,456563084,7609.384733333333,deliverables/prepaper_evidence_closeout_v1/timing/batches.jsonl,979
P1 / V_APP,loaded_raw_to_original,9,60,451351583,7522.526383333334,deliverables/prepaper_evidence_closeout_v1/timing/batches.jsonl,980
P1 / V_APP,loaded_raw_to_cached,0,60,454125125,7568.752083333333,deliverables/prepaper_evidence_closeout_v1/timing/batches.jsonl,981
P1 / V_APP,loaded_raw_to_cached,1,60,473416500,7890.275,deliverables/prepaper_evidence_closeout_v1/timing/batches.jsonl,982
P1 / V_APP,loaded_raw_to_cached,2,60,455702959,7595.0493166666665,deliverables/prepaper_evidence_closeout_v1/timing/batches.jsonl,983
P1 / V_APP,loaded_raw_to_cached,3,60,457435042,7623.917366666667,deliverables/prepaper_evidence_closeout_v1/timing/batches.jsonl,984
P1 / V_APP,loaded_raw_to_cached,4,60,459115250,7651.920833333333,deliverables/prepaper_evidence_closeout_v1/timing/batches.jsonl,985
P1 / V_APP,loaded_raw_to_cached,5,60,456642416,7610.706933333334,deliverables/prepaper_evidence_closeout_v1/timing/batches.jsonl,986
P1 / V_APP,loaded_raw_to_cached,6,60,457060500,7617.675,deliverables/prepaper_evidence_closeout_v1/timing/batches.jsonl,987
P1 / V_APP,loaded_raw_to_cached,7,60,455499916,7591.665266666667,deliverables/prepaper_evidence_closeout_v1/timing/batches.jsonl,988
P1 / V_APP,loaded_raw_to_cached,8,60,457723292,7628.721533333333,deliverables/prepaper_evidence_closeout_v1/timing/batches.jsonl,989
P1 / V_APP,loaded_raw_to_cached,9,60,454672792,7577.879866666666,deliverables/prepaper_evidence_closeout_v1/timing/batches.jsonl,990
P1 / V_BROWSER,load_parse_validate,0,1,503709,503.709,deliverables/prepaper_evidence_closeout_v1/timing/batches.jsonl,991
P1 / V_BROWSER,load_parse_validate,1,1,426333,426.333,deliverables/prepaper_evidence_closeout_v1/timing/batches.jsonl,992
P1 / V_BROWSER,load_parse_validate,2,1,472458,472.458,deliverables/prepaper_evidence_closeout_v1/timing/batches.jsonl,993
P1 / V_BROWSER,load_parse_validate,3,1,424459,424.459,deliverables/prepaper_evidence_closeout_v1/timing/batches.jsonl,994
P1 / V_BROWSER,load_parse_validate,4,1,413750,413.75,deliverables/prepaper_evidence_closeout_v1/timing/batches.jsonl,995
P1 / V_BROWSER,load_parse_validate,5,1,410458,410.458,deliverables/prepaper_evidence_closeout_v1/timing/batches.jsonl,996
P1 / V_BROWSER,load_parse_validate,6,1,422750,422.75,deliverables/prepaper_evidence_closeout_v1/timing/batches.jsonl,997
P1 / V_BROWSER,load_parse_validate,7,1,416750,416.75,deliverables/prepaper_evidence_closeout_v1/timing/batches.jsonl,998
P1 / V_BROWSER,load_parse_validate,8,1,411500,411.5,deliverables/prepaper_evidence_closeout_v1/timing/batches.jsonl,999
P1 / V_BROWSER,load_parse_validate,9,1,411334,411.334,deliverables/prepaper_evidence_closeout_v1/timing/batches.jsonl,1000
P1 / V_BROWSER,model_input_prepare,0,60,758958,12.649299999999998,deliverables/prepaper_evidence_closeout_v1/timing/batches.jsonl,1001
P1 / V_BROWSER,model_input_prepare,1,60,742500,12.375,deliverables/prepaper_evidence_closeout_v1/timing/batches.jsonl,1002
P1 / V_BROWSER,model_input_prepare,2,60,743000,12.383333333333335,deliverables/prepaper_evidence_closeout_v1/timing/batches.jsonl,1003
P1 / V_BROWSER,model_input_prepare,3,60,744583,12.409716666666666,deliverables/prepaper_evidence_closeout_v1/timing/batches.jsonl,1004
P1 / V_BROWSER,model_input_prepare,4,60,743708,12.395133333333334,deliverables/prepaper_evidence_closeout_v1/timing/batches.jsonl,1005
P1 / V_BROWSER,model_input_prepare,5,60,737500,12.291666666666666,deliverables/prepaper_evidence_closeout_v1/timing/batches.jsonl,1006
P1 / V_BROWSER,model_input_prepare,6,60,739792,12.329866666666668,deliverables/prepaper_evidence_closeout_v1/timing/batches.jsonl,1007
P1 / V_BROWSER,model_input_prepare,7,60,739208,12.320133333333333,deliverables/prepaper_evidence_closeout_v1/timing/batches.jsonl,1008
P1 / V_BROWSER,model_input_prepare,8,60,874416,14.5736,deliverables/prepaper_evidence_closeout_v1/timing/batches.jsonl,1009
P1 / V_BROWSER,model_input_prepare,9,60,789708,13.1618,deliverables/prepaper_evidence_closeout_v1/timing/batches.jsonl,1010
P1 / V_BROWSER,prepared_inference,0,60,135084,2.2514000000000003,deliverables/prepaper_evidence_closeout_v1/timing/batches.jsonl,1011
P1 / V_BROWSER,prepared_inference,1,60,131208,2.1868000000000003,deliverables/prepaper_evidence_closeout_v1/timing/batches.jsonl,1012
P1 / V_BROWSER,prepared_inference,2,60,132041,2.2006833333333335,deliverables/prepaper_evidence_closeout_v1/timing/batches.jsonl,1013
P1 / V_BROWSER,prepared_inference,3,60,132917,2.2152833333333333,deliverables/prepaper_evidence_closeout_v1/timing/batches.jsonl,1014
P1 / V_BROWSER,prepared_inference,4,60,131917,2.1986166666666667,deliverables/prepaper_evidence_closeout_v1/timing/batches.jsonl,1015
P1 / V_BROWSER,prepared_inference,5,60,134125,2.2354166666666666,deliverables/prepaper_evidence_closeout_v1/timing/batches.jsonl,1016
P1 / V_BROWSER,prepared_inference,6,60,131084,2.184733333333333,deliverables/prepaper_evidence_closeout_v1/timing/batches.jsonl,1017
P1 / V_BROWSER,prepared_inference,7,60,131500,2.1916666666666664,deliverables/prepaper_evidence_closeout_v1/timing/batches.jsonl,1018
P1 / V_BROWSER,prepared_inference,8,60,131208,2.1868000000000003,deliverables/prepaper_evidence_closeout_v1/timing/batches.jsonl,1019
P1 / V_BROWSER,prepared_inference,9,60,131292,2.1881999999999997,deliverables/prepaper_evidence_closeout_v1/timing/batches.jsonl,1020
P1 / V_BROWSER,original_current_interface,0,60,618125,10.302083333333334,deliverables/prepaper_evidence_closeout_v1/timing/batches.jsonl,1021
P1 / V_BROWSER,original_current_interface,1,60,617875,10.297916666666666,deliverables/prepaper_evidence_closeout_v1/timing/batches.jsonl,1022
P1 / V_BROWSER,original_current_interface,2,60,627667,10.461116666666667,deliverables/prepaper_evidence_closeout_v1/timing/batches.jsonl,1023
P1 / V_BROWSER,original_current_interface,3,60,620333,10.338883333333333,deliverables/prepaper_evidence_closeout_v1/timing/batches.jsonl,1024
P1 / V_BROWSER,original_current_interface,4,60,619000,10.316666666666666,deliverables/prepaper_evidence_closeout_v1/timing/batches.jsonl,1025
P1 / V_BROWSER,original_current_interface,5,60,616875,10.28125,deliverables/prepaper_evidence_closeout_v1/timing/batches.jsonl,1026
P1 / V_BROWSER,original_current_interface,6,60,629291,10.488183333333332,deliverables/prepaper_evidence_closeout_v1/timing/batches.jsonl,1027
P1 / V_BROWSER,original_current_interface,7,60,616750,10.279166666666667,deliverables/prepaper_evidence_closeout_v1/timing/batches.jsonl,1028
P1 / V_BROWSER,original_current_interface,8,60,613458,10.2243,deliverables/prepaper_evidence_closeout_v1/timing/batches.jsonl,1029
P1 / V_BROWSER,original_current_interface,9,60,616542,10.2757,deliverables/prepaper_evidence_closeout_v1/timing/batches.jsonl,1030
P1 / V_BROWSER,cached_from_adapted,0,60,981792,16.3632,deliverables/prepaper_evidence_closeout_v1/timing/batches.jsonl,1031
P1 / V_BROWSER,cached_from_adapted,1,60,885042,14.7507,deliverables/prepaper_evidence_closeout_v1/timing/batches.jsonl,1032
P1 / V_BROWSER,cached_from_adapted,2,60,885500,14.758333333333335,deliverables/prepaper_evidence_closeout_v1/timing/batches.jsonl,1033
P1 / V_BROWSER,cached_from_adapted,3,60,879667,14.661116666666667,deliverables/prepaper_evidence_closeout_v1/timing/batches.jsonl,1034
P1 / V_BROWSER,cached_from_adapted,4,60,893584,14.893066666666668,deliverables/prepaper_evidence_closeout_v1/timing/batches.jsonl,1035
P1 / V_BROWSER,cached_from_adapted,5,60,881917,14.698616666666666,deliverables/prepaper_evidence_closeout_v1/timing/batches.jsonl,1036
P1 / V_BROWSER,cached_from_adapted,6,60,878958,14.649299999999998,deliverables/prepaper_evidence_closeout_v1/timing/batches.jsonl,1037
P1 / V_BROWSER,cached_from_adapted,7,60,882375,14.70625,deliverables/prepaper_evidence_closeout_v1/timing/batches.jsonl,1038
P1 / V_BROWSER,cached_from_adapted,8,60,879250,14.654166666666667,deliverables/prepaper_evidence_closeout_v1/timing/batches.jsonl,1039
P1 / V_BROWSER,cached_from_adapted,9,60,879791,14.663183333333333,deliverables/prepaper_evidence_closeout_v1/timing/batches.jsonl,1040
P1 / V_BROWSER,loaded_raw_to_original,0,60,454360542,7572.6757,deliverables/prepaper_evidence_closeout_v1/timing/batches.jsonl,1041
P1 / V_BROWSER,loaded_raw_to_original,1,60,474304916,7905.081933333334,deliverables/prepaper_evidence_closeout_v1/timing/batches.jsonl,1042
P1 / V_BROWSER,loaded_raw_to_original,2,60,453622834,7560.380566666667,deliverables/prepaper_evidence_closeout_v1/timing/batches.jsonl,1043
P1 / V_BROWSER,loaded_raw_to_original,3,60,456188750,7603.145833333333,deliverables/prepaper_evidence_closeout_v1/timing/batches.jsonl,1044
P1 / V_BROWSER,loaded_raw_to_original,4,60,457270375,7621.172916666667,deliverables/prepaper_evidence_closeout_v1/timing/batches.jsonl,1045
P1 / V_BROWSER,loaded_raw_to_original,5,60,454391958,7573.1993,deliverables/prepaper_evidence_closeout_v1/timing/batches.jsonl,1046
P1 / V_BROWSER,loaded_raw_to_original,6,60,454649125,7577.485416666667,deliverables/prepaper_evidence_closeout_v1/timing/batches.jsonl,1047
P1 / V_BROWSER,loaded_raw_to_original,7,60,454313792,7571.8965333333335,deliverables/prepaper_evidence_closeout_v1/timing/batches.jsonl,1048
P1 / V_BROWSER,loaded_raw_to_original,8,60,458297292,7638.2882,deliverables/prepaper_evidence_closeout_v1/timing/batches.jsonl,1049
P1 / V_BROWSER,loaded_raw_to_original,9,60,458027625,7633.79375,deliverables/prepaper_evidence_closeout_v1/timing/batches.jsonl,1050
P1 / V_BROWSER,loaded_raw_to_cached,0,60,454482292,7574.704866666666,deliverables/prepaper_evidence_closeout_v1/timing/batches.jsonl,1051
P1 / V_BROWSER,loaded_raw_to_cached,1,60,475043083,7917.3847166666665,deliverables/prepaper_evidence_closeout_v1/timing/batches.jsonl,1052
P1 / V_BROWSER,loaded_raw_to_cached,2,60,455771209,7596.186816666666,deliverables/prepaper_evidence_closeout_v1/timing/batches.jsonl,1053
P1 / V_BROWSER,loaded_raw_to_cached,3,60,455348709,7589.14515,deliverables/prepaper_evidence_closeout_v1/timing/batches.jsonl,1054
P1 / V_BROWSER,loaded_raw_to_cached,4,60,455608041,7593.46735,deliverables/prepaper_evidence_closeout_v1/timing/batches.jsonl,1055
P1 / V_BROWSER,loaded_raw_to_cached,5,60,457576334,7626.272233333333,deliverables/prepaper_evidence_closeout_v1/timing/batches.jsonl,1056
P1 / V_BROWSER,loaded_raw_to_cached,6,60,455081042,7584.684033333333,deliverables/prepaper_evidence_closeout_v1/timing/batches.jsonl,1057
P1 / V_BROWSER,loaded_raw_to_cached,7,60,456713875,7611.897916666667,deliverables/prepaper_evidence_closeout_v1/timing/batches.jsonl,1058
P1 / V_BROWSER,loaded_raw_to_cached,8,60,453902458,7565.0409666666665,deliverables/prepaper_evidence_closeout_v1/timing/batches.jsonl,1059
P1 / V_BROWSER,loaded_raw_to_cached,9,60,453350334,7555.838900000001,deliverables/prepaper_evidence_closeout_v1/timing/batches.jsonl,1060
P1 / V_BOTH,load_parse_validate,0,1,464292,464.292,deliverables/prepaper_evidence_closeout_v1/timing/batches.jsonl,1061
P1 / V_BOTH,load_parse_validate,1,1,503125,503.125,deliverables/prepaper_evidence_closeout_v1/timing/batches.jsonl,1062
P1 / V_BOTH,load_parse_validate,2,1,463208,463.208,deliverables/prepaper_evidence_closeout_v1/timing/batches.jsonl,1063
P1 / V_BOTH,load_parse_validate,3,1,423833,423.833,deliverables/prepaper_evidence_closeout_v1/timing/batches.jsonl,1064
P1 / V_BOTH,load_parse_validate,4,1,432250,432.25,deliverables/prepaper_evidence_closeout_v1/timing/batches.jsonl,1065
P1 / V_BOTH,load_parse_validate,5,1,415250,415.25,deliverables/prepaper_evidence_closeout_v1/timing/batches.jsonl,1066
P1 / V_BOTH,load_parse_validate,6,1,411958,411.958,deliverables/prepaper_evidence_closeout_v1/timing/batches.jsonl,1067
P1 / V_BOTH,load_parse_validate,7,1,409666,409.666,deliverables/prepaper_evidence_closeout_v1/timing/batches.jsonl,1068
P1 / V_BOTH,load_parse_validate,8,1,406084,406.084,deliverables/prepaper_evidence_closeout_v1/timing/batches.jsonl,1069
P1 / V_BOTH,load_parse_validate,9,1,408959,408.959,deliverables/prepaper_evidence_closeout_v1/timing/batches.jsonl,1070
P1 / V_BOTH,model_input_prepare,0,60,1534000,25.566666666666666,deliverables/prepaper_evidence_closeout_v1/timing/batches.jsonl,1071
P1 / V_BOTH,model_input_prepare,1,60,1511375,25.18958333333333,deliverables/prepaper_evidence_closeout_v1/timing/batches.jsonl,1072
P1 / V_BOTH,model_input_prepare,2,60,1504458,25.0743,deliverables/prepaper_evidence_closeout_v1/timing/batches.jsonl,1073
P1 / V_BOTH,model_input_prepare,3,60,1504834,25.080566666666666,deliverables/prepaper_evidence_closeout_v1/timing/batches.jsonl,1074
P1 / V_BOTH,model_input_prepare,4,60,1503500,25.058333333333334,deliverables/prepaper_evidence_closeout_v1/timing/batches.jsonl,1075
P1 / V_BOTH,model_input_prepare,5,60,1582750,26.379166666666666,deliverables/prepaper_evidence_closeout_v1/timing/batches.jsonl,1076
P1 / V_BOTH,model_input_prepare,6,60,1513000,25.21666666666667,deliverables/prepaper_evidence_closeout_v1/timing/batches.jsonl,1077
P1 / V_BOTH,model_input_prepare,7,60,1488417,24.80695,deliverables/prepaper_evidence_closeout_v1/timing/batches.jsonl,1078
P1 / V_BOTH,model_input_prepare,8,60,1481958,24.6993,deliverables/prepaper_evidence_closeout_v1/timing/batches.jsonl,1079
P1 / V_BOTH,model_input_prepare,9,60,1484750,24.745833333333334,deliverables/prepaper_evidence_closeout_v1/timing/batches.jsonl,1080
P1 / V_BOTH,prepared_inference,0,60,131625,2.19375,deliverables/prepaper_evidence_closeout_v1/timing/batches.jsonl,1081
P1 / V_BOTH,prepared_inference,1,60,129500,2.1583333333333337,deliverables/prepaper_evidence_closeout_v1/timing/batches.jsonl,1082
P1 / V_BOTH,prepared_inference,2,60,130292,2.171533333333333,deliverables/prepaper_evidence_closeout_v1/timing/batches.jsonl,1083
P1 / V_BOTH,prepared_inference,3,60,129042,2.1506999999999996,deliverables/prepaper_evidence_closeout_v1/timing/batches.jsonl,1084
P1 / V_BOTH,prepared_inference,4,60,129250,2.1541666666666663,deliverables/prepaper_evidence_closeout_v1/timing/batches.jsonl,1085
P1 / V_BOTH,prepared_inference,5,60,128791,2.146516666666667,deliverables/prepaper_evidence_closeout_v1/timing/batches.jsonl,1086
P1 / V_BOTH,prepared_inference,6,60,130375,2.1729166666666666,deliverables/prepaper_evidence_closeout_v1/timing/batches.jsonl,1087
P1 / V_BOTH,prepared_inference,7,60,130084,2.168066666666667,deliverables/prepaper_evidence_closeout_v1/timing/batches.jsonl,1088
P1 / V_BOTH,prepared_inference,8,60,129583,2.1597166666666667,deliverables/prepaper_evidence_closeout_v1/timing/batches.jsonl,1089
P1 / V_BOTH,prepared_inference,9,60,129916,2.1652666666666667,deliverables/prepaper_evidence_closeout_v1/timing/batches.jsonl,1090
P1 / V_BOTH,original_current_interface,0,60,1026958,17.11596666666667,deliverables/prepaper_evidence_closeout_v1/timing/batches.jsonl,1091
P1 / V_BOTH,original_current_interface,1,60,1017917,16.965283333333332,deliverables/prepaper_evidence_closeout_v1/timing/batches.jsonl,1092
P1 / V_BOTH,original_current_interface,2,60,1098584,18.309733333333334,deliverables/prepaper_evidence_closeout_v1/timing/batches.jsonl,1093
P1 / V_BOTH,original_current_interface,3,60,1164000,19.4,deliverables/prepaper_evidence_closeout_v1/timing/batches.jsonl,1094
P1 / V_BOTH,original_current_interface,4,60,1056416,17.606933333333334,deliverables/prepaper_evidence_closeout_v1/timing/batches.jsonl,1095
P1 / V_BOTH,original_current_interface,5,60,1082458,18.040966666666666,deliverables/prepaper_evidence_closeout_v1/timing/batches.jsonl,1096
P1 / V_BOTH,original_current_interface,6,60,1051500,17.525,deliverables/prepaper_evidence_closeout_v1/timing/batches.jsonl,1097
P1 / V_BOTH,original_current_interface,7,60,1019208,16.9868,deliverables/prepaper_evidence_closeout_v1/timing/batches.jsonl,1098
P1 / V_BOTH,original_current_interface,8,60,1018833,16.98055,deliverables/prepaper_evidence_closeout_v1/timing/batches.jsonl,1099
P1 / V_BOTH,original_current_interface,9,60,1018041,16.96735,deliverables/prepaper_evidence_closeout_v1/timing/batches.jsonl,1100
P1 / V_BOTH,cached_from_adapted,0,60,1634625,27.24375,deliverables/prepaper_evidence_closeout_v1/timing/batches.jsonl,1101
P1 / V_BOTH,cached_from_adapted,1,60,1633500,27.225,deliverables/prepaper_evidence_closeout_v1/timing/batches.jsonl,1102
P1 / V_BOTH,cached_from_adapted,2,60,1632292,27.204866666666664,deliverables/prepaper_evidence_closeout_v1/timing/batches.jsonl,1103
P1 / V_BOTH,cached_from_adapted,3,60,1726583,28.776383333333335,deliverables/prepaper_evidence_closeout_v1/timing/batches.jsonl,1104
P1 / V_BOTH,cached_from_adapted,4,60,1658750,27.645833333333332,deliverables/prepaper_evidence_closeout_v1/timing/batches.jsonl,1105
P1 / V_BOTH,cached_from_adapted,5,60,1653708,27.561799999999998,deliverables/prepaper_evidence_closeout_v1/timing/batches.jsonl,1106
P1 / V_BOTH,cached_from_adapted,6,60,1658833,27.64721666666667,deliverables/prepaper_evidence_closeout_v1/timing/batches.jsonl,1107
P1 / V_BOTH,cached_from_adapted,7,60,1657958,27.632633333333334,deliverables/prepaper_evidence_closeout_v1/timing/batches.jsonl,1108
P1 / V_BOTH,cached_from_adapted,8,60,1661417,27.690283333333333,deliverables/prepaper_evidence_closeout_v1/timing/batches.jsonl,1109
P1 / V_BOTH,cached_from_adapted,9,60,1652833,27.547216666666667,deliverables/prepaper_evidence_closeout_v1/timing/batches.jsonl,1110
P1 / V_BOTH,loaded_raw_to_original,0,60,457280625,7621.34375,deliverables/prepaper_evidence_closeout_v1/timing/batches.jsonl,1111
P1 / V_BOTH,loaded_raw_to_original,1,60,477507625,7958.460416666667,deliverables/prepaper_evidence_closeout_v1/timing/batches.jsonl,1112
P1 / V_BOTH,loaded_raw_to_original,2,60,454037666,7567.2944333333335,deliverables/prepaper_evidence_closeout_v1/timing/batches.jsonl,1113
P1 / V_BOTH,loaded_raw_to_original,3,60,460313292,7671.8882,deliverables/prepaper_evidence_closeout_v1/timing/batches.jsonl,1114
P1 / V_BOTH,loaded_raw_to_original,4,60,461675458,7694.590966666667,deliverables/prepaper_evidence_closeout_v1/timing/batches.jsonl,1115
P1 / V_BOTH,loaded_raw_to_original,5,60,456793875,7613.23125,deliverables/prepaper_evidence_closeout_v1/timing/batches.jsonl,1116
P1 / V_BOTH,loaded_raw_to_original,6,60,456040417,7600.673616666666,deliverables/prepaper_evidence_closeout_v1/timing/batches.jsonl,1117
P1 / V_BOTH,loaded_raw_to_original,7,60,456466833,7607.7805499999995,deliverables/prepaper_evidence_closeout_v1/timing/batches.jsonl,1118
P1 / V_BOTH,loaded_raw_to_original,8,60,457093000,7618.216666666667,deliverables/prepaper_evidence_closeout_v1/timing/batches.jsonl,1119
P1 / V_BOTH,loaded_raw_to_original,9,60,456285208,7604.753466666667,deliverables/prepaper_evidence_closeout_v1/timing/batches.jsonl,1120
P1 / V_BOTH,loaded_raw_to_cached,0,60,506364834,8439.4139,deliverables/prepaper_evidence_closeout_v1/timing/batches.jsonl,1121
P1 / V_BOTH,loaded_raw_to_cached,1,60,485397208,8089.953466666667,deliverables/prepaper_evidence_closeout_v1/timing/batches.jsonl,1122
P1 / V_BOTH,loaded_raw_to_cached,2,60,472687292,7878.121533333333,deliverables/prepaper_evidence_closeout_v1/timing/batches.jsonl,1123
P1 / V_BOTH,loaded_raw_to_cached,3,60,456136125,7602.26875,deliverables/prepaper_evidence_closeout_v1/timing/batches.jsonl,1124
P1 / V_BOTH,loaded_raw_to_cached,4,60,455117208,7585.2868,deliverables/prepaper_evidence_closeout_v1/timing/batches.jsonl,1125
P1 / V_BOTH,loaded_raw_to_cached,5,60,453874000,7564.566666666667,deliverables/prepaper_evidence_closeout_v1/timing/batches.jsonl,1126
P1 / V_BOTH,loaded_raw_to_cached,6,60,454492833,7574.88055,deliverables/prepaper_evidence_closeout_v1/timing/batches.jsonl,1127
P1 / V_BOTH,loaded_raw_to_cached,7,60,454897708,7581.628466666667,deliverables/prepaper_evidence_closeout_v1/timing/batches.jsonl,1128
P1 / V_BOTH,loaded_raw_to_cached,8,60,455995875,7599.93125,deliverables/prepaper_evidence_closeout_v1/timing/batches.jsonl,1129
P1 / V_BOTH,loaded_raw_to_cached,9,60,456441417,7607.35695,deliverables/prepaper_evidence_closeout_v1/timing/batches.jsonl,1130
P1 / V_BOTH_REL,load_parse_validate,0,1,513541,513.541,deliverables/prepaper_evidence_closeout_v1/timing/batches.jsonl,1131
P1 / V_BOTH_REL,load_parse_validate,1,1,428125,428.125,deliverables/prepaper_evidence_closeout_v1/timing/batches.jsonl,1132
P1 / V_BOTH_REL,load_parse_validate,2,1,421958,421.958,deliverables/prepaper_evidence_closeout_v1/timing/batches.jsonl,1133
P1 / V_BOTH_REL,load_parse_validate,3,1,427792,427.792,deliverables/prepaper_evidence_closeout_v1/timing/batches.jsonl,1134
P1 / V_BOTH_REL,load_parse_validate,4,1,469083,469.083,deliverables/prepaper_evidence_closeout_v1/timing/batches.jsonl,1135
P1 / V_BOTH_REL,load_parse_validate,5,1,454459,454.459,deliverables/prepaper_evidence_closeout_v1/timing/batches.jsonl,1136
P1 / V_BOTH_REL,load_parse_validate,6,1,448459,448.459,deliverables/prepaper_evidence_closeout_v1/timing/batches.jsonl,1137
P1 / V_BOTH_REL,load_parse_validate,7,1,446833,446.833,deliverables/prepaper_evidence_closeout_v1/timing/batches.jsonl,1138
P1 / V_BOTH_REL,load_parse_validate,8,1,420833,420.833,deliverables/prepaper_evidence_closeout_v1/timing/batches.jsonl,1139
P1 / V_BOTH_REL,load_parse_validate,9,1,411291,411.291,deliverables/prepaper_evidence_closeout_v1/timing/batches.jsonl,1140
P1 / V_BOTH_REL,model_input_prepare,0,60,2049416,34.156933333333335,deliverables/prepaper_evidence_closeout_v1/timing/batches.jsonl,1141
P1 / V_BOTH_REL,model_input_prepare,1,60,2033416,33.89026666666667,deliverables/prepaper_evidence_closeout_v1/timing/batches.jsonl,1142
P1 / V_BOTH_REL,model_input_prepare,2,60,2032542,33.875699999999995,deliverables/prepaper_evidence_closeout_v1/timing/batches.jsonl,1143
P1 / V_BOTH_REL,model_input_prepare,3,60,2031292,33.854866666666666,deliverables/prepaper_evidence_closeout_v1/timing/batches.jsonl,1144
P1 / V_BOTH_REL,model_input_prepare,4,60,2179166,36.319433333333336,deliverables/prepaper_evidence_closeout_v1/timing/batches.jsonl,1145
P1 / V_BOTH_REL,model_input_prepare,5,60,2076542,34.609033333333336,deliverables/prepaper_evidence_closeout_v1/timing/batches.jsonl,1146
P1 / V_BOTH_REL,model_input_prepare,6,60,2009625,33.49375,deliverables/prepaper_evidence_closeout_v1/timing/batches.jsonl,1147
P1 / V_BOTH_REL,model_input_prepare,7,60,1990584,33.1764,deliverables/prepaper_evidence_closeout_v1/timing/batches.jsonl,1148
P1 / V_BOTH_REL,model_input_prepare,8,60,1990458,33.1743,deliverables/prepaper_evidence_closeout_v1/timing/batches.jsonl,1149
P1 / V_BOTH_REL,model_input_prepare,9,60,1989208,33.15346666666667,deliverables/prepaper_evidence_closeout_v1/timing/batches.jsonl,1150
P1 / V_BOTH_REL,prepared_inference,0,60,129583,2.1597166666666667,deliverables/prepaper_evidence_closeout_v1/timing/batches.jsonl,1151
P1 / V_BOTH_REL,prepared_inference,1,60,132292,2.2048666666666668,deliverables/prepaper_evidence_closeout_v1/timing/batches.jsonl,1152
P1 / V_BOTH_REL,prepared_inference,2,60,127166,2.1194333333333333,deliverables/prepaper_evidence_closeout_v1/timing/batches.jsonl,1153
P1 / V_BOTH_REL,prepared_inference,3,60,126375,2.10625,deliverables/prepaper_evidence_closeout_v1/timing/batches.jsonl,1154
P1 / V_BOTH_REL,prepared_inference,4,60,126417,2.10695,deliverables/prepaper_evidence_closeout_v1/timing/batches.jsonl,1155
P1 / V_BOTH_REL,prepared_inference,5,60,131291,2.1881833333333334,deliverables/prepaper_evidence_closeout_v1/timing/batches.jsonl,1156
P1 / V_BOTH_REL,prepared_inference,6,60,127000,2.1166666666666667,deliverables/prepaper_evidence_closeout_v1/timing/batches.jsonl,1157
P1 / V_BOTH_REL,prepared_inference,7,60,128458,2.140966666666667,deliverables/prepaper_evidence_closeout_v1/timing/batches.jsonl,1158
P1 / V_BOTH_REL,prepared_inference,8,60,127459,2.1243166666666666,deliverables/prepaper_evidence_closeout_v1/timing/batches.jsonl,1159
P1 / V_BOTH_REL,prepared_inference,9,60,127250,2.1208333333333336,deliverables/prepaper_evidence_closeout_v1/timing/batches.jsonl,1160
P1 / V_BOTH_REL,original_current_interface,0,60,1203583,20.059716666666667,deliverables/prepaper_evidence_closeout_v1/timing/batches.jsonl,1161
P1 / V_BOTH_REL,original_current_interface,1,60,1203834,20.0639,deliverables/prepaper_evidence_closeout_v1/timing/batches.jsonl,1162
P1 / V_BOTH_REL,original_current_interface,2,60,1196875,19.947916666666668,deliverables/prepaper_evidence_closeout_v1/timing/batches.jsonl,1163
P1 / V_BOTH_REL,original_current_interface,3,60,1192334,19.872233333333334,deliverables/prepaper_evidence_closeout_v1/timing/batches.jsonl,1164
P1 / V_BOTH_REL,original_current_interface,4,60,1202250,20.0375,deliverables/prepaper_evidence_closeout_v1/timing/batches.jsonl,1165
P1 / V_BOTH_REL,original_current_interface,5,60,1193333,19.888883333333336,deliverables/prepaper_evidence_closeout_v1/timing/batches.jsonl,1166
P1 / V_BOTH_REL,original_current_interface,6,60,1212875,20.214583333333334,deliverables/prepaper_evidence_closeout_v1/timing/batches.jsonl,1167
P1 / V_BOTH_REL,original_current_interface,7,60,1190000,19.833333333333332,deliverables/prepaper_evidence_closeout_v1/timing/batches.jsonl,1168
P1 / V_BOTH_REL,original_current_interface,8,60,1200917,20.015283333333333,deliverables/prepaper_evidence_closeout_v1/timing/batches.jsonl,1169
P1 / V_BOTH_REL,original_current_interface,9,60,1195292,19.921533333333333,deliverables/prepaper_evidence_closeout_v1/timing/batches.jsonl,1170
P1 / V_BOTH_REL,cached_from_adapted,0,60,2142542,35.70903333333333,deliverables/prepaper_evidence_closeout_v1/timing/batches.jsonl,1171
P1 / V_BOTH_REL,cached_from_adapted,1,60,2137584,35.626400000000004,deliverables/prepaper_evidence_closeout_v1/timing/batches.jsonl,1172
P1 / V_BOTH_REL,cached_from_adapted,2,60,2139916,35.66526666666667,deliverables/prepaper_evidence_closeout_v1/timing/batches.jsonl,1173
P1 / V_BOTH_REL,cached_from_adapted,3,60,2141667,35.694449999999996,deliverables/prepaper_evidence_closeout_v1/timing/batches.jsonl,1174
P1 / V_BOTH_REL,cached_from_adapted,4,60,2134584,35.5764,deliverables/prepaper_evidence_closeout_v1/timing/batches.jsonl,1175
P1 / V_BOTH_REL,cached_from_adapted,5,60,2127917,35.46528333333333,deliverables/prepaper_evidence_closeout_v1/timing/batches.jsonl,1176
P1 / V_BOTH_REL,cached_from_adapted,6,60,2299000,38.31666666666666,deliverables/prepaper_evidence_closeout_v1/timing/batches.jsonl,1177
P1 / V_BOTH_REL,cached_from_adapted,7,60,2153916,35.8986,deliverables/prepaper_evidence_closeout_v1/timing/batches.jsonl,1178
P1 / V_BOTH_REL,cached_from_adapted,8,60,2122458,35.374300000000005,deliverables/prepaper_evidence_closeout_v1/timing/batches.jsonl,1179
P1 / V_BOTH_REL,cached_from_adapted,9,60,2118250,35.30416666666667,deliverables/prepaper_evidence_closeout_v1/timing/batches.jsonl,1180
P1 / V_BOTH_REL,loaded_raw_to_original,0,60,458891792,7648.196533333333,deliverables/prepaper_evidence_closeout_v1/timing/batches.jsonl,1181
P1 / V_BOTH_REL,loaded_raw_to_original,1,60,486320458,8105.340966666667,deliverables/prepaper_evidence_closeout_v1/timing/batches.jsonl,1182
P1 / V_BOTH_REL,loaded_raw_to_original,2,60,457561042,7626.017366666666,deliverables/prepaper_evidence_closeout_v1/timing/batches.jsonl,1183
P1 / V_BOTH_REL,loaded_raw_to_original,3,60,456007500,7600.125,deliverables/prepaper_evidence_closeout_v1/timing/batches.jsonl,1184
P1 / V_BOTH_REL,loaded_raw_to_original,4,60,455332750,7588.879166666667,deliverables/prepaper_evidence_closeout_v1/timing/batches.jsonl,1185
P1 / V_BOTH_REL,loaded_raw_to_original,5,60,458373209,7639.553483333333,deliverables/prepaper_evidence_closeout_v1/timing/batches.jsonl,1186
P1 / V_BOTH_REL,loaded_raw_to_original,6,60,456667250,7611.120833333333,deliverables/prepaper_evidence_closeout_v1/timing/batches.jsonl,1187
P1 / V_BOTH_REL,loaded_raw_to_original,7,60,460696041,7678.26735,deliverables/prepaper_evidence_closeout_v1/timing/batches.jsonl,1188
P1 / V_BOTH_REL,loaded_raw_to_original,8,60,456692209,7611.536816666667,deliverables/prepaper_evidence_closeout_v1/timing/batches.jsonl,1189
P1 / V_BOTH_REL,loaded_raw_to_original,9,60,458069542,7634.492366666666,deliverables/prepaper_evidence_closeout_v1/timing/batches.jsonl,1190
P1 / V_BOTH_REL,loaded_raw_to_cached,0,60,459785958,7663.0993,deliverables/prepaper_evidence_closeout_v1/timing/batches.jsonl,1191
P1 / V_BOTH_REL,loaded_raw_to_cached,1,60,479906083,7998.434716666667,deliverables/prepaper_evidence_closeout_v1/timing/batches.jsonl,1192
P1 / V_BOTH_REL,loaded_raw_to_cached,2,60,453592958,7559.882633333334,deliverables/prepaper_evidence_closeout_v1/timing/batches.jsonl,1193
P1 / V_BOTH_REL,loaded_raw_to_cached,3,60,457642542,7627.3757000000005,deliverables/prepaper_evidence_closeout_v1/timing/batches.jsonl,1194
P1 / V_BOTH_REL,loaded_raw_to_cached,4,60,458657708,7644.295133333334,deliverables/prepaper_evidence_closeout_v1/timing/batches.jsonl,1195
P1 / V_BOTH_REL,loaded_raw_to_cached,5,60,459620834,7660.347233333333,deliverables/prepaper_evidence_closeout_v1/timing/batches.jsonl,1196
P1 / V_BOTH_REL,loaded_raw_to_cached,6,60,458788291,7646.4715166666665,deliverables/prepaper_evidence_closeout_v1/timing/batches.jsonl,1197
P1 / V_BOTH_REL,loaded_raw_to_cached,7,60,457998667,7633.311116666666,deliverables/prepaper_evidence_closeout_v1/timing/batches.jsonl,1198
P1 / V_BOTH_REL,loaded_raw_to_cached,8,60,457005541,7616.759016666667,deliverables/prepaper_evidence_closeout_v1/timing/batches.jsonl,1199
P1 / V_BOTH_REL,loaded_raw_to_cached,9,60,459275375,7654.589583333333,deliverables/prepaper_evidence_closeout_v1/timing/batches.jsonl,1200
P2 / V_APP,load_parse_validate,0,1,443375,443.375,deliverables/prepaper_evidence_closeout_v1/timing/batches.jsonl,1201
P2 / V_APP,load_parse_validate,1,1,405458,405.458,deliverables/prepaper_evidence_closeout_v1/timing/batches.jsonl,1202
P2 / V_APP,load_parse_validate,2,1,398042,398.042,deliverables/prepaper_evidence_closeout_v1/timing/batches.jsonl,1203
P2 / V_APP,load_parse_validate,3,1,394500,394.5,deliverables/prepaper_evidence_closeout_v1/timing/batches.jsonl,1204
P2 / V_APP,load_parse_validate,4,1,391917,391.917,deliverables/prepaper_evidence_closeout_v1/timing/batches.jsonl,1205
P2 / V_APP,load_parse_validate,5,1,390125,390.125,deliverables/prepaper_evidence_closeout_v1/timing/batches.jsonl,1206
P2 / V_APP,load_parse_validate,6,1,393292,393.292,deliverables/prepaper_evidence_closeout_v1/timing/batches.jsonl,1207
P2 / V_APP,load_parse_validate,7,1,390459,390.459,deliverables/prepaper_evidence_closeout_v1/timing/batches.jsonl,1208
P2 / V_APP,load_parse_validate,8,1,392625,392.625,deliverables/prepaper_evidence_closeout_v1/timing/batches.jsonl,1209
P2 / V_APP,load_parse_validate,9,1,390583,390.583,deliverables/prepaper_evidence_closeout_v1/timing/batches.jsonl,1210
P2 / V_APP,model_input_prepare,0,60,1018875,16.98125,deliverables/prepaper_evidence_closeout_v1/timing/batches.jsonl,1211
P2 / V_APP,model_input_prepare,1,60,1021208,17.020133333333334,deliverables/prepaper_evidence_closeout_v1/timing/batches.jsonl,1212
P2 / V_APP,model_input_prepare,2,60,1037375,17.289583333333333,deliverables/prepaper_evidence_closeout_v1/timing/batches.jsonl,1213
P2 / V_APP,model_input_prepare,3,60,1023834,17.0639,deliverables/prepaper_evidence_closeout_v1/timing/batches.jsonl,1214
P2 / V_APP,model_input_prepare,4,60,1009917,16.83195,deliverables/prepaper_evidence_closeout_v1/timing/batches.jsonl,1215
P2 / V_APP,model_input_prepare,5,60,1003333,16.722216666666668,deliverables/prepaper_evidence_closeout_v1/timing/batches.jsonl,1216
P2 / V_APP,model_input_prepare,6,60,1025125,17.085416666666667,deliverables/prepaper_evidence_closeout_v1/timing/batches.jsonl,1217
P2 / V_APP,model_input_prepare,7,60,1005750,16.7625,deliverables/prepaper_evidence_closeout_v1/timing/batches.jsonl,1218
P2 / V_APP,model_input_prepare,8,60,1007417,16.79028333333333,deliverables/prepaper_evidence_closeout_v1/timing/batches.jsonl,1219
P2 / V_APP,model_input_prepare,9,60,1006875,16.78125,deliverables/prepaper_evidence_closeout_v1/timing/batches.jsonl,1220
P2 / V_APP,prepared_inference,0,60,116917,1.9486166666666667,deliverables/prepaper_evidence_closeout_v1/timing/batches.jsonl,1221
P2 / V_APP,prepared_inference,1,60,115125,1.91875,deliverables/prepaper_evidence_closeout_v1/timing/batches.jsonl,1222
P2 / V_APP,prepared_inference,2,60,114625,1.9104166666666667,deliverables/prepaper_evidence_closeout_v1/timing/batches.jsonl,1223
P2 / V_APP,prepared_inference,3,60,115000,1.9166666666666667,deliverables/prepaper_evidence_closeout_v1/timing/batches.jsonl,1224
P2 / V_APP,prepared_inference,4,60,114417,1.9069500000000001,deliverables/prepaper_evidence_closeout_v1/timing/batches.jsonl,1225
P2 / V_APP,prepared_inference,5,60,114375,1.90625,deliverables/prepaper_evidence_closeout_v1/timing/batches.jsonl,1226
P2 / V_APP,prepared_inference,6,60,113917,1.8986166666666666,deliverables/prepaper_evidence_closeout_v1/timing/batches.jsonl,1227
P2 / V_APP,prepared_inference,7,60,113916,1.8985999999999998,deliverables/prepaper_evidence_closeout_v1/timing/batches.jsonl,1228
P2 / V_APP,prepared_inference,8,60,113709,1.8951500000000001,deliverables/prepaper_evidence_closeout_v1/timing/batches.jsonl,1229
P2 / V_APP,prepared_inference,9,60,114083,1.9013833333333334,deliverables/prepaper_evidence_closeout_v1/timing/batches.jsonl,1230
P2 / V_APP,original_current_interface,0,60,757958,12.632633333333333,deliverables/prepaper_evidence_closeout_v1/timing/batches.jsonl,1231
P2 / V_APP,original_current_interface,1,60,752625,12.54375,deliverables/prepaper_evidence_closeout_v1/timing/batches.jsonl,1232
P2 / V_APP,original_current_interface,2,60,778375,12.972916666666666,deliverables/prepaper_evidence_closeout_v1/timing/batches.jsonl,1233
P2 / V_APP,original_current_interface,3,60,755333,12.588883333333333,deliverables/prepaper_evidence_closeout_v1/timing/batches.jsonl,1234
P2 / V_APP,original_current_interface,4,60,836333,13.938883333333333,deliverables/prepaper_evidence_closeout_v1/timing/batches.jsonl,1235
P2 / V_APP,original_current_interface,5,60,791375,13.189583333333333,deliverables/prepaper_evidence_closeout_v1/timing/batches.jsonl,1236
P2 / V_APP,original_current_interface,6,60,782583,13.04305,deliverables/prepaper_evidence_closeout_v1/timing/batches.jsonl,1237
P2 / V_APP,original_current_interface,7,60,779708,12.995133333333333,deliverables/prepaper_evidence_closeout_v1/timing/batches.jsonl,1238
P2 / V_APP,original_current_interface,8,60,779458,12.990966666666667,deliverables/prepaper_evidence_closeout_v1/timing/batches.jsonl,1239
P2 / V_APP,original_current_interface,9,60,769250,12.820833333333335,deliverables/prepaper_evidence_closeout_v1/timing/batches.jsonl,1240
P2 / V_APP,cached_from_adapted,0,60,1162292,19.371533333333332,deliverables/prepaper_evidence_closeout_v1/timing/batches.jsonl,1241
P2 / V_APP,cached_from_adapted,1,60,1163833,19.39721666666667,deliverables/prepaper_evidence_closeout_v1/timing/batches.jsonl,1242
P2 / V_APP,cached_from_adapted,2,60,1166250,19.4375,deliverables/prepaper_evidence_closeout_v1/timing/batches.jsonl,1243
P2 / V_APP,cached_from_adapted,3,60,1162833,19.38055,deliverables/prepaper_evidence_closeout_v1/timing/batches.jsonl,1244
P2 / V_APP,cached_from_adapted,4,60,1159750,19.32916666666667,deliverables/prepaper_evidence_closeout_v1/timing/batches.jsonl,1245
P2 / V_APP,cached_from_adapted,5,60,1160375,19.339583333333334,deliverables/prepaper_evidence_closeout_v1/timing/batches.jsonl,1246
P2 / V_APP,cached_from_adapted,6,60,1160458,19.340966666666667,deliverables/prepaper_evidence_closeout_v1/timing/batches.jsonl,1247
P2 / V_APP,cached_from_adapted,7,60,1207584,20.1264,deliverables/prepaper_evidence_closeout_v1/timing/batches.jsonl,1248
P2 / V_APP,cached_from_adapted,8,60,1143708,19.061799999999998,deliverables/prepaper_evidence_closeout_v1/timing/batches.jsonl,1249
P2 / V_APP,cached_from_adapted,9,60,1139875,18.99791666666667,deliverables/prepaper_evidence_closeout_v1/timing/batches.jsonl,1250
P2 / V_APP,loaded_raw_to_original,0,60,455407583,7590.126383333334,deliverables/prepaper_evidence_closeout_v1/timing/batches.jsonl,1251
P2 / V_APP,loaded_raw_to_original,1,60,476411458,7940.190966666667,deliverables/prepaper_evidence_closeout_v1/timing/batches.jsonl,1252
P2 / V_APP,loaded_raw_to_original,2,60,454575125,7576.252083333333,deliverables/prepaper_evidence_closeout_v1/timing/batches.jsonl,1253
P2 / V_APP,loaded_raw_to_original,3,60,458524416,7642.0736,deliverables/prepaper_evidence_closeout_v1/timing/batches.jsonl,1254
P2 / V_APP,loaded_raw_to_original,4,60,456526375,7608.772916666667,deliverables/prepaper_evidence_closeout_v1/timing/batches.jsonl,1255
P2 / V_APP,loaded_raw_to_original,5,60,455425458,7590.4243,deliverables/prepaper_evidence_closeout_v1/timing/batches.jsonl,1256
P2 / V_APP,loaded_raw_to_original,6,60,454105542,7568.4257,deliverables/prepaper_evidence_closeout_v1/timing/batches.jsonl,1257
P2 / V_APP,loaded_raw_to_original,7,60,457424750,7623.745833333333,deliverables/prepaper_evidence_closeout_v1/timing/batches.jsonl,1258
P2 / V_APP,loaded_raw_to_original,8,60,454971167,7582.852783333333,deliverables/prepaper_evidence_closeout_v1/timing/batches.jsonl,1259
P2 / V_APP,loaded_raw_to_original,9,60,455697042,7594.9507,deliverables/prepaper_evidence_closeout_v1/timing/batches.jsonl,1260
P2 / V_APP,loaded_raw_to_cached,0,60,459674167,7661.236116666666,deliverables/prepaper_evidence_closeout_v1/timing/batches.jsonl,1261
P2 / V_APP,loaded_raw_to_cached,1,60,478227375,7970.45625,deliverables/prepaper_evidence_closeout_v1/timing/batches.jsonl,1262
P2 / V_APP,loaded_raw_to_cached,2,60,457015834,7616.930566666666,deliverables/prepaper_evidence_closeout_v1/timing/batches.jsonl,1263
P2 / V_APP,loaded_raw_to_cached,3,60,453393959,7556.565983333333,deliverables/prepaper_evidence_closeout_v1/timing/batches.jsonl,1264
P2 / V_APP,loaded_raw_to_cached,4,60,454082958,7568.0493,deliverables/prepaper_evidence_closeout_v1/timing/batches.jsonl,1265
P2 / V_APP,loaded_raw_to_cached,5,60,454471542,7574.5257,deliverables/prepaper_evidence_closeout_v1/timing/batches.jsonl,1266
P2 / V_APP,loaded_raw_to_cached,6,60,455599916,7593.331933333334,deliverables/prepaper_evidence_closeout_v1/timing/batches.jsonl,1267
P2 / V_APP,loaded_raw_to_cached,7,60,454636583,7577.276383333334,deliverables/prepaper_evidence_closeout_v1/timing/batches.jsonl,1268
P2 / V_APP,loaded_raw_to_cached,8,60,456215958,7603.5993,deliverables/prepaper_evidence_closeout_v1/timing/batches.jsonl,1269
P2 / V_APP,loaded_raw_to_cached,9,60,457775625,7629.59375,deliverables/prepaper_evidence_closeout_v1/timing/batches.jsonl,1270
P2 / V_BROWSER,load_parse_validate,0,1,470667,470.667,deliverables/prepaper_evidence_closeout_v1/timing/batches.jsonl,1271
P2 / V_BROWSER,load_parse_validate,1,1,404750,404.75,deliverables/prepaper_evidence_closeout_v1/timing/batches.jsonl,1272
P2 / V_BROWSER,load_parse_validate,2,1,418541,418.541,deliverables/prepaper_evidence_closeout_v1/timing/batches.jsonl,1273
P2 / V_BROWSER,load_parse_validate,3,1,400500,400.5,deliverables/prepaper_evidence_closeout_v1/timing/batches.jsonl,1274
P2 / V_BROWSER,load_parse_validate,4,1,394458,394.458,deliverables/prepaper_evidence_closeout_v1/timing/batches.jsonl,1275
P2 / V_BROWSER,load_parse_validate,5,1,393708,393.708,deliverables/prepaper_evidence_closeout_v1/timing/batches.jsonl,1276
P2 / V_BROWSER,load_parse_validate,6,1,402625,402.625,deliverables/prepaper_evidence_closeout_v1/timing/batches.jsonl,1277
P2 / V_BROWSER,load_parse_validate,7,1,394083,394.083,deliverables/prepaper_evidence_closeout_v1/timing/batches.jsonl,1278
P2 / V_BROWSER,load_parse_validate,8,1,388208,388.208,deliverables/prepaper_evidence_closeout_v1/timing/batches.jsonl,1279
P2 / V_BROWSER,load_parse_validate,9,1,387375,387.375,deliverables/prepaper_evidence_closeout_v1/timing/batches.jsonl,1280
P2 / V_BROWSER,model_input_prepare,0,60,745292,12.421533333333333,deliverables/prepaper_evidence_closeout_v1/timing/batches.jsonl,1281
P2 / V_BROWSER,model_input_prepare,1,60,739416,12.3236,deliverables/prepaper_evidence_closeout_v1/timing/batches.jsonl,1282
P2 / V_BROWSER,model_input_prepare,2,60,735167,12.252783333333333,deliverables/prepaper_evidence_closeout_v1/timing/batches.jsonl,1283
P2 / V_BROWSER,model_input_prepare,3,60,730292,12.171533333333333,deliverables/prepaper_evidence_closeout_v1/timing/batches.jsonl,1284
P2 / V_BROWSER,model_input_prepare,4,60,731292,12.1882,deliverables/prepaper_evidence_closeout_v1/timing/batches.jsonl,1285
P2 / V_BROWSER,model_input_prepare,5,60,777417,12.95695,deliverables/prepaper_evidence_closeout_v1/timing/batches.jsonl,1286
P2 / V_BROWSER,model_input_prepare,6,60,762750,12.7125,deliverables/prepaper_evidence_closeout_v1/timing/batches.jsonl,1287
P2 / V_BROWSER,model_input_prepare,7,60,732333,12.205549999999999,deliverables/prepaper_evidence_closeout_v1/timing/batches.jsonl,1288
P2 / V_BROWSER,model_input_prepare,8,60,728625,12.14375,deliverables/prepaper_evidence_closeout_v1/timing/batches.jsonl,1289
P2 / V_BROWSER,model_input_prepare,9,60,730833,12.180549999999998,deliverables/prepaper_evidence_closeout_v1/timing/batches.jsonl,1290
P2 / V_BROWSER,prepared_inference,0,60,124791,2.07985,deliverables/prepaper_evidence_closeout_v1/timing/batches.jsonl,1291
P2 / V_BROWSER,prepared_inference,1,60,123500,2.0583333333333336,deliverables/prepaper_evidence_closeout_v1/timing/batches.jsonl,1292
P2 / V_BROWSER,prepared_inference,2,60,122500,2.041666666666667,deliverables/prepaper_evidence_closeout_v1/timing/batches.jsonl,1293
P2 / V_BROWSER,prepared_inference,3,60,121750,2.029166666666667,deliverables/prepaper_evidence_closeout_v1/timing/batches.jsonl,1294
P2 / V_BROWSER,prepared_inference,4,60,121542,2.0257,deliverables/prepaper_evidence_closeout_v1/timing/batches.jsonl,1295
P2 / V_BROWSER,prepared_inference,5,60,122167,2.0361166666666666,deliverables/prepaper_evidence_closeout_v1/timing/batches.jsonl,1296
P2 / V_BROWSER,prepared_inference,6,60,121875,2.03125,deliverables/prepaper_evidence_closeout_v1/timing/batches.jsonl,1297
P2 / V_BROWSER,prepared_inference,7,60,124416,2.0736,deliverables/prepaper_evidence_closeout_v1/timing/batches.jsonl,1298
P2 / V_BROWSER,prepared_inference,8,60,123042,2.0507,deliverables/prepaper_evidence_closeout_v1/timing/batches.jsonl,1299
P2 / V_BROWSER,prepared_inference,9,60,120542,2.0090333333333334,deliverables/prepaper_evidence_closeout_v1/timing/batches.jsonl,1300
P2 / V_BROWSER,original_current_interface,0,60,610708,10.178466666666667,deliverables/prepaper_evidence_closeout_v1/timing/batches.jsonl,1301
P2 / V_BROWSER,original_current_interface,1,60,607000,10.116666666666665,deliverables/prepaper_evidence_closeout_v1/timing/batches.jsonl,1302
P2 / V_BROWSER,original_current_interface,2,60,606167,10.102783333333333,deliverables/prepaper_evidence_closeout_v1/timing/batches.jsonl,1303
P2 / V_BROWSER,original_current_interface,3,60,606709,10.111816666666668,deliverables/prepaper_evidence_closeout_v1/timing/batches.jsonl,1304
P2 / V_BROWSER,original_current_interface,4,60,609542,10.159033333333333,deliverables/prepaper_evidence_closeout_v1/timing/batches.jsonl,1305
P2 / V_BROWSER,original_current_interface,5,60,609625,10.160416666666666,deliverables/prepaper_evidence_closeout_v1/timing/batches.jsonl,1306
P2 / V_BROWSER,original_current_interface,6,60,621125,10.352083333333335,deliverables/prepaper_evidence_closeout_v1/timing/batches.jsonl,1307
P2 / V_BROWSER,original_current_interface,7,60,608583,10.143049999999999,deliverables/prepaper_evidence_closeout_v1/timing/batches.jsonl,1308
P2 / V_BROWSER,original_current_interface,8,60,606708,10.111799999999999,deliverables/prepaper_evidence_closeout_v1/timing/batches.jsonl,1309
P2 / V_BROWSER,original_current_interface,9,60,611209,10.186816666666667,deliverables/prepaper_evidence_closeout_v1/timing/batches.jsonl,1310
P2 / V_BROWSER,cached_from_adapted,0,60,882125,14.702083333333334,deliverables/prepaper_evidence_closeout_v1/timing/batches.jsonl,1311
P2 / V_BROWSER,cached_from_adapted,1,60,870625,14.510416666666666,deliverables/prepaper_evidence_closeout_v1/timing/batches.jsonl,1312
P2 / V_BROWSER,cached_from_adapted,2,60,869167,14.486116666666668,deliverables/prepaper_evidence_closeout_v1/timing/batches.jsonl,1313
P2 / V_BROWSER,cached_from_adapted,3,60,867750,14.4625,deliverables/prepaper_evidence_closeout_v1/timing/batches.jsonl,1314
P2 / V_BROWSER,cached_from_adapted,4,60,867084,14.4514,deliverables/prepaper_evidence_closeout_v1/timing/batches.jsonl,1315
P2 / V_BROWSER,cached_from_adapted,5,60,867875,14.464583333333334,deliverables/prepaper_evidence_closeout_v1/timing/batches.jsonl,1316
P2 / V_BROWSER,cached_from_adapted,6,60,881000,14.683333333333334,deliverables/prepaper_evidence_closeout_v1/timing/batches.jsonl,1317
P2 / V_BROWSER,cached_from_adapted,7,60,888458,14.807633333333333,deliverables/prepaper_evidence_closeout_v1/timing/batches.jsonl,1318
P2 / V_BROWSER,cached_from_adapted,8,60,870125,14.502083333333333,deliverables/prepaper_evidence_closeout_v1/timing/batches.jsonl,1319
P2 / V_BROWSER,cached_from_adapted,9,60,871750,14.529166666666667,deliverables/prepaper_evidence_closeout_v1/timing/batches.jsonl,1320
P2 / V_BROWSER,loaded_raw_to_original,0,60,455756083,7595.934716666667,deliverables/prepaper_evidence_closeout_v1/timing/batches.jsonl,1321
P2 / V_BROWSER,loaded_raw_to_original,1,60,480259917,8004.33195,deliverables/prepaper_evidence_closeout_v1/timing/batches.jsonl,1322
P2 / V_BROWSER,loaded_raw_to_original,2,60,456841541,7614.025683333333,deliverables/prepaper_evidence_closeout_v1/timing/batches.jsonl,1323
P2 / V_BROWSER,loaded_raw_to_original,3,60,455035292,7583.921533333333,deliverables/prepaper_evidence_closeout_v1/timing/batches.jsonl,1324
P2 / V_BROWSER,loaded_raw_to_original,4,60,456525292,7608.754866666666,deliverables/prepaper_evidence_closeout_v1/timing/batches.jsonl,1325
P2 / V_BROWSER,loaded_raw_to_original,5,60,456673750,7611.229166666667,deliverables/prepaper_evidence_closeout_v1/timing/batches.jsonl,1326
P2 / V_BROWSER,loaded_raw_to_original,6,60,457989875,7633.164583333333,deliverables/prepaper_evidence_closeout_v1/timing/batches.jsonl,1327
P2 / V_BROWSER,loaded_raw_to_original,7,60,457889083,7631.484716666667,deliverables/prepaper_evidence_closeout_v1/timing/batches.jsonl,1328
P2 / V_BROWSER,loaded_raw_to_original,8,60,460078750,7667.979166666667,deliverables/prepaper_evidence_closeout_v1/timing/batches.jsonl,1329
P2 / V_BROWSER,loaded_raw_to_original,9,60,456980833,7616.347216666667,deliverables/prepaper_evidence_closeout_v1/timing/batches.jsonl,1330
P2 / V_BROWSER,loaded_raw_to_cached,0,60,457538208,7625.6368,deliverables/prepaper_evidence_closeout_v1/timing/batches.jsonl,1331
P2 / V_BROWSER,loaded_raw_to_cached,1,60,477430291,7957.171516666666,deliverables/prepaper_evidence_closeout_v1/timing/batches.jsonl,1332
P2 / V_BROWSER,loaded_raw_to_cached,2,60,457700291,7628.338183333333,deliverables/prepaper_evidence_closeout_v1/timing/batches.jsonl,1333
P2 / V_BROWSER,loaded_raw_to_cached,3,60,458731792,7645.529866666666,deliverables/prepaper_evidence_closeout_v1/timing/batches.jsonl,1334
P2 / V_BROWSER,loaded_raw_to_cached,4,60,458098667,7634.977783333333,deliverables/prepaper_evidence_closeout_v1/timing/batches.jsonl,1335
P2 / V_BROWSER,loaded_raw_to_cached,5,60,456867667,7614.461116666666,deliverables/prepaper_evidence_closeout_v1/timing/batches.jsonl,1336
P2 / V_BROWSER,loaded_raw_to_cached,6,60,457128250,7618.804166666667,deliverables/prepaper_evidence_closeout_v1/timing/batches.jsonl,1337
P2 / V_BROWSER,loaded_raw_to_cached,7,60,457019417,7616.9902833333335,deliverables/prepaper_evidence_closeout_v1/timing/batches.jsonl,1338
P2 / V_BROWSER,loaded_raw_to_cached,8,60,460418916,7673.6485999999995,deliverables/prepaper_evidence_closeout_v1/timing/batches.jsonl,1339
P2 / V_BROWSER,loaded_raw_to_cached,9,60,457297584,7621.6264,deliverables/prepaper_evidence_closeout_v1/timing/batches.jsonl,1340
P2 / V_BOTH,load_parse_validate,0,1,463834,463.834,deliverables/prepaper_evidence_closeout_v1/timing/batches.jsonl,1341
P2 / V_BOTH,load_parse_validate,1,1,416708,416.708,deliverables/prepaper_evidence_closeout_v1/timing/batches.jsonl,1342
P2 / V_BOTH,load_parse_validate,2,1,412292,412.292,deliverables/prepaper_evidence_closeout_v1/timing/batches.jsonl,1343
P2 / V_BOTH,load_parse_validate,3,1,397458,397.458,deliverables/prepaper_evidence_closeout_v1/timing/batches.jsonl,1344
P2 / V_BOTH,load_parse_validate,4,1,396125,396.125,deliverables/prepaper_evidence_closeout_v1/timing/batches.jsonl,1345
P2 / V_BOTH,load_parse_validate,5,1,407875,407.875,deliverables/prepaper_evidence_closeout_v1/timing/batches.jsonl,1346
P2 / V_BOTH,load_parse_validate,6,1,395667,395.667,deliverables/prepaper_evidence_closeout_v1/timing/batches.jsonl,1347
P2 / V_BOTH,load_parse_validate,7,1,391958,391.958,deliverables/prepaper_evidence_closeout_v1/timing/batches.jsonl,1348
P2 / V_BOTH,load_parse_validate,8,1,392417,392.417,deliverables/prepaper_evidence_closeout_v1/timing/batches.jsonl,1349
P2 / V_BOTH,load_parse_validate,9,1,392167,392.167,deliverables/prepaper_evidence_closeout_v1/timing/batches.jsonl,1350
P2 / V_BOTH,model_input_prepare,0,60,1523750,25.395833333333332,deliverables/prepaper_evidence_closeout_v1/timing/batches.jsonl,1351
P2 / V_BOTH,model_input_prepare,1,60,1496833,24.947216666666666,deliverables/prepaper_evidence_closeout_v1/timing/batches.jsonl,1352
P2 / V_BOTH,model_input_prepare,2,60,1494625,24.910416666666666,deliverables/prepaper_evidence_closeout_v1/timing/batches.jsonl,1353
P2 / V_BOTH,model_input_prepare,3,60,1509042,25.1507,deliverables/prepaper_evidence_closeout_v1/timing/batches.jsonl,1354
P2 / V_BOTH,model_input_prepare,4,60,1616459,26.940983333333335,deliverables/prepaper_evidence_closeout_v1/timing/batches.jsonl,1355
P2 / V_BOTH,model_input_prepare,5,60,1494500,24.90833333333333,deliverables/prepaper_evidence_closeout_v1/timing/batches.jsonl,1356
P2 / V_BOTH,model_input_prepare,6,60,1498375,24.972916666666666,deliverables/prepaper_evidence_closeout_v1/timing/batches.jsonl,1357
P2 / V_BOTH,model_input_prepare,7,60,1482542,24.709033333333334,deliverables/prepaper_evidence_closeout_v1/timing/batches.jsonl,1358
P2 / V_BOTH,model_input_prepare,8,60,1488084,24.8014,deliverables/prepaper_evidence_closeout_v1/timing/batches.jsonl,1359
P2 / V_BOTH,model_input_prepare,9,60,1483000,24.71666666666667,deliverables/prepaper_evidence_closeout_v1/timing/batches.jsonl,1360
P2 / V_BOTH,prepared_inference,0,60,126542,2.109033333333333,deliverables/prepaper_evidence_closeout_v1/timing/batches.jsonl,1361
P2 / V_BOTH,prepared_inference,1,60,123708,2.0618000000000003,deliverables/prepaper_evidence_closeout_v1/timing/batches.jsonl,1362
P2 / V_BOTH,prepared_inference,2,60,123375,2.05625,deliverables/prepaper_evidence_closeout_v1/timing/batches.jsonl,1363
P2 / V_BOTH,prepared_inference,3,60,122750,2.0458333333333334,deliverables/prepaper_evidence_closeout_v1/timing/batches.jsonl,1364
P2 / V_BOTH,prepared_inference,4,60,123083,2.0513833333333333,deliverables/prepaper_evidence_closeout_v1/timing/batches.jsonl,1365
P2 / V_BOTH,prepared_inference,5,60,123125,2.0520833333333335,deliverables/prepaper_evidence_closeout_v1/timing/batches.jsonl,1366
P2 / V_BOTH,prepared_inference,6,60,122750,2.0458333333333334,deliverables/prepaper_evidence_closeout_v1/timing/batches.jsonl,1367
P2 / V_BOTH,prepared_inference,7,60,121958,2.0326333333333335,deliverables/prepaper_evidence_closeout_v1/timing/batches.jsonl,1368
P2 / V_BOTH,prepared_inference,8,60,128833,2.1472166666666666,deliverables/prepaper_evidence_closeout_v1/timing/batches.jsonl,1369
P2 / V_BOTH,prepared_inference,9,60,121875,2.03125,deliverables/prepaper_evidence_closeout_v1/timing/batches.jsonl,1370
P2 / V_BOTH,original_current_interface,0,60,1074666,17.911099999999998,deliverables/prepaper_evidence_closeout_v1/timing/batches.jsonl,1371
P2 / V_BOTH,original_current_interface,1,60,1021959,17.03265,deliverables/prepaper_evidence_closeout_v1/timing/batches.jsonl,1372
P2 / V_BOTH,original_current_interface,2,60,1032041,17.200683333333334,deliverables/prepaper_evidence_closeout_v1/timing/batches.jsonl,1373
P2 / V_BOTH,original_current_interface,3,60,1018750,16.979166666666668,deliverables/prepaper_evidence_closeout_v1/timing/batches.jsonl,1374
P2 / V_BOTH,original_current_interface,4,60,1019000,16.98333333333333,deliverables/prepaper_evidence_closeout_v1/timing/batches.jsonl,1375
P2 / V_BOTH,original_current_interface,5,60,1022000,17.03333333333333,deliverables/prepaper_evidence_closeout_v1/timing/batches.jsonl,1376
P2 / V_BOTH,original_current_interface,6,60,1025958,17.0993,deliverables/prepaper_evidence_closeout_v1/timing/batches.jsonl,1377
P2 / V_BOTH,original_current_interface,7,60,1019041,16.984016666666665,deliverables/prepaper_evidence_closeout_v1/timing/batches.jsonl,1378
P2 / V_BOTH,original_current_interface,8,60,1021333,17.02221666666667,deliverables/prepaper_evidence_closeout_v1/timing/batches.jsonl,1379
P2 / V_BOTH,original_current_interface,9,60,1020208,17.003466666666668,deliverables/prepaper_evidence_closeout_v1/timing/batches.jsonl,1380
P2 / V_BOTH,cached_from_adapted,0,60,1713500,28.558333333333334,deliverables/prepaper_evidence_closeout_v1/timing/batches.jsonl,1381
P2 / V_BOTH,cached_from_adapted,1,60,1677291,27.954849999999997,deliverables/prepaper_evidence_closeout_v1/timing/batches.jsonl,1382
P2 / V_BOTH,cached_from_adapted,2,60,1623417,27.05695,deliverables/prepaper_evidence_closeout_v1/timing/batches.jsonl,1383
P2 / V_BOTH,cached_from_adapted,3,60,1624959,27.08265,deliverables/prepaper_evidence_closeout_v1/timing/batches.jsonl,1384
P2 / V_BOTH,cached_from_adapted,4,60,1625958,27.0993,deliverables/prepaper_evidence_closeout_v1/timing/batches.jsonl,1385
P2 / V_BOTH,cached_from_adapted,5,60,1627458,27.124299999999998,deliverables/prepaper_evidence_closeout_v1/timing/batches.jsonl,1386
P2 / V_BOTH,cached_from_adapted,6,60,1628666,27.144433333333335,deliverables/prepaper_evidence_closeout_v1/timing/batches.jsonl,1387
P2 / V_BOTH,cached_from_adapted,7,60,1623167,27.052783333333334,deliverables/prepaper_evidence_closeout_v1/timing/batches.jsonl,1388
P2 / V_BOTH,cached_from_adapted,8,60,1639375,27.322916666666668,deliverables/prepaper_evidence_closeout_v1/timing/batches.jsonl,1389
P2 / V_BOTH,cached_from_adapted,9,60,1617875,26.964583333333334,deliverables/prepaper_evidence_closeout_v1/timing/batches.jsonl,1390
P2 / V_BOTH,loaded_raw_to_original,0,60,495850791,8264.17985,deliverables/prepaper_evidence_closeout_v1/timing/batches.jsonl,1391
P2 / V_BOTH,loaded_raw_to_original,1,60,476807542,7946.792366666667,deliverables/prepaper_evidence_closeout_v1/timing/batches.jsonl,1392
P2 / V_BOTH,loaded_raw_to_original,2,60,455872625,7597.877083333333,deliverables/prepaper_evidence_closeout_v1/timing/batches.jsonl,1393
P2 / V_BOTH,loaded_raw_to_original,3,60,458416250,7640.270833333333,deliverables/prepaper_evidence_closeout_v1/timing/batches.jsonl,1394
P2 / V_BOTH,loaded_raw_to_original,4,60,458037000,7633.95,deliverables/prepaper_evidence_closeout_v1/timing/batches.jsonl,1395
P2 / V_BOTH,loaded_raw_to_original,5,60,457476042,7624.6007,deliverables/prepaper_evidence_closeout_v1/timing/batches.jsonl,1396
P2 / V_BOTH,loaded_raw_to_original,6,60,456868750,7614.479166666667,deliverables/prepaper_evidence_closeout_v1/timing/batches.jsonl,1397
P2 / V_BOTH,loaded_raw_to_original,7,60,458304750,7638.4125,deliverables/prepaper_evidence_closeout_v1/timing/batches.jsonl,1398
P2 / V_BOTH,loaded_raw_to_original,8,60,457017375,7616.95625,deliverables/prepaper_evidence_closeout_v1/timing/batches.jsonl,1399
P2 / V_BOTH,loaded_raw_to_original,9,60,459424708,7657.078466666667,deliverables/prepaper_evidence_closeout_v1/timing/batches.jsonl,1400
P2 / V_BOTH,loaded_raw_to_cached,0,60,459026834,7650.447233333333,deliverables/prepaper_evidence_closeout_v1/timing/batches.jsonl,1401
P2 / V_BOTH,loaded_raw_to_cached,1,60,477511542,7958.5257,deliverables/prepaper_evidence_closeout_v1/timing/batches.jsonl,1402
P2 / V_BOTH,loaded_raw_to_cached,2,60,456199375,7603.322916666667,deliverables/prepaper_evidence_closeout_v1/timing/batches.jsonl,1403
P2 / V_BOTH,loaded_raw_to_cached,3,60,457083417,7618.05695,deliverables/prepaper_evidence_closeout_v1/timing/batches.jsonl,1404
P2 / V_BOTH,loaded_raw_to_cached,4,60,455864417,7597.7402833333335,deliverables/prepaper_evidence_closeout_v1/timing/batches.jsonl,1405
P2 / V_BOTH,loaded_raw_to_cached,5,60,456835708,7613.928466666667,deliverables/prepaper_evidence_closeout_v1/timing/batches.jsonl,1406
P2 / V_BOTH,loaded_raw_to_cached,6,60,456945375,7615.75625,deliverables/prepaper_evidence_closeout_v1/timing/batches.jsonl,1407
P2 / V_BOTH,loaded_raw_to_cached,7,60,457511417,7625.190283333333,deliverables/prepaper_evidence_closeout_v1/timing/batches.jsonl,1408
P2 / V_BOTH,loaded_raw_to_cached,8,60,460089083,7668.151383333334,deliverables/prepaper_evidence_closeout_v1/timing/batches.jsonl,1409
P2 / V_BOTH,loaded_raw_to_cached,9,60,458772917,7646.215283333333,deliverables/prepaper_evidence_closeout_v1/timing/batches.jsonl,1410
P2 / V_BOTH_REL,load_parse_validate,0,1,483834,483.834,deliverables/prepaper_evidence_closeout_v1/timing/batches.jsonl,1411
P2 / V_BOTH_REL,load_parse_validate,1,1,407208,407.208,deliverables/prepaper_evidence_closeout_v1/timing/batches.jsonl,1412
P2 / V_BOTH_REL,load_parse_validate,2,1,402584,402.584,deliverables/prepaper_evidence_closeout_v1/timing/batches.jsonl,1413
P2 / V_BOTH_REL,load_parse_validate,3,1,396500,396.5,deliverables/prepaper_evidence_closeout_v1/timing/batches.jsonl,1414
P2 / V_BOTH_REL,load_parse_validate,4,1,394583,394.583,deliverables/prepaper_evidence_closeout_v1/timing/batches.jsonl,1415
P2 / V_BOTH_REL,load_parse_validate,5,1,391416,391.416,deliverables/prepaper_evidence_closeout_v1/timing/batches.jsonl,1416
P2 / V_BOTH_REL,load_parse_validate,6,1,392333,392.333,deliverables/prepaper_evidence_closeout_v1/timing/batches.jsonl,1417
P2 / V_BOTH_REL,load_parse_validate,7,1,392208,392.208,deliverables/prepaper_evidence_closeout_v1/timing/batches.jsonl,1418
P2 / V_BOTH_REL,load_parse_validate,8,1,391834,391.834,deliverables/prepaper_evidence_closeout_v1/timing/batches.jsonl,1419
P2 / V_BOTH_REL,load_parse_validate,9,1,388000,388.0,deliverables/prepaper_evidence_closeout_v1/timing/batches.jsonl,1420
P2 / V_BOTH_REL,model_input_prepare,0,60,2300209,38.336816666666664,deliverables/prepaper_evidence_closeout_v1/timing/batches.jsonl,1421
P2 / V_BOTH_REL,model_input_prepare,1,60,2440459,40.67431666666666,deliverables/prepaper_evidence_closeout_v1/timing/batches.jsonl,1422
P2 / V_BOTH_REL,model_input_prepare,2,60,2029541,33.82568333333334,deliverables/prepaper_evidence_closeout_v1/timing/batches.jsonl,1423
P2 / V_BOTH_REL,model_input_prepare,3,60,1977833,32.96388333333333,deliverables/prepaper_evidence_closeout_v1/timing/batches.jsonl,1424
P2 / V_BOTH_REL,model_input_prepare,4,60,1984041,33.06735,deliverables/prepaper_evidence_closeout_v1/timing/batches.jsonl,1425
P2 / V_BOTH_REL,model_input_prepare,5,60,1980334,33.00556666666667,deliverables/prepaper_evidence_closeout_v1/timing/batches.jsonl,1426
P2 / V_BOTH_REL,model_input_prepare,6,60,1965916,32.76526666666667,deliverables/prepaper_evidence_closeout_v1/timing/batches.jsonl,1427
P2 / V_BOTH_REL,model_input_prepare,7,60,2052583,34.209716666666665,deliverables/prepaper_evidence_closeout_v1/timing/batches.jsonl,1428
P2 / V_BOTH_REL,model_input_prepare,8,60,2028875,33.81458333333334,deliverables/prepaper_evidence_closeout_v1/timing/batches.jsonl,1429
P2 / V_BOTH_REL,model_input_prepare,9,60,2010750,33.5125,deliverables/prepaper_evidence_closeout_v1/timing/batches.jsonl,1430
P2 / V_BOTH_REL,prepared_inference,0,60,124542,2.0757,deliverables/prepaper_evidence_closeout_v1/timing/batches.jsonl,1431
P2 / V_BOTH_REL,prepared_inference,1,60,124458,2.0743,deliverables/prepaper_evidence_closeout_v1/timing/batches.jsonl,1432
P2 / V_BOTH_REL,prepared_inference,2,60,122083,2.0347166666666667,deliverables/prepaper_evidence_closeout_v1/timing/batches.jsonl,1433
P2 / V_BOTH_REL,prepared_inference,3,60,121667,2.0277833333333333,deliverables/prepaper_evidence_closeout_v1/timing/batches.jsonl,1434
P2 / V_BOTH_REL,prepared_inference,4,60,121916,2.0319333333333334,deliverables/prepaper_evidence_closeout_v1/timing/batches.jsonl,1435
P2 / V_BOTH_REL,prepared_inference,5,60,121916,2.0319333333333334,deliverables/prepaper_evidence_closeout_v1/timing/batches.jsonl,1436
P2 / V_BOTH_REL,prepared_inference,6,60,121834,2.0305666666666666,deliverables/prepaper_evidence_closeout_v1/timing/batches.jsonl,1437
P2 / V_BOTH_REL,prepared_inference,7,60,124209,2.07015,deliverables/prepaper_evidence_closeout_v1/timing/batches.jsonl,1438
P2 / V_BOTH_REL,prepared_inference,8,60,121958,2.0326333333333335,deliverables/prepaper_evidence_closeout_v1/timing/batches.jsonl,1439
P2 / V_BOTH_REL,prepared_inference,9,60,121334,2.0222333333333333,deliverables/prepaper_evidence_closeout_v1/timing/batches.jsonl,1440
P2 / V_BOTH_REL,original_current_interface,0,60,1196708,19.945133333333334,deliverables/prepaper_evidence_closeout_v1/timing/batches.jsonl,1441
P2 / V_BOTH_REL,original_current_interface,1,60,1171625,19.527083333333334,deliverables/prepaper_evidence_closeout_v1/timing/batches.jsonl,1442
P2 / V_BOTH_REL,original_current_interface,2,60,1168083,19.468049999999998,deliverables/prepaper_evidence_closeout_v1/timing/batches.jsonl,1443
P2 / V_BOTH_REL,original_current_interface,3,60,1236250,20.604166666666668,deliverables/prepaper_evidence_closeout_v1/timing/batches.jsonl,1444
P2 / V_BOTH_REL,original_current_interface,4,60,1182750,19.7125,deliverables/prepaper_evidence_closeout_v1/timing/batches.jsonl,1445
P2 / V_BOTH_REL,original_current_interface,5,60,1162000,19.366666666666667,deliverables/prepaper_evidence_closeout_v1/timing/batches.jsonl,1446
P2 / V_BOTH_REL,original_current_interface,6,60,1169958,19.499299999999998,deliverables/prepaper_evidence_closeout_v1/timing/batches.jsonl,1447
P2 / V_BOTH_REL,original_current_interface,7,60,1153375,19.222916666666666,deliverables/prepaper_evidence_closeout_v1/timing/batches.jsonl,1448
P2 / V_BOTH_REL,original_current_interface,8,60,1161875,19.364583333333332,deliverables/prepaper_evidence_closeout_v1/timing/batches.jsonl,1449
P2 / V_BOTH_REL,original_current_interface,9,60,1152292,19.204866666666664,deliverables/prepaper_evidence_closeout_v1/timing/batches.jsonl,1450
P2 / V_BOTH_REL,cached_from_adapted,0,60,2136791,35.61318333333333,deliverables/prepaper_evidence_closeout_v1/timing/batches.jsonl,1451
P2 / V_BOTH_REL,cached_from_adapted,1,60,2336625,38.94375,deliverables/prepaper_evidence_closeout_v1/timing/batches.jsonl,1452
P2 / V_BOTH_REL,cached_from_adapted,2,60,2189166,36.4861,deliverables/prepaper_evidence_closeout_v1/timing/batches.jsonl,1453
P2 / V_BOTH_REL,cached_from_adapted,3,60,2139500,35.65833333333334,deliverables/prepaper_evidence_closeout_v1/timing/batches.jsonl,1454
P2 / V_BOTH_REL,cached_from_adapted,4,60,2128792,35.479866666666666,deliverables/prepaper_evidence_closeout_v1/timing/batches.jsonl,1455
P2 / V_BOTH_REL,cached_from_adapted,5,60,2179250,36.32083333333333,deliverables/prepaper_evidence_closeout_v1/timing/batches.jsonl,1456
P2 / V_BOTH_REL,cached_from_adapted,6,60,2130625,35.510416666666664,deliverables/prepaper_evidence_closeout_v1/timing/batches.jsonl,1457
P2 / V_BOTH_REL,cached_from_adapted,7,60,2151167,35.852783333333335,deliverables/prepaper_evidence_closeout_v1/timing/batches.jsonl,1458
P2 / V_BOTH_REL,cached_from_adapted,8,60,2161792,36.02986666666667,deliverables/prepaper_evidence_closeout_v1/timing/batches.jsonl,1459
P2 / V_BOTH_REL,cached_from_adapted,9,60,2529167,42.15278333333333,deliverables/prepaper_evidence_closeout_v1/timing/batches.jsonl,1460
P2 / V_BOTH_REL,loaded_raw_to_original,0,60,476817625,7946.960416666667,deliverables/prepaper_evidence_closeout_v1/timing/batches.jsonl,1461
P2 / V_BOTH_REL,loaded_raw_to_original,1,60,550051792,9167.529866666668,deliverables/prepaper_evidence_closeout_v1/timing/batches.jsonl,1462
P2 / V_BOTH_REL,loaded_raw_to_original,2,60,460890292,7681.504866666666,deliverables/prepaper_evidence_closeout_v1/timing/batches.jsonl,1463
P2 / V_BOTH_REL,loaded_raw_to_original,3,60,532175708,8869.595133333332,deliverables/prepaper_evidence_closeout_v1/timing/batches.jsonl,1464
P2 / V_BOTH_REL,loaded_raw_to_original,4,60,458058417,7634.30695,deliverables/prepaper_evidence_closeout_v1/timing/batches.jsonl,1465
P2 / V_BOTH_REL,loaded_raw_to_original,5,60,457527708,7625.4618,deliverables/prepaper_evidence_closeout_v1/timing/batches.jsonl,1466
P2 / V_BOTH_REL,loaded_raw_to_original,6,60,455284792,7588.079866666666,deliverables/prepaper_evidence_closeout_v1/timing/batches.jsonl,1467
P2 / V_BOTH_REL,loaded_raw_to_original,7,60,457268208,7621.1368,deliverables/prepaper_evidence_closeout_v1/timing/batches.jsonl,1468
P2 / V_BOTH_REL,loaded_raw_to_original,8,60,456810791,7613.5131833333335,deliverables/prepaper_evidence_closeout_v1/timing/batches.jsonl,1469
P2 / V_BOTH_REL,loaded_raw_to_original,9,60,457560334,7626.005566666667,deliverables/prepaper_evidence_closeout_v1/timing/batches.jsonl,1470
P2 / V_BOTH_REL,loaded_raw_to_cached,0,60,459780250,7663.004166666667,deliverables/prepaper_evidence_closeout_v1/timing/batches.jsonl,1471
P2 / V_BOTH_REL,loaded_raw_to_cached,1,60,478372667,7972.877783333333,deliverables/prepaper_evidence_closeout_v1/timing/batches.jsonl,1472
P2 / V_BOTH_REL,loaded_raw_to_cached,2,60,455761500,7596.025,deliverables/prepaper_evidence_closeout_v1/timing/batches.jsonl,1473
P2 / V_BOTH_REL,loaded_raw_to_cached,3,60,457163417,7619.390283333333,deliverables/prepaper_evidence_closeout_v1/timing/batches.jsonl,1474
P2 / V_BOTH_REL,loaded_raw_to_cached,4,60,456660667,7611.011116666667,deliverables/prepaper_evidence_closeout_v1/timing/batches.jsonl,1475
P2 / V_BOTH_REL,loaded_raw_to_cached,5,60,458316542,7638.609033333333,deliverables/prepaper_evidence_closeout_v1/timing/batches.jsonl,1476
P2 / V_BOTH_REL,loaded_raw_to_cached,6,60,458237875,7637.297916666667,deliverables/prepaper_evidence_closeout_v1/timing/batches.jsonl,1477
P2 / V_BOTH_REL,loaded_raw_to_cached,7,60,458154458,7635.907633333334,deliverables/prepaper_evidence_closeout_v1/timing/batches.jsonl,1478
P2 / V_BOTH_REL,loaded_raw_to_cached,8,60,457752208,7629.203466666667,deliverables/prepaper_evidence_closeout_v1/timing/batches.jsonl,1479
P2 / V_BOTH_REL,loaded_raw_to_cached,9,60,459297417,7654.95695,deliverables/prepaper_evidence_closeout_v1/timing/batches.jsonl,1480
